g,label,boss,day,play_min,wall_hours,attempts,fails,clear_s,stall_min,hero_level,upg_hp,upg_atk,upg_def,upg_spd,skill1,skill2,skill3,sword,helm,armor,boots,pulls,gold,earned_total,spent_total
1,1-1,0,1,0.4,8.01,1,0,23.93,0.4,1,0,0,0,0,0,0,0,-,-,-,-,0,100,100,0
2,1-2,0,1,0.83,8.01,1,0,24,0.4,2,1,0,0,0,0,0,0,-,-,-,-,0,108,208,100
3,1-3,0,1,1.27,8.02,1,0,24,0.4,3,1,0,0,0,0,0,0,-,-,-,-,0,224.64,324.64,100
4,1-4,0,1,1.68,8.03,1,0,22.9,0.38,4,2,0,0,0,0,0,0,-,-,-,-,0,238.61,450.61,212
5,1-5,0,1,2.12,8.04,1,0,23.93,0.4,5,3,0,0,0,0,0,0,-,-,-,-,0,249.22,586.66,337.44
6,1-6,0,1,2.5,8.04,1,0,21.13,0.35,5,4,0,0,0,0,0,0,-,-,-,-,0,255.66,733.59,477.93
7,1-7,0,1,2.89,8.05,1,0,21.13,0.35,6,4,1,0,0,0,0,0,-,-,-,-,0,264.35,892.28,627.93
8,1-8,0,1,3.27,8.05,1,0,21.13,0.35,7,5,1,0,0,0,0,0,-,-,-,-,0,278.38,1063.66,785.28
9,1-9,0,1,3.64,8.06,1,0,19.8,0.33,8,5,2,0,0,0,0,0,-,-,-,-,0,295.47,1248.76,953.28
10,1-10,1,1,4.09,8.07,1,0,24.87,0.41,8,6,2,0,0,0,0,0,-,-,-,-,0,1118.74,2248.26,1129.52
11,2-1,0,1,4.37,8.07,1,0,15.03,0.25,9,7,4,0,0,0,0,0,-,-,C,-,1,238.35,2464.15,2225.8
12,2-2,0,1,4.65,8.08,1,0,15.03,0.25,10,8,4,0,0,0,0,0,-,-,C,-,1,250.45,2697.31,2446.87
13,2-3,0,1,4.94,8.08,1,0,15.03,0.25,11,8,5,0,0,0,0,0,-,-,C,-,1,266.24,2949.13,2682.9
14,2-4,0,1,5.22,8.09,1,0,15.03,0.25,12,9,5,0,0,0,0,0,-,-,C,-,1,290.6,3221.09,2930.49
15,2-5,0,1,5.51,8.09,1,0,15.03,0.25,13,9,6,0,0,0,0,0,-,-,C,-,1,319.97,3514.81,3194.84
16,2-6,0,1,5.79,8.1,1,0,15.03,0.25,14,10,6,0,0,0,0,0,-,-,C,-,1,359.88,3832.03,3472.15
17,2-7,0,1,6.08,8.1,1,0,15.03,0.25,14,10,7,0,0,0,0,0,-,-,C,-,1,406.4,4174.62,3768.23
18,2-8,0,1,6.36,8.11,1,0,15.03,0.25,15,11,7,0,0,0,0,0,-,-,C,-,1,465.82,4544.63,4078.81
19,2-9,0,1,6.64,8.11,1,0,14.67,0.24,16,11,8,0,0,0,0,0,-,-,C,-,1,533.82,4944.23,4410.41
20,2-10,1,1,6.95,8.12,1,0,16.57,0.28,17,12,8,0,0,0,0,0,-,-,C,-,1,2343.81,7102.08,4758.27
21,3-1,0,1,7.18,8.12,1,0,11.53,0.19,17,14,11,0,0,0,0,0,-,-,C,-,1,730.73,7568.17,6837.45
22,3-2,0,1,7.4,8.12,1,0,11.53,0.19,18,15,11,0,0,0,0,0,-,-,C,-,1,745.4,8071.56,7326.16
23,3-3,0,1,7.63,8.13,1,0,11.53,0.19,19,15,12,0,0,0,0,0,-,-,C,-,1,767.27,8615.21,7847.94
24,3-4,0,1,7.85,8.13,1,0,11.53,0.19,20,16,12,0,0,0,0,0,-,-,C,-,1,807.06,9202.36,8395.3
25,3-5,0,1,8.19,12.5,2,0,11.33,0.3,21,26,22,0,0,2,0,0,R,R,R,R,11,748.54,34957.32,34208.78
26,3-6,0,1,8.41,12.51,1,0,11.33,0.19,22,26,22,0,0,2,0,0,R,R,R,R,11,1433.38,35642.16,34208.78
27,3-7,0,1,8.63,12.51,1,0,11.33,0.19,23,26,22,0,0,2,0,0,R,R,R,R,11,2173.02,36381.8,34208.78
28,3-8,0,1,8.86,12.51,1,0,11.33,0.19,24,26,23,0,0,2,0,0,R,R,R,R,11,1156.78,37180.61,36023.83
29,3-9,0,1,9.08,12.52,1,0,11.33,0.19,25,26,23,0,0,2,0,0,R,R,R,R,11,2019.49,38043.32,36023.83
30,3-10,1,1,9.19,12.52,1,0,4.5,0.08,25,27,23,0,0,2,0,0,R,R,R,R,11,4774.12,42701.95,37927.83
31,4-1,0,1,9.41,12.52,1,0,11.33,0.19,26,28,24,0,0,3,0,0,E,R,E,R,21,2220.04,44658.22,42438.17
32,4-2,0,1,9.63,12.53,1,0,11.33,0.19,27,28,24,0,0,3,0,0,E,R,E,R,21,3306.81,45744.99,42438.17
33,4-3,0,1,9.86,12.53,1,0,11.33,0.19,28,28,25,0,0,3,0,0,E,R,E,R,21,2203.73,46918.69,44714.97
34,4-4,0,1,10.08,12.53,1,0,11.33,0.19,29,28,25,0,0,3,0,0,E,R,E,R,21,3471.33,48186.3,44714.97
35,4-5,0,1,10.3,12.54,1,0,11.33,0.19,29,29,25,0,0,4,0,0,E,R,E,R,21,2055.21,49555.31,47500.11
36,4-6,0,1,10.53,12.54,1,0,11.33,0.19,30,29,25,0,0,4,0,0,E,R,E,R,21,3533.74,51033.85,47500.11
37,4-7,0,1,10.75,12.55,1,0,11.33,0.19,31,29,26,0,0,4,0,0,E,R,E,R,21,2580.55,52630.66,50050.12
38,4-8,0,1,10.97,12.55,1,0,11.33,0.19,32,29,26,0,0,4,0,0,E,R,E,R,21,4305.11,54355.23,50050.12
39,4-9,0,1,11.19,12.55,1,0,11.33,0.19,33,30,26,0,1,4,0,0,E,R,E,R,21,3292.65,56217.75,52925.11
40,4-10,1,1,11.3,12.56,1,0,4.5,0.08,33,30,27,0,1,4,0,0,E,R,E,R,21,10494.28,66275.4,55781.12
41,5-1,0,1,11.52,12.56,1,0,11.23,0.19,34,32,28,0,2,5,0,0,E,R,E,R,21,2436.24,68447.86,66011.62
42,5-2,0,1,11.75,12.56,1,0,11.23,0.19,35,32,28,0,2,6,0,0,E,R,E,R,21,4257.78,70794.1,66536.32
43,5-3,0,1,11.97,12.57,1,0,11.23,0.19,36,32,29,0,3,6,0,0,E,R,E,R,21,2958.27,73328.05,70369.78
44,5-4,0,1,12.19,12.57,1,0,11.23,0.19,37,32,29,0,3,6,0,0,E,R,E,R,21,5694.94,76064.72,70369.78
45,5-5,0,1,12.41,12.57,1,0,11.23,0.19,38,33,29,0,3,6,0,0,E,R,E,R,21,4892.36,79020.31,74127.95
46,5-6,0,1,12.63,12.58,1,0,11.23,0.19,39,33,30,0,3,7,0,0,E,R,E,R,21,3468.51,82212.36,78743.85
47,5-7,0,1,12.85,12.58,1,0,11.23,0.19,39,33,30,0,3,7,0,0,E,R,E,R,21,6915.92,85659.77,78743.85
48,5-8,0,1,13.18,18.5,2,0,10.73,0.29,41,44,40,0,12,10,7,3,E,E,E,E,71,13639.22,293343.43,279704.21
49,5-9,0,1,13.39,18.51,1,0,10.73,0.18,41,44,40,0,12,10,7,3,E,E,E,E,71,17660.28,297364.49,279704.21
50,5-10,1,1,13.5,18.51,1,0,4.5,0.08,42,44,41,0,12,10,7,3,E,E,E,E,80,21966.34,320128.2,298161.86
51,6-1,0,1,13.71,18.51,1,0,10.63,0.18,43,44,41,0,13,10,7,3,L,L,E,E,120,13677.31,330618.36,316941.06
52,6-2,0,1,13.92,18.52,1,0,10.63,0.18,44,44,41,0,13,10,7,3,L,L,E,E,120,18742.68,335683.74,316941.06
53,6-3,0,1,14.13,18.52,1,0,10.63,0.18,45,45,41,0,13,10,8,4,L,L,E,E,120,7357,341154.34,333797.34
54,6-4,0,1,14.35,18.52,1,0,10.63,0.18,45,45,41,0,13,10,8,4,L,L,E,E,120,13265.26,347062.59,333797.34
55,6-5,0,1,14.56,18.53,1,0,10.63,0.18,46,45,41,0,13,10,8,4,L,L,E,E,120,19646.17,353443.5,333797.34
56,6-6,0,1,14.77,18.53,1,0,10.63,0.18,47,45,42,0,14,10,8,4,L,L,E,E,120,10032.29,360334.89,350302.6
57,6-7,0,1,14.98,18.53,1,0,10.63,0.18,48,45,42,0,14,10,8,4,L,L,E,E,120,17474.99,367777.59,350302.6
58,6-8,0,1,15.19,18.54,1,0,10.63,0.18,49,46,42,0,14,10,8,4,L,L,E,E,120,9114.34,375815.7,366701.36
59,6-9,0,1,15.4,18.54,1,0,10.63,0.18,50,46,42,0,14,10,8,5,L,L,E,E,120,16578.8,384496.86,367918.06
60,6-10,1,1,15.51,18.54,1,0,4.5,0.08,50,46,42,0,14,10,8,5,L,L,E,E,120,63457.07,431375.13,367918.06
61,7-1,0,1,15.72,18.55,1,0,10.63,0.18,51,47,44,0,15,10,9,6,L,L,E,E,120,14391.57,441500.84,427109.26
62,7-2,0,1,15.93,18.55,1,0,10.63,0.18,52,47,44,0,15,10,9,6,L,L,E,E,120,25327.33,452436.6,427109.26
63,7-3,0,1,16.14,18.55,1,0,10.53,0.18,53,48,44,0,16,10,10,6,L,L,E,E,120,13943.13,464247.22,450304.09
64,7-4,0,1,16.35,18.56,1,0,10.53,0.18,54,48,44,0,16,10,10,6,L,L,E,E,120,26698.6,477002.7,450304.09
65,7-5,0,1,16.56,18.56,1,0,10.53,0.18,55,48,45,0,16,10,10,6,L,L,E,E,120,18511.89,490778.61,472266.72
66,7-6,0,1,16.77,18.56,1,0,10.53,0.18,55,48,45,0,16,10,10,6,L,L,E,E,120,33389.87,505656.59,472266.72
67,7-7,0,1,16.98,18.57,1,0,10.53,0.18,56,49,45,0,17,10,10,7,L,L,E,E,120,23583.85,521724.82,498140.96
68,7-8,0,1,17.19,18.57,1,0,10.53,0.18,57,49,45,0,17,10,10,7,L,L,E,E,120,40937.54,539078.5,498140.96
69,7-9,0,1,17.4,18.57,1,0,10.53,0.18,58,49,46,0,17,10,10,7,L,L,E,E,120,35081.37,557820.47,522739.1
70,7-10,1,1,17.51,18.58,1,0,4.5,0.08,59,50,46,0,17,10,10,7,L,L,E,E,158,101584.27,667627.14,566042.87
71,8-1,0,1,17.71,18.58,1,0,10.37,0.17,59,51,47,0,18,10,10,8,L,L,E,L,393,22321.12,750037.78,727716.66
72,8-2,0,1,17.92,18.58,1,0,10.37,0.17,60,51,47,0,19,10,10,8,L,L,L,L,433,37342.62,784597.28,747254.66
73,8-3,0,1,18.17,22,2,0,10.17,0.22,61,59,55,0,26,10,10,10,L,L,L,L,433,47320.33,1594166.75,1546846.42
74,8-4,0,1,18.37,22.01,1,0,10.17,0.17,62,59,55,0,26,10,10,10,L,L,L,L,433,74858.44,1621704.86,1546846.42
75,8-5,0,1,18.58,22.01,1,0,10.17,0.17,63,59,55,0,26,10,10,10,L,L,L,L,433,104599.6,1651446.02,1546846.42
76,8-6,0,1,18.78,22.01,1,0,10.17,0.17,64,59,56,0,27,10,10,10,L,L,L,L,433,56513.95,1683566.48,1627052.52
77,8-7,0,1,18.98,22.02,1,0,10.17,0.17,65,59,56,0,27,10,10,10,L,L,L,L,433,91204.04,1718256.56,1627052.52
78,8-8,0,1,19.19,22.02,1,0,10.17,0.17,66,60,56,0,27,10,10,10,L,L,L,L,433,48526.75,1755721.86,1707195.11
79,8-9,0,1,19.39,22.02,1,0,10.17,0.17,66,60,56,0,27,10,10,10,L,L,L,L,433,88989.27,1796184.38,1707195.11
80,8-10,1,1,19.5,22.02,1,0,4.5,0.08,67,60,57,0,27,10,10,10,L,L,L,L,433,221921.02,2014681.99,1792760.97
81,9-1,0,1,19.7,22.03,1,0,10.17,0.17,68,61,58,0,29,10,10,10,L,L,L,L,433,74481.3,2061877.47,1987396.18
82,9-2,0,1,19.91,22.03,1,0,10.17,0.17,69,61,58,0,29,10,10,10,L,L,L,L,433,125452.42,2112848.59,1987396.18
83,9-3,0,1,20.11,22.04,1,0,10.17,0.17,70,62,58,0,29,10,10,10,L,L,L,L,433,79970.37,2167897.41,2087927.03
84,9-4,0,1,20.31,22.04,1,0,10.17,0.17,70,62,58,0,29,10,10,10,L,L,L,L,433,139423.09,2227350.12,2087927.03
85,9-5,0,1,20.52,22.04,1,0,10.17,0.17,71,62,59,0,30,10,10,10,L,L,L,L,433,90948.22,2291559.06,2200610.84
86,9-6,0,1,20.72,22.05,1,0,10.17,0.17,72,62,59,0,30,10,10,10,L,L,L,L,433,160293.87,2360904.71,2200610.84
87,9-7,0,1,20.92,22.05,1,0,10.17,0.17,73,63,59,0,30,10,10,10,L,L,L,L,433,122592.61,2435798.01,2313205.4
88,9-8,0,1,21.13,22.05,1,0,10.17,0.17,74,63,60,0,30,10,10,10,L,L,L,L,433,83263.5,2516682.77,2433419.27
89,9-9,0,1,21.33,22.06,1,0,10.07,0.17,75,63,60,0,31,10,10,10,L,L,L,L,433,164627.06,2604038.32,2439411.26
90,9-10,1,1,21.44,22.06,1,0,4.5,0.08,75,64,60,0,31,10,10,10,L,L,L,L,433,510241.1,3075758.27,2565517.16
91,10-1,0,1,21.64,22.06,1,0,10.07,0.17,76,65,62,0,33,10,10,10,L,L,L,L,433,171230.81,3177649.78,3006418.97
92,10-2,0,1,21.84,22.06,1,0,10.07,0.17,77,66,62,0,33,10,10,10,L,L,L,L,433,123086.39,3287692.61,3164606.22
93,10-3,0,1,22.04,22.07,1,0,10.07,0.17,78,66,62,0,33,10,10,10,L,L,L,L,433,241932.64,3406538.86,3164606.22
94,10-4,0,1,22.24,22.07,1,0,10.07,0.17,79,66,63,0,33,10,10,10,L,L,L,L,433,201394.76,3534892.82,3333498.06
95,10-5,0,1,22.44,22.07,1,0,10.07,0.17,80,67,63,0,34,10,10,10,L,L,L,L,433,154429.01,3673515.09,3519086.08
96,10-6,0,1,22.65,22.08,1,0,10.07,0.17,81,67,63,0,34,10,10,10,L,L,L,L,433,304141.06,3823227.15,3519086.08
97,10-7,0,1,22.85,22.08,1,0,10.07,0.17,81,67,64,0,34,10,10,10,L,L,L,L,433,276671.22,3984916.17,3708244.94
98,10-8,0,1,23.05,22.08,1,0,10.07,0.17,82,68,64,0,35,10,10,10,L,L,L,L,433,156124.7,4072228.24,3916103.53
99,10-9,0,1,23.25,22.09,1,0,10.07,0.17,83,68,64,0,35,10,10,10,L,L,L,L,433,250421.74,4166525.27,3916103.53
100,10-10,1,1,23.36,22.09,1,0,4.5,0.08,84,68,65,0,35,10,10,10,L,L,L,L,433,547767.81,4675729.27,4127961.46
101,11-1,0,1,23.56,22.09,1,0,9.97,0.17,85,69,66,0,36,10,10,10,L,L,L,L,443,193223.38,4791267.33,4598043.95
102,11-2,0,1,23.76,22.1,1,0,9.97,0.17,86,69,66,0,36,10,10,10,L,L,L,L,443,312010.49,4910054.44,4598043.95
103,11-3,0,1,23.96,22.1,1,0,9.97,0.17,86,70,66,0,37,10,10,10,L,L,L,L,443,179562.75,5038344.51,4858781.76
104,11-4,0,1,24.16,22.1,1,0,9.97,0.17,87,70,66,0,37,10,10,10,L,L,L,L,443,318116.03,5176897.8,4858781.76
105,11-5,0,1,24.36,22.11,1,0,9.97,0.17,88,70,67,0,37,10,10,10,L,L,L,L,443,201999,5326535.34,5124536.34
106,11-6,0,1,24.56,22.11,1,0,9.97,0.17,89,70,67,0,37,10,10,10,L,L,L,L,443,363607.55,5488143.89,5124536.34
107,11-7,0,1,24.76,22.11,1,0,9.97,0.17,90,71,67,0,38,10,10,10,L,L,L,L,443,246118.43,5662681.12,5416562.69
108,11-8,0,1,24.96,22.12,1,0,9.97,0.17,91,71,67,0,38,10,10,10,L,L,L,L,443,434618.64,5851181.33,5416562.69
109,11-9,0,1,25.16,22.12,1,0,9.97,0.17,92,71,68,0,38,10,10,10,L,L,L,L,443,340553.74,6054761.56,5714207.82
110,11-10,1,1,25.27,22.12,1,0,4.5,0.08,92,72,68,0,39,10,10,10,L,L,L,L,443,1112817.46,7154094.79,6041277.33
111,12-1,0,1,25.47,22.12,1,0,9.97,0.17,93,73,70,0,40,10,10,10,L,L,L,L,443,277226.99,7391550.77,7114323.78
112,12-2,0,1,25.67,22.13,1,0,9.97,0.17,94,73,70,0,40,10,10,10,L,L,L,L,443,533679.45,7648003.23,7114323.78
113,12-3,0,1,25.87,22.13,1,0,9.97,0.17,95,74,70,0,41,10,10,10,L,L,L,L,443,400372.11,7924971.88,7524599.78
114,12-4,0,1,26.07,22.13,1,0,9.97,0.17,96,74,70,0,41,10,10,10,L,L,L,L,443,699498.25,8224098.03,7524599.78
115,12-5,0,1,26.27,22.14,1,0,9.97,0.17,97,74,71,0,41,10,10,10,L,L,L,L,443,604384.51,8547154.26,7942769.75
116,12-6,0,1,26.47,22.14,1,0,9.97,0.17,97,75,71,0,42,10,10,10,L,L,L,L,443,493776.13,8896055,8402278.87
117,12-7,0,1,26.67,22.14,1,0,9.97,0.17,98,75,72,0,42,10,10,10,L,L,L,L,443,402238.56,9272867.79,8870629.24
118,12-8,0,1,26.87,22.15,1,0,9.97,0.17,99,75,72,0,42,10,10,10,L,L,L,L,443,809196.37,9679825.61,8870629.24
119,12-9,0,1,27.07,22.15,1,0,9.97,0.17,100,76,72,0,42,10,10,10,L,L,L,L,443,757405.23,10119340.06,9361934.82
120,12-10,1,1,27.18,22.15,1,0,4.5,0.08,101,76,73,0,43,10,10,10,L,L,L,L,443,2582886.19,12492718.05,9909831.87
121,13-1,0,1,27.38,22.16,1,0,9.87,0.16,101,78,75,0,45,10,10,10,L,L,L,L,443,628053.12,13005367.7,12377314.58
122,13-2,0,1,27.57,22.16,1,0,9.87,0.16,102,78,75,0,45,10,10,10,L,L,L,L,443,1181714.73,13559029.32,12377314.58
123,13-3,0,1,27.77,22.16,1,0,9.87,0.16,103,79,75,0,45,10,10,10,L,L,L,L,443,1089420.31,14156983.87,13067563.56
124,13-4,0,1,27.97,22.17,1,0,9.87,0.16,104,79,76,0,46,10,10,10,L,L,L,L,443,965455.33,14802774.78,13837319.45
125,13-5,0,1,28.17,22.17,1,0,9.87,0.16,105,80,76,0,46,10,10,10,L,L,L,L,443,889830.66,15500228.96,14610398.3
126,13-6,0,1,28.37,22.17,1,0,9.87,0.16,106,80,77,0,47,10,10,10,L,L,L,L,443,780954.58,16253479.48,15472524.91
127,13-7,0,1,28.57,22.18,1,0,9.87,0.16,107,80,77,0,47,10,10,10,L,L,L,L,443,1594465.14,17066990.05,15472524.91
128,13-8,0,1,28.76,22.18,1,0,9.87,0.16,108,81,77,0,47,10,10,10,L,L,L,L,443,1607208.24,17945581.45,16338373.22
129,13-9,0,1,28.96,22.18,1,0,9.87,0.16,108,81,78,0,48,10,10,10,L,L,L,L,443,1590505.16,18894460.17,17303955.01
130,13-10,1,1,29.07,22.18,1,0,4.5,0.08,109,82,78,0,48,10,10,10,L,L,L,L,443,5744700.14,24018405.26,18273705.12
131,14-1,0,1,29.27,22.19,1,0,9.87,0.16,110,84,80,0,50,10,10,10,L,L,L,L,453,2257320.2,25126277.39,22868957.19
132,14-2,0,1,29.47,22.19,1,0,9.87,0.16,111,84,81,0,50,10,10,10,L,L,L,L,453,2153861.64,26321591.3,24167729.66
133,14-3,0,1,29.67,22.19,1,0,9.8,0.16,112,85,81,0,51,10,10,10,L,L,L,L,453,2024571.15,27612530.32,25587959.18
134,14-4,0,1,29.86,22.2,1,0,9.8,0.16,112,85,82,0,51,10,10,10,L,L,L,L,453,1964160.13,29006744.47,27042584.34
135,14-5,0,2,30.16,32,2,0,9.7,0.27,114,102,99,0,68,10,10,10,L,L,L,L,453,10199326.25,194639384.72,184440058.47
136,14-6,0,2,30.36,32.01,1,0,9.7,0.16,115,102,99,0,68,10,10,10,L,L,L,L,453,13451749,197891807.47,184440058.47
137,14-7,0,2,30.55,32.01,1,0,9.7,0.16,115,103,99,0,68,10,10,10,L,L,L,L,453,6487332.56,201404424.05,194917091.48
138,14-8,0,2,30.75,32.01,1,0,9.7,0.16,116,103,99,0,68,10,10,10,L,L,L,L,453,10280958.46,205198049.95,194917091.48
139,14-9,0,2,30.94,32.02,1,0,9.7,0.16,117,103,99,0,68,10,10,10,L,L,L,L,453,14378074.44,209295165.92,194917091.48
140,14-10,1,2,31.05,32.02,1,0,4.5,0.08,118,103,100,0,69,10,10,10,L,L,L,L,453,24871999.57,231419592.17,206547592.61
141,15-1,0,2,31.25,32.02,1,0,9.7,0.16,118,104,101,0,69,10,10,10,L,L,L,L,453,5388258.8,236198468.24,230810209.44
142,15-2,0,2,31.44,32.02,1,0,9.7,0.16,119,104,101,0,69,10,10,10,L,L,L,L,453,10549444.96,241359654.4,230810209.44
143,15-3,0,2,31.64,32.03,1,0,9.7,0.16,120,104,101,0,69,10,10,10,L,L,L,L,453,16123526.01,246933735.45,230810209.44
144,15-4,0,2,31.84,32.03,1,0,9.7,0.16,121,105,101,0,70,10,10,10,L,L,L,L,453,8503321.93,252953742.98,244450421.05
145,15-5,0,2,32.03,32.03,1,0,9.7,0.16,122,105,101,0,70,10,10,10,L,L,L,L,453,15004930.06,259455351.11,244450421.05
146,15-6,0,2,32.23,32.04,1,0,9.7,0.16,123,105,102,0,70,10,10,10,L,L,L,L,453,7994926.21,266477087.9,258482161.69
147,15-7,0,2,32.42,32.04,1,0,9.7,0.16,124,105,102,0,70,10,10,10,L,L,L,L,453,15578401.94,274060563.63,258482161.69
148,15-8,0,2,32.62,32.04,1,0,9.7,0.16,124,106,102,0,70,10,10,10,L,L,L,L,453,9049078.69,282250717.41,273201638.73
149,15-9,0,2,32.81,32.05,1,0,9.7,0.16,125,106,102,0,70,10,10,10,L,L,L,L,453,17894444.77,291096083.5,273201638.73
150,15-10,1,2,32.92,32.05,1,0,4.5,0.08,126,106,103,0,70,10,10,10,L,L,L,L,453,49943872.14,338861060.38,288917188.25
151,16-1,0,2,33.12,32.05,1,0,9.7,0.16,127,107,104,0,70,10,10,10,L,L,L,L,453,26173877.4,349178295.39,323004417.99
152,16-2,0,2,33.31,32.06,1,0,9.7,0.16,128,108,104,0,70,10,10,10,L,L,L,L,453,18852379.22,360320909.2,341468529.98
153,16-3,0,2,33.51,32.06,1,0,9.7,0.16,128,108,104,0,70,10,10,10,L,L,L,L,453,30886402.13,372354932.11,341468529.98
154,16-4,0,2,33.7,32.06,1,0,9.7,0.16,129,108,105,0,70,10,10,10,L,L,L,L,453,24169561.55,385351676.85,361182115.3
155,16-5,0,2,33.9,32.06,1,0,9.7,0.16,130,109,105,0,70,10,10,10,L,L,L,L,453,17526240.45,399388161.18,381861920.73
156,16-6,0,2,34.1,32.07,1,0,9.7,0.16,131,109,105,0,70,10,10,10,L,L,L,L,453,32685643.52,414547564.25,381861920.73
157,16-7,0,2,34.29,32.07,1,0,9.7,0.16,132,109,106,0,70,10,10,10,L,L,L,L,453,26978583.28,430919719.56,403941136.29
158,16-8,0,2,34.49,32.07,1,0,9.7,0.16,133,110,106,0,70,10,10,10,L,L,L,L,453,21499128.93,448601647.31,427102518.37
159,16-9,0,2,34.68,32.08,1,0,9.7,0.16,134,110,106,0,70,10,10,10,L,L,L,L,453,40595610.89,467698129.27,427102518.37
160,16-10,1,2,34.79,32.08,1,0,4.5,0.08,134,110,107,0,70,10,10,10,L,L,L,L,453,118987892.06,570819131.85,451831239.8
161,17-1,0,2,34.99,32.08,1,0,9.7,0.16,135,112,109,0,70,10,10,10,L,L,L,L,463,27553766.85,593095268.41,565541501.56
162,17-2,0,2,35.18,32.09,1,0,9.7,0.16,136,112,109,0,70,10,10,10,L,L,L,L,463,51609834.33,617151335.89,565541501.56
163,17-3,0,2,35.38,32.09,1,0,9.7,0.16,137,113,109,0,70,10,10,10,L,L,L,L,463,45050313,643131888.78,598081575.77
164,17-4,0,2,35.57,32.09,1,0,9.7,0.16,138,113,110,0,70,10,10,10,L,L,L,L,463,38367236.98,671190885.89,632823648.9
165,17-5,0,2,35.77,32.1,1,0,9.7,0.16,139,114,110,0,70,10,10,10,L,L,L,L,463,32226070.75,701494602.77,669268532.02
166,17-6,0,2,35.96,32.1,1,0,9.7,0.16,139,114,110,0,70,10,10,10,L,L,L,L,463,64954084.98,734222617,669268532.02
167,17-7,0,2,36.16,32.1,1,0,9.7,0.16,140,114,111,0,70,10,10,10,L,L,L,L,463,61389218.45,769568872.37,708179653.93
168,17-8,0,2,36.36,32.11,1,0,9.7,0.16,141,115,111,0,70,10,10,10,L,L,L,L,463,58744905.16,807742828.17,748997923.02
169,17-9,0,2,36.55,32.11,1,0,9.7,0.16,142,115,112,0,70,10,10,10,L,L,L,L,463,56392320.89,848970700.44,792578379.55
170,17-10,1,2,36.66,32.11,1,0,4.5,0.08,143,116,112,0,70,10,10,10,L,L,L,L,463,233306369.73,1071601210.66,838294840.93
171,18-1,0,2,36.86,32.11,1,0,9.7,0.16,144,118,114,0,70,10,10,10,L,L,L,L,463,69367958.05,1119689400.87,1050321442.83
172,18-2,0,2,37.05,32.12,1,0,9.7,0.16,144,118,115,0,70,10,10,10,L,L,L,L,463,60075799.84,1171624646.3,1111548846.46
173,18-3,0,2,37.25,32.12,1,0,9.7,0.16,145,118,115,0,70,10,10,10,L,L,L,L,463,116165864.9,1227714711.36,1111548846.46
174,18-4,0,2,37.44,32.12,1,0,9.7,0.16,146,119,115,0,70,10,10,10,L,L,L,L,463,112514798.5,1288291981.62,1175777183.12
175,18-5,0,2,37.64,32.13,1,0,9.7,0.16,147,119,116,0,70,10,10,10,L,L,L,L,463,109363558.32,1353715433.51,1244351875.19
176,18-6,0,2,37.83,32.13,1,0,9.7,0.16,148,120,116,0,70,10,10,10,L,L,L,L,463,108085149.3,1424372761.55,1316287612.25
177,18-7,0,2,38.16,36.5,2,0,9.7,0.3,149,130,127,0,70,10,10,10,L,L,L,L,463,183160269.42,4499662307.01,4316502037.59
178,18-8,0,2,38.36,36.51,1,0,9.7,0.16,150,130,127,0,70,10,10,10,L,L,L,L,463,265574976.85,4582077014.43,4316502037.59
179,18-9,0,2,38.55,36.51,1,0,9.7,0.16,151,131,127,0,70,10,10,10,L,L,L,L,463,104350803.21,4671084898.45,4566734095.24
180,18-10,1,2,38.66,36.51,1,0,4.5,0.08,151,131,127,0,70,10,10,10,L,L,L,L,463,584993376.89,5151727472.13,4566734095.24
181,19-1,0,2,38.86,36.51,1,0,9.7,0.16,152,132,128,0,70,10,10,10,L,L,L,L,463,141386914.23,5255546268.05,5114159353.82
182,19-2,0,2,39.05,36.52,1,0,9.7,0.16,153,132,128,0,70,10,10,10,L,L,L,L,463,253511213.82,5367670567.64,5114159353.82
183,19-3,0,2,39.25,36.52,1,0,9.7,0.16,154,132,128,0,70,10,10,10,L,L,L,L,463,374605457.37,5488764811.2,5114159353.82
184,19-4,0,2,39.44,36.52,1,0,9.7,0.16,155,132,129,0,70,10,10,10,L,L,L,L,463,206162043.92,5619546594.24,5413384550.32
185,19-5,0,2,39.64,36.53,1,0,9.7,0.16,156,132,129,0,70,10,10,10,L,L,L,L,463,347406369.61,5760790919.92,5413384550.32
186,19-6,0,2,39.84,36.53,1,0,9.7,0.16,157,133,129,0,70,10,10,10,L,L,L,L,463,186059148.22,5913334791.66,5727275643.44
187,19-7,0,2,40.03,36.53,1,0,9.7,0.16,157,133,129,0,70,10,10,10,L,L,L,L,463,350806529.7,6078082173.14,5727275643.44
188,19-8,0,2,40.23,36.54,1,0,9.7,0.16,158,133,130,0,70,10,10,10,L,L,L,L,463,193601481.63,6256009345.13,6062407863.51
189,19-9,0,2,40.42,36.54,1,0,9.7,0.16,159,133,130,0,70,10,10,10,L,L,L,L,463,385762827.38,6448170690.89,6062407863.51
190,19-10,1,2,40.53,36.54,1,0,4.5,0.08,160,134,130,0,70,10,10,10,L,L,L,L,463,1071876070.17,7485841957.97,6413965887.8
191,20-1,0,2,40.73,36.55,1,0,9.7,0.16,160,135,131,0,70,10,10,10,L,L,L,L,463,526919990.17,7709978951.66,7183058961.49
192,20-2,0,2,40.92,36.55,1,0,9.7,0.16,161,135,132,0,70,10,10,10,L,L,L,L,463,348598086.5,7952046904.85,7603448818.35
193,20-3,0,2,41.12,36.55,1,0,9.7,0.16,162,135,132,0,70,10,10,10,L,L,L,L,463,610031475.94,8213480294.28,7603448818.35
194,20-4,0,2,41.31,36.56,1,0,9.7,0.16,163,136,132,0,70,10,10,10,L,L,L,L,463,451385150.86,8495828354.88,8044443204.02
195,20-5,0,2,41.51,36.56,1,0,9.7,0.16,164,136,132,0,70,10,10,10,L,L,L,L,463,756321056.3,8800764260.32,8044443204.02
196,20-6,0,2,41.7,36.56,1,0,9.7,0.16,165,136,133,0,70,10,10,10,L,L,L,L,463,614815194.5,9130095038.2,8515279843.7
197,20-7,0,2,41.9,36.56,1,0,9.7,0.16,166,137,133,0,70,10,10,10,L,L,L,L,463,476578722.65,9485772278.31,9009193555.66
198,20-8,0,2,42.1,36.57,1,0,9.7,0.16,167,137,133,0,70,10,10,10,L,L,L,L,463,860710141.97,9869903697.62,9009193555.66
199,20-9,0,2,42.29,36.57,1,0,9.7,0.16,167,137,134,0,70,10,10,10,L,L,L,L,463,748235038.39,10284765630.49,9536530592.1
200,20-10,1,2,42.4,36.57,1,0,4.5,0.08,168,138,134,0,70,10,10,10,L,L,L,L,463,2435306118.45,12525020067.94,10089713949.49
201,21-1,0,2,42.6,36.58,1,0,9.7,0.16,169,139,136,0,70,10,10,10,L,L,L,L,473,1047528207.34,13008916576.43,11961388369.09
202,21-2,0,2,42.79,36.58,1,0,9.7,0.16,170,140,136,0,70,10,10,10,L,L,L,L,473,876221559,13531523131.6,12655301572.6
203,21-3,0,2,42.99,36.58,1,0,9.7,0.16,171,140,137,0,70,10,10,10,L,L,L,L,473,699766070.65,14095938211.18,13396172140.53
204,21-4,0,2,43.36,42.51,1,0,9.7,0.16,172,151,147,0,70,10,10,10,L,L,L,L,473,1314963532.92,45325024564.5,44010061031.58
205,21-5,0,2,43.55,42.51,1,0,9.7,0.16,173,151,147,0,70,10,10,10,L,L,L,L,473,1973297281.74,45983358313.32,44010061031.58
206,21-6,0,2,43.75,42.51,1,0,9.7,0.16,174,151,147,0,70,10,10,10,L,L,L,L,473,2684297730.48,46694358762.05,44010061031.58
207,21-7,0,2,43.94,42.52,1,0,9.7,0.16,175,151,148,0,70,10,10,10,L,L,L,L,473,875022905.95,47462239246.68,46587216340.73
208,21-8,0,2,44.14,42.52,1,0,9.7,0.16,175,151,148,0,70,10,10,10,L,L,L,L,473,1704333829.35,48291550170.08,46587216340.73
209,21-9,0,2,44.34,42.52,1,0,9.7,0.16,176,151,148,0,70,10,10,10,L,L,L,L,473,2599989626.62,49187205967.36,46587216340.73
210,21-10,1,2,44.44,42.52,1,0,4.5,0.08,177,151,148,0,70,10,10,10,L,L,L,L,473,7436530931.89,54023747272.63,46587216340.73
211,22-1,0,2,44.64,42.53,1,0,9.7,0.16,178,152,149,0,70,10,10,10,L,L,L,L,473,2891340725.79,55068440194.56,52177099468.77
212,22-2,0,2,44.84,42.53,1,0,9.7,0.16,178,152,149,0,70,10,10,10,L,L,L,L,473,4019609081.48,56196708550.26,52177099468.77
213,22-3,0,2,45.03,42.53,1,0,9.7,0.16,179,153,149,0,70,10,10,10,L,L,L,L,473,2210253422.03,57415238374.41,55204984952.37
214,22-4,0,2,45.23,42.54,1,0,9.7,0.16,180,153,149,0,70,10,10,10,L,L,L,L,473,3526265632.11,58731250584.49,55204984952.37
215,22-5,0,2,45.42,42.54,1,0,9.7,0.16,181,153,150,0,70,10,10,10,L,L,L,L,473,1714775199.2,60152543771.37,58437768572.18
216,22-6,0,2,45.62,42.54,1,0,9.7,0.16,182,153,150,0,70,10,10,10,L,L,L,L,473,3249771841.03,61687540413.21,58437768572.18
217,22-7,0,2,45.81,42.55,1,0,9.7,0.16,183,153,150,0,70,10,10,10,L,L,L,L,473,4907568214.22,63345336786.4,58437768572.18
218,22-8,0,2,46.01,42.55,1,0,9.7,0.16,183,154,150,0,70,10,10,10,L,L,L,L,473,3306756555.63,65135756869.44,61829000313.81
219,22-9,0,2,46.2,42.55,1,0,9.7,0.16,184,154,150,0,70,10,10,10,L,L,L,L,473,5240410245.31,67069410559.12,61829000313.81
220,22-10,1,2,46.31,42.56,1,0,4.5,0.08,185,154,151,0,70,10,10,10,L,L,L,L,473,12061422515.42,77511140483.41,65449717967.99
221,23-1,0,2,46.51,42.56,1,0,9.7,0.16,186,155,152,0,70,10,10,10,L,L,L,L,473,6463452855.76,79766554147.06,73303101291.3
222,23-2,0,2,46.7,42.56,1,0,9.7,0.16,187,156,152,0,70,10,10,10,L,L,L,L,473,4645338515.79,82202400903.8,77557062388.01
223,23-3,0,2,46.9,42.56,1,0,9.7,0.16,187,156,153,0,70,10,10,10,L,L,L,L,473,2734224787.66,84833115401.08,82098890613.41
224,23-4,0,2,47.1,42.57,1,0,9.7,0.16,188,156,153,0,70,10,10,10,L,L,L,L,473,5575396444.72,87674287058.13,82098890613.41
225,23-5,0,2,47.29,42.57,1,0,9.7,0.16,189,157,153,0,70,10,10,10,L,L,L,L,473,3879425406.04,90742752447.76,86863327041.72
226,23-6,0,2,47.49,42.57,1,0,9.7,0.16,190,157,153,0,70,10,10,10,L,L,L,L,473,7193368026.83,94056695068.55,86863327041.72
227,23-7,0,2,47.68,42.58,1,0,9.7,0.16,191,157,154,0,70,10,10,10,L,L,L,L,473,5685578444.84,97635753099.01,91950174654.18
228,23-8,0,2,47.88,42.58,1,0,9.7,0.16,192,158,154,0,70,10,10,10,L,L,L,L,473,4214792318.02,101501135771.91,97286343453.88
229,23-9,0,2,48.16,46,2,0,9.7,0.25,193,165,162,0,70,10,10,10,L,L,L,L,473,6387029793.02,234045107625.47,227658077832.45
230,23-10,1,2,48.27,46,1,0,4.5,0.08,193,165,162,0,70,10,10,10,L,L,L,L,473,28929941541.34,256588019373.79,227658077832.45
231,24-1,0,2,48.47,46.01,1,0,9.7,0.16,194,166,163,0,70,10,10,10,L,L,L,L,483,6480826421.93,261457290761.43,254976464339.49
232,24-2,0,2,48.66,46.01,1,0,9.7,0.16,195,166,163,0,70,10,10,10,L,L,L,L,483,11739636874.58,266716101214.08,254976464339.49
233,24-3,0,2,48.86,46.01,1,0,9.7,0.16,196,166,163,0,70,10,10,10,L,L,L,L,483,17419152163.44,272395616502.94,254976464339.49
234,24-4,0,2,49.05,46.02,1,0,9.7,0.16,197,167,163,0,70,10,10,10,L,L,L,L,483,8755412330.77,278529493014.91,269774080684.13
235,24-5,0,2,49.25,46.02,1,0,9.7,0.16,198,167,163,0,70,10,10,10,L,L,L,L,483,15379998963.7,285154079647.83,269774080684.13
236,24-6,0,2,49.44,46.02,1,0,9.7,0.16,199,167,163,0,70,10,10,10,L,L,L,L,483,22534552527.26,292308633211.39,269774080684.13
237,24-7,0,2,49.64,46.03,1,0,9.7,0.16,199,167,164,0,70,10,10,10,L,L,L,L,483,14462493832.65,300035551060.04,285573057227.38
238,24-8,0,2,49.84,46.03,1,0,9.7,0.16,200,167,164,0,70,10,10,10,L,L,L,L,483,22807565109.19,308380622336.58,285573057227.38
239,24-9,0,2,50.03,46.03,1,0,9.7,0.16,201,168,164,0,70,10,10,10,L,L,L,L,483,15246911781.86,317393299315.24,302146387533.38
240,24-10,1,2,50.14,46.04,1,0,4.5,0.08,202,168,164,0,70,10,10,10,L,L,L,L,483,63915367466.62,366061755000,302146387533.38
241,25-1,0,2,50.34,46.04,1,0,9.7,0.16,202,169,166,0,70,10,10,10,L,L,L,L,483,18352534047.52,376574141427.91,358221607380.39
242,25-2,0,2,50.53,46.04,1,0,9.7,0.16,203,169,166,0,70,10,10,10,L,L,L,L,483,29705911389.66,387927518770.06,358221607380.39
243,25-3,0,2,50.73,46.05,1,0,9.7,0.16,204,170,166,0,70,10,10,10,L,L,L,L,483,21177973383.33,400189166299.57,379011192916.24
244,25-4,0,2,50.92,46.05,1,0,9.7,0.16,205,170,166,0,70,10,10,10,L,L,L,L,483,34420552715.21,413431745631.44,379011192916.24
245,25-5,0,2,51.12,46.05,1,0,9.7,0.16,206,170,167,0,70,10,10,10,L,L,L,L,483,26526113876.68,427733731309.87,401207617433.19
246,25-6,0,2,51.31,46.06,1,0,9.7,0.16,207,171,167,0,70,10,10,10,L,L,L,L,483,18687922609.23,443179875842.57,424491953233.34
247,25-7,0,2,51.51,46.06,1,0,9.7,0.16,208,171,167,0,70,10,10,10,L,L,L,L,483,35369758704.55,459861711937.88,424491953233.34
248,25-8,0,2,51.7,46.06,1,0,9.7,0.16,209,171,168,0,70,10,10,10,L,L,L,L,483,28526146228.49,477878094920.82,449351948692.33
249,25-9,0,2,51.9,46.06,1,0,9.7,0.16,209,172,168,0,70,10,10,10,L,L,L,L,483,21905383753.91,497335788542.4,475430404788.49
250,25-10,1,2,52.01,46.07,1,0,4.5,0.08,210,172,168,0,70,10,10,10,L,L,L,L,483,126976929310.42,602407334098.9,475430404788.49
251,26-1,0,2,52.2,46.07,1,0,9.7,0.16,211,174,170,0,70,10,10,10,L,L,L,L,483,28724123778.06,625102787939.11,596378664161.05
252,26-2,0,2,52.4,46.07,1,0,9.7,0.16,212,174,170,0,70,10,10,10,L,L,L,L,483,53235213925.49,649613878086.53,596378664161.05
253,26-3,0,2,52.6,46.08,1,0,9.7,0.16,213,174,171,0,70,10,10,10,L,L,L,L,483,44780687584.49,676085855445.75,631305167861.26
254,26-4,0,2,52.79,46.08,1,0,9.7,0.16,213,175,171,0,70,10,10,10,L,L,L,L,483,36732069966.18,704675590993.7,667943521027.52
255,26-5,0,2,52.99,46.08,1,0,9.7,0.16,214,175,171,0,70,10,10,10,L,L,L,L,483,67608984357.96,735552505385.49,667943521027.52
256,26-6,0,2,53.18,46.09,1,0,9.7,0.16,215,175,172,0,70,10,10,10,L,L,L,L,483,45164833985.29,752226039157.06,707061205171.76
257,26-7,0,2,53.38,46.09,1,0,9.7,0.16,216,176,172,0,70,10,10,10,L,L,L,L,483,22137294912.37,770233455630.35,748096160717.98
258,26-8,0,2,53.57,46.09,1,0,9.7,0.16,217,176,172,0,70,10,10,10,L,L,L,L,483,41585304703.52,789681465421.5,748096160717.98
259,26-9,0,2,53.77,46.1,1,0,9.7,0.16,218,176,172,0,70,10,10,10,L,L,L,L,483,62589155277.97,810685315995.95,748096160717.98
260,26-10,1,2,53.88,46.1,1,0,4.5,0.08,218,176,173,0,70,10,10,10,L,L,L,L,483,132198142138.43,924106109097.96,791907966959.53
261,27-1,0,2,54.07,46.1,1,0,9.7,0.16,219,177,174,0,70,10,10,10,L,L,L,L,493,61668661346.17,948605001508,886936340161.82
262,27-2,0,2,54.27,46.1,1,0,9.7,0.16,220,178,174,0,70,10,10,10,L,L,L,L,493,36653215723.84,975063804122.84,938410588399
263,27-3,0,2,54.46,46.11,1,0,9.7,0.16,221,178,174,0,70,10,10,10,L,L,L,L,493,65228722547.86,1003639310946.86,938410588399
264,27-4,0,2,54.66,46.11,1,0,9.7,0.16,222,178,175,0,70,10,10,10,L,L,L,L,493,41132740168.41,1034500858316.81,993368118148.4
265,27-5,0,2,54.86,46.11,1,0,9.7,0.16,223,178,175,0,70,10,10,10,L,L,L,L,493,74463211327.95,1067831329476.35,993368118148.4
266,27-6,0,2,55.05,46.12,1,0,9.7,0.16,224,179,175,0,70,10,10,10,L,L,L,L,493,52808962154.62,1103828238328.66,1051019276174.03
267,27-7,0,2,55.25,46.12,1,0,9.7,0.16,224,179,175,0,70,10,10,10,L,L,L,L,493,91685623715.11,1142704899889.15,1051019276174.03
268,27-8,0,2,55.44,46.12,1,0,9.7,0.16,225,179,176,0,70,10,10,10,L,L,L,L,493,72119984881.12,1184691694374.48,1112571709493.36
269,27-9,0,2,55.64,46.13,1,0,9.7,0.16,226,180,176,0,70,10,10,10,L,L,L,L,493,52896425936.56,1230037432418.63,1177141006482.07
270,27-10,1,2,55.75,46.13,1,0,4.5,0.08,227,180,176,0,70,10,10,10,L,L,L,L,493,297763411375.01,1474904417857.07,1177141006482.07
271,28-1,0,2,55.94,46.13,1,0,9.7,0.16,228,181,178,0,70,10,10,10,L,L,L,L,493,132186969928.95,1527795686711.78,1395608716782.83
272,28-2,0,2,56.14,46.14,1,0,9.7,0.16,228,182,178,0,70,10,10,10,L,L,L,L,493,108313814149.39,1584918257074.86,1476604442925.47
273,28-3,0,2,56.33,46.14,1,0,9.7,0.16,229,182,179,0,70,10,10,10,L,L,L,L,493,83529453103.06,1646610633066.98,1563081179963.92
274,28-4,0,2,56.53,46.14,1,0,9.7,0.16,230,182,179,0,70,10,10,10,L,L,L,L,493,150157219174.56,1713238399138.48,1563081179963.92
275,28-5,0,2,56.72,46.15,1,0,9.7,0.16,231,183,179,0,70,10,10,10,L,L,L,L,493,131399993252.02,1785196386495.7,1653796393243.68
276,28-6,0,2,56.92,46.15,1,0,9.7,0.16,232,183,180,0,70,10,10,10,L,L,L,L,493,112260674114.74,1862911012841.49,1750650338726.75
277,28-7,0,2,57.12,46.15,1,0,9.7,0.16,233,184,180,0,70,10,10,10,L,L,L,L,493,94591431694.87,1946842809294.95,1852251377600.07
278,28-8,0,2,57.31,46.16,1,0,9.7,0.16,234,184,180,0,70,10,10,10,L,L,L,L,493,185237771864.61,2037489149464.68,1852251377600.07
279,28-9,0,2,57.51,46.16,1,0,9.7,0.16,235,184,181,0,70,10,10,10,L,L,L,L,493,174659400306.88,2135387196847.99,1960727796541.11
280,28-10,1,2,57.62,46.16,1,0,4.5,0.08,235,185,181,0,70,10,10,10,L,L,L,L,493,589515692638.64,2664036652717.88,2074520960079.23
281,29-1,0,2,57.81,46.16,1,0,9.7,0.16,236,187,183,0,70,10,10,10,L,L,L,L,493,175947078468.02,2778224935185.77,2602277856717.76
282,29-2,0,2,58.01,46.17,1,0,9.7,0.16,237,187,184,0,70,10,10,10,L,L,L,L,493,146868865223.35,2901548280251.1,2754679415027.75
283,29-3,0,2,58.2,46.17,1,0,9.7,0.16,238,187,184,0,70,10,10,10,L,L,L,L,493,280058077893.91,3034737492921.65,2754679415027.75
284,29-4,0,2,58.4,46.17,1,0,9.7,0.16,239,188,184,0,70,10,10,10,L,L,L,L,493,264031225914.81,3178581842605.85,2914550616691.04
285,29-5,0,2,58.59,46.18,1,0,9.7,0.16,240,188,185,0,70,10,10,10,L,L,L,L,493,248693378266.56,3333933740264.79,3085240361998.23
286,29-6,0,2,58.79,46.18,1,0,9.7,0.16,240,189,185,0,70,10,10,10,L,L,L,L,493,237417681875.31,3501713789736.43,3264296107861.12
287,29-7,0,2,58.98,46.18,1,0,9.7,0.16,241,189,186,0,70,10,10,10,L,L,L,L,493,227447620560.64,3682916243165.81,3455468622605.17
288,29-8,0,2,59.18,46.19,1,0,9.7,0.16,242,190,186,0,70,10,10,10,L,L,L,L,493,222603834897.94,3878614892869.54,3656011057971.61
289,29-9,0,2,59.38,46.19,1,0,9.7,0.16,243,190,187,0,70,10,10,10,L,L,L,L,493,219845160064.63,4089969434549.57,3870124274484.94
290,29-10,1,2,59.48,46.19,1,0,4.5,0.08,244,190,187,0,70,10,10,10,L,L,L,L,493,1361159685136.78,5231283959621.73,3870124274484.94
291,30-1,0,2,59.68,46.19,1,0,9.7,0.16,244,193,189,0,70,10,10,10,L,L,L,L,493,341377560094.54,5477807897037.31,5136430336942.77
292,30-2,0,2,59.88,46.2,1,0,9.7,0.16,245,193,190,0,70,10,10,10,L,L,L,L,493,306809759453.72,5744053749446.14,5437243989992.43
293,30-3,0,3,60.16,56,2,0,9.7,0.25,246,210,206,0,70,10,10,10,L,L,L,L,503,2107148797647.24,37374061020565.4,35266912222918.2
294,30-4,0,3,60.36,56.01,1,0,9.7,0.16,247,210,207,0,70,10,10,10,L,L,L,L,503,662848280515.06,37995159345064.7,37332311064549.7
295,30-5,0,3,60.55,56.01,1,0,9.7,0.16,248,210,207,0,70,10,10,10,L,L,L,L,503,1333634470974.33,38665945535524,37332311064549.7
296,30-6,0,3,60.75,56.01,1,0,9.7,0.16,249,210,207,0,70,10,10,10,L,L,L,L,503,2058083556670.34,39390394621220,37332311064549.7
297,30-7,0,3,60.94,56.02,1,0,9.7,0.16,250,210,207,0,70,10,10,10,L,L,L,L,503,2840488569222.03,40172799633771.7,37332311064549.7
298,30-8,0,3,61.14,56.02,1,0,9.7,0.16,251,211,207,0,70,10,10,10,L,L,L,L,503,1518855940492.03,41017797047327.5,39498941106835.5
299,30-9,0,3,61.34,56.02,1,0,9.7,0.16,252,211,207,0,70,10,10,10,L,L,L,L,503,2431453147132.32,41930394253967.8,39498941106835.5
300,30-10,1,3,61.44,56.02,1,0,4.5,0.08,252,211,208,0,70,10,10,10,L,L,L,L,503,5046231360362.63,46858419169825.4,41812187809462.8
301,31-1,0,3,61.64,56.03,1,0,9.7,0.16,253,212,209,0,70,10,10,10,L,L,L,L,503,1093222787885.17,47922872551650.7,46829649763765.5
302,31-2,0,3,61.84,56.03,1,0,9.7,0.16,254,212,209,0,70,10,10,10,L,L,L,L,503,2242832440256.43,49072482204021.9,46829649763765.5
303,31-3,0,3,62.03,56.03,1,0,9.7,0.16,255,212,209,0,70,10,10,10,L,L,L,L,503,3484410864817.39,50314060628582.9,46829649763765.5
304,31-4,0,3,62.23,56.04,1,0,9.7,0.16,256,213,209,0,70,10,10,10,L,L,L,L,503,2107494838299.88,51654965327108.7,49547470488808.9
305,31-5,0,3,62.42,56.04,1,0,9.7,0.16,256,213,209,0,70,10,10,10,L,L,L,L,503,3555671912707.78,53103142401516.6,49547470488808.9
306,31-6,0,3,62.62,56.04,1,0,9.7,0.16,257,213,210,0,70,10,10,10,L,L,L,L,503,2217966489292.65,54667173641877.2,52449207152584.5
307,31-7,0,3,62.81,56.05,1,0,9.7,0.16,258,213,210,0,70,10,10,10,L,L,L,L,503,3907120228882.03,56356327381466.5,52449207152584.5
308,31-8,0,3,63.01,56.05,1,0,9.7,0.16,259,214,210,0,70,10,10,10,L,L,L,L,503,2687447055590,58180613420223.1,55493166364633.1
309,31-9,0,3,63.2,56.05,1,0,9.7,0.16,260,214,210,0,70,10,10,10,L,L,L,L,503,4657675977447.05,60150842342080.1,55493166364633.1
310,31-10,1,3,63.31,56.06,1,0,4.5,0.08,260,214,211,0,70,10,10,10,L,L,L,L,503,12046967092046.4,70790078520108.2,58743111428061.8
311,32-1,0,3,63.51,56.06,1,0,9.7,0.16,261,216,212,0,70,10,10,10,L,L,L,L,503,3477526882372.17,73088153534562.3,69610626652190.1
312,32-2,0,3,63.7,56.06,1,0,9.7,0.16,262,216,212,0,70,10,10,10,L,L,L,L,503,5959447897982.56,75570074550172.6,69610626652190.1
313,32-3,0,3,63.9,56.06,1,0,9.7,0.16,263,216,213,0,70,10,10,10,L,L,L,L,503,4563191507276.76,78250549247031.8,73687357739755.1
314,32-4,0,3,64.1,56.07,1,0,9.7,0.16,264,217,213,0,70,10,10,10,L,L,L,L,503,3181560652019.77,81145461919639.8,77963901267620.1
315,32-5,0,3,64.29,56.07,1,0,9.7,0.16,265,217,213,0,70,10,10,10,L,L,L,L,503,6308066338436.37,84271967606056.4,77963901267620.1
316,32-6,0,3,64.49,56.07,1,0,9.7,0.16,266,217,214,0,70,10,10,10,L,L,L,L,503,5118753661693.46,87648593747386.3,82529840085692.9
317,32-7,0,3,64.68,56.08,1,0,9.7,0.16,267,218,214,0,70,10,10,10,L,L,L,L,503,3975781143121.04,91295349980022.7,87319568836901.7
318,32-8,0,3,64.88,56.08,1,0,9.7,0.16,267,218,214,0,70,10,10,10,L,L,L,L,503,7914277874368.26,95233846711269.9,87319568836901.7
319,32-9,0,3,65.07,56.08,1,0,9.7,0.16,268,218,215,0,70,10,10,10,L,L,L,L,503,7054002867873.7,99487423181016.9,92433420313143.2
320,32-10,1,3,65.18,56.09,1,0,4.5,0.08,269,219,215,0,70,10,10,10,L,L,L,L,503,24658819603153.7,122456736117651,97797916514497
321,33-1,0,3,65.38,56.09,1,0,9.7,0.16,270,220,217,0,70,10,10,10,L,L,L,L,503,11469626506762.4,127418107711964,115948481205201
322,33-2,0,3,65.57,56.09,1,0,9.7,0.16,271,221,217,0,70,10,10,10,L,L,L,L,503,10098683793642.1,132776389033822,122677705240179
323,33-3,0,3,65.77,56.1,1,0,9.7,0.16,271,221,218,0,70,10,10,10,L,L,L,L,503,8701034494435.61,138563332861428,129862298366993
324,33-4,0,3,65.96,56.1,1,0,9.7,0.16,272,222,218,0,70,10,10,10,L,L,L,L,503,7414202909075.12,144813232195243,137399029286168
325,33-5,0,3,66.16,56.1,1,0,9.7,0.16,273,222,218,0,70,10,10,10,L,L,L,L,503,14164094189595.4,151563123475764,137399029286168
326,33-6,0,3,66.36,56.11,1,0,9.7,0.16,274,222,219,0,70,10,10,10,L,L,L,L,503,13407232470526.7,158853006058725,145445773588199
327,33-7,0,3,66.55,56.11,1,0,9.7,0.16,275,223,219,0,70,10,10,10,L,L,L,L,503,12839167030648.9,166726079248324,153886912217675
328,33-8,0,3,66.75,56.11,1,0,9.7,0.16,276,223,220,0,70,10,10,10,L,L,L,L,503,12329732457141.3,175228998293091,162899265835950
329,33-9,0,3,66.94,56.12,1,0,9.7,0.16,277,224,220,0,70,10,10,10,L,L,L,L,503,12058809760475.6,184412150861439,172353341100964
330,33-10,1,3,67.05,56.12,1,0,4.5,0.08,277,224,221,0,70,10,10,10,L,L,L,L,503,51553997577088.3,234001174730519,182447177153431
331,34-1,0,3,67.25,56.12,1,0,9.7,0.16,278,226,223,0,70,10,10,10,L,L,L,L,513,15850666102282.3,244712403887941,228861737785658
332,34-2,0,3,67.44,56.12,1,0,9.7,0.16,279,227,223,0,70,10,10,10,L,L,L,L,513,14136498536535.9,256280531376120,242144032839584
333,34-3,0,3,67.64,56.13,1,0,9.7,0.16,280,227,223,0,70,10,10,10,L,L,L,L,513,26630076223769.2,268774109063353,242144032839584
334,34-4,0,3,67.83,56.13,1,0,9.7,0.16,281,227,224,0,70,10,10,10,L,L,L,L,513,25942027228460.4,282267172965565,256325145737104
335,34-5,0,3,68.16,60.5,2,0,9.7,0.3,282,238,234,0,70,10,10,10,L,L,L,L,513,27229174460817.6,869539286245438,842310111784621
336,34-6,0,3,68.36,60.51,1,0,9.7,0.16,283,238,234,0,70,10,10,10,L,L,L,L,513,42967484196357.6,885277595980978,842310111784621
337,34-7,0,3,68.55,60.51,1,0,9.7,0.16,284,238,234,0,70,10,10,10,L,L,L,L,513,59964858710740.9,902274970495362,842310111784621
338,34-8,0,3,68.75,60.51,1,0,9.7,0.16,285,238,235,0,70,10,10,10,L,L,L,L,513,28992313010971.8,920632134970896,891639821959924
339,34-9,0,3,68.94,60.52,1,0,9.7,0.16,285,238,235,0,70,10,10,10,L,L,L,L,513,48818050644548.4,940457872604472,891639821959924
340,34-10,1,3,69.05,60.52,1,0,4.5,0.08,286,238,235,0,70,10,10,10,L,L,L,L,513,155877033865862,1047516855825790,891639821959924
341,35-1,0,3,69.25,60.52,1,0,9.7,0.16,287,239,236,0,70,10,10,10,L,L,L,L,513,72004996189307.8,1070641596201590,998636600012282
342,35-2,0,3,69.44,60.52,1,0,9.7,0.16,288,240,236,0,70,10,10,10,L,L,L,L,513,39022512820434.8,1095616315807460,1056593802987020
343,35-3,0,3,69.64,60.53,1,0,9.7,0.16,289,240,236,0,70,10,10,10,L,L,L,L,513,65995209994772.3,1122589012981800,1056593802987020
344,35-4,0,3,69.84,60.53,1,0,9.7,0.16,289,240,237,0,70,10,10,10,L,L,L,L,513,33246534499156.8,1151719525930080,1118472991430920
345,35-5,0,3,70.03,60.53,1,0,9.7,0.16,290,240,237,0,70,10,10,10,L,L,L,L,513,64707488483304.1,1183180479914230,1118472991430920
346,35-6,0,3,70.23,60.54,1,0,9.7,0.16,291,240,237,0,70,10,10,10,L,L,L,L,513,98685318786183.2,1217158310217110,1118472991430920
347,35-7,0,3,70.42,60.54,1,0,9.7,0.16,292,241,237,0,70,10,10,10,L,L,L,L,513,70469308181582.6,1253854366944220,1183385058762630
348,35-8,0,3,70.62,60.54,1,0,9.7,0.16,293,241,238,0,70,10,10,10,L,L,L,L,513,40796358389692.7,1293486108209490,1252689749819800
349,35-9,0,3,70.81,60.55,1,0,9.7,0.16,294,241,238,0,70,10,10,10,L,L,L,L,513,83598638956193.1,1336288388775990,1252689749819800
350,35-10,1,3,70.92,60.55,1,0,4.5,0.08,294,242,238,0,70,10,10,10,L,L,L,L,513,242029438603780,1567420703835100,1325391265231320
351,36-1,0,3,71.12,60.55,1,0,9.7,0.16,295,243,239,0,70,10,10,10,L,L,L,L,513,132907067411621,1617345283887860,1484438216476240
352,36-2,0,3,71.31,60.56,1,0,9.7,0.16,296,243,240,0,70,10,10,10,L,L,L,L,513,99889809406496.8,1671263830344850,1571374020938350
353,36-3,0,3,71.51,60.56,1,0,9.7,0.16,297,244,240,0,70,10,10,10,L,L,L,L,513,66925058647838.5,1729495860518400,1662570801870560
354,36-4,0,3,71.7,60.56,1,0,9.7,0.16,298,244,240,0,70,10,10,10,L,L,L,L,513,129815651235269,1792386453105830,1662570801870560
355,36-5,0,3,71.9,60.56,1,0,9.7,0.16,298,244,241,0,70,10,10,10,L,L,L,L,513,100369390232128,1860308293100250,1759938902868120
356,36-6,0,3,72.1,60.57,1,0,9.7,0.16,299,244,241,0,70,10,10,10,L,L,L,L,513,173724977426106,1933663880294230,1759938902868120
357,36-7,0,3,72.29,60.57,1,0,9.7,0.16,300,245,241,0,70,10,10,10,L,L,L,L,513,150808616951534,2012887914463730,1862079297512190
358,36-8,0,3,72.49,60.57,1,0,9.7,0.16,301,245,242,0,70,10,10,10,L,L,L,L,513,127318300737318,2098449871366780,1971131570629460
359,36-9,0,3,72.68,60.58,1,0,9.7,0.16,302,246,242,0,70,10,10,10,L,L,L,L,513,105327972191261,2190856784822080,2085528812630820
360,36-10,1,3,72.79,60.58,1,0,4.5,0.08,302,246,242,0,70,10,10,10,L,L,L,L,513,604325304849886,2689854117480710,2085528812630820
361,37-1,0,3,72.99,60.58,1,0,9.7,0.16,303,248,244,0,70,10,10,10,L,L,L,L,523,181550200009374,2797637541337870,2616087341328500
362,37-2,0,3,73.36,66.51,1,0,9.7,0.16,305,258,255,0,70,10,10,10,L,L,L,L,523,160275368927861,8761294383194250,8601019014266390
363,37-3,0,3,73.55,66.51,1,0,9.7,0.16,306,258,255,0,70,10,10,10,L,L,L,L,523,285993954511474,8887012968777860,8601019014266390
364,37-4,0,3,73.75,66.51,1,0,9.7,0.16,307,258,255,0,70,10,10,10,L,L,L,L,523,421770026941775,9022789041208160,8601019014266390
365,37-5,0,3,73.94,66.52,1,0,9.7,0.16,307,258,255,0,70,10,10,10,L,L,L,L,523,568408185166501,9169427199432890,8601019014266390
366,37-6,0,3,74.14,66.52,1,0,9.7,0.16,308,259,255,0,70,10,10,10,L,L,L,L,523,227605818584223,9327796410315590,9100190591731370
367,37-7,0,3,74.34,66.52,1,0,9.7,0.16,309,259,255,0,70,10,10,10,L,L,L,L,523,398644566337543,9498835158068910,9100190591731370
368,37-8,0,3,74.53,66.53,1,0,9.7,0.16,310,259,255,0,70,10,10,10,L,L,L,L,523,583366413911129,9683557005642490,9100190591731370
369,37-9,0,3,74.73,66.53,1,0,9.7,0.16,311,259,256,0,70,10,10,10,L,L,L,L,523,249915305626448,9883056601021970,9633141295395530
370,37-10,1,3,74.84,66.53,1,0,4.5,0.08,311,259,256,0,70,10,10,10,L,L,L,L,523,1327213120675600,10960354416071100,9633141295395530
371,38-1,0,3,75.03,66.53,1,0,9.7,0.16,312,260,257,0,70,10,10,10,L,L,L,L,523,403932493861584,11193050744121700,10789118250260200
372,38-2,0,3,75.23,66.54,1,0,9.7,0.16,313,260,257,0,70,10,10,10,L,L,L,L,523,655244528156250,11444362778416400,10789118250260200
373,38-3,0,3,75.42,66.54,1,0,9.7,0.16,314,261,257,0,70,10,10,10,L,L,L,L,523,300500698422417,11715779775454600,11415279077032200
374,38-4,0,3,75.62,66.54,1,0,9.7,0.16,315,261,257,0,70,10,10,10,L,L,L,L,523,593631055223716,12008910132255900,11415279077032200
375,38-5,0,3,75.81,66.55,1,0,9.7,0.16,315,261,257,0,70,10,10,10,L,L,L,L,523,910211840569118,12325490917601300,11415279077032200
376,38-6,0,3,76.01,66.55,1,0,9.7,0.16,316,261,258,0,70,10,10,10,L,L,L,L,523,583585726065838,12667398165774400,12083812439708500
377,38-7,0,3,76.2,66.55,1,0,9.7,0.16,317,261,258,0,70,10,10,10,L,L,L,L,523,952845554092716,13036657993801300,12083812439708500
378,38-8,0,3,76.4,66.56,1,0,9.7,0.16,318,262,258,0,70,10,10,10,L,L,L,L,523,650346042377022,13435458608070300,12785112565693300
379,38-9,0,3,76.6,66.56,1,0,9.7,0.16,319,262,258,0,70,10,10,10,L,L,L,L,523,1081050705787570,13866163271480800,12785112565693300
380,38-10,1,3,76.7,66.56,1,0,4.5,0.08,319,262,259,0,70,10,10,10,L,L,L,L,523,2658098522007070,16191968453897800,13533869931890700
381,39-1,0,3,76.9,66.56,1,0,9.7,0.16,320,264,260,0,70,10,10,10,L,L,L,L,523,656697172129844,16694342373299900,16037645201170000
382,39-2,0,3,77.1,66.57,1,0,9.7,0.16,321,264,260,0,70,10,10,10,L,L,L,L,523,1199261005084070,17236906206254100,16037645201170000
383,39-3,0,3,77.29,66.57,1,0,9.7,0.16,322,264,261,0,70,10,10,10,L,L,L,L,523,845988704516535,17822875145844700,16976886441328100
384,39-4,0,3,77.49,66.57,1,0,9.7,0.16,323,264,261,0,70,10,10,10,L,L,L,L,523,1478835159274350,18455721600602500,16976886441328100
385,39-5,0,3,77.68,66.58,1,0,9.7,0.16,324,265,261,0,70,10,10,10,L,L,L,L,523,1177033147013330,19139195771740900,17962162624727600
386,39-6,0,3,77.88,66.58,1,0,9.7,0.16,325,265,262,0,70,10,10,10,L,L,L,L,523,863235062865760,19877347876570400,19014112813704700
387,39-7,0,3,78.16,70,2,0,9.7,0.25,326,272,269,0,70,10,10,10,L,L,L,L,523,3154437881476050,45188583551174500,42034145669698500
388,39-8,0,3,78.36,70.01,1,0,9.7,0.16,327,273,269,0,70,10,10,10,L,L,L,L,523,1575910947971840,46049564166247700,44473653218275800
389,39-9,0,3,78.55,70.01,1,0,9.7,0.16,327,273,269,0,70,10,10,10,L,L,L,L,523,2505770012250840,46979423230526700,44473653218275800
390,39-10,1,3,78.66,70.01,1,0,4.5,0.08,328,273,269,0,70,10,10,10,L,L,L,L,523,7527008959357430,52000662177633200,44473653218275800
391,40-1,0,3,78.86,70.01,1,0,9.7,0.16,329,274,270,0,70,10,10,10,L,L,L,L,533,3274758186323880,53085249790210000,49810491603886100
392,40-2,0,3,79.05,70.02,1,0,9.7,0.16,330,274,271,0,70,10,10,10,L,L,L,L,533,1528972084956850,54256604411791000,52727632326834200
393,40-3,0,3,79.25,70.02,1,0,9.7,0.16,330,274,271,0,70,10,10,10,L,L,L,L,533,2794035076264360,55521667403098500,52727632326834200
394,40-4,0,3,79.44,70.02,1,0,9.7,0.16,331,274,271,0,70,10,10,10,L,L,L,L,533,4160303106876460,56887935433710600,52727632326834200
395,40-5,0,3,79.64,70.03,1,0,9.7,0.16,332,275,271,0,70,10,10,10,L,L,L,L,533,2575754311002100,58363504906771700,55787750595769600
396,40-6,0,3,79.84,70.03,1,0,9.7,0.16,333,275,271,0,70,10,10,10,L,L,L,L,533,4169369341908060,59957119937677600,55787750595769600
397,40-7,0,3,80.03,70.03,1,0,9.7,0.16,334,275,272,0,70,10,10,10,L,L,L,L,533,2623275965584680,61678224171056100,59054948205471400
398,40-8,0,3,80.23,70.04,1,0,9.7,0.16,335,275,272,0,70,10,10,10,L,L,L,L,533,4482068537633390,63537016743104800,59054948205471400
399,40-9,0,3,80.42,70.04,1,0,9.7,0.16,336,276,272,0,70,10,10,10,L,L,L,L,533,3062232054238310,65544512720917400,62482280666679100
400,40-10,1,3,80.53,70.04,1,0,4.5,0.08,336,276,272,0,70,10,10,10,L,L,L,L,533,13902710334426400,76384991001105500,62482280666679100
401,41-1,0,3,80.73,70.05,1,0,9.7,0.16,337,277,274,0,70,10,10,10,L,L,L,L,533,4648007281918420,78726534309626200,74078527027707800
402,41-2,0,3,80.92,70.05,1,0,9.7,0.16,338,278,274,0,70,10,10,10,L,L,L,L,533,2877628215781760,81255401082828400,78377772867046700
403,41-3,0,3,81.12,70.05,1,0,9.7,0.16,339,278,274,0,70,10,10,10,L,L,L,L,533,5608804330840230,83986577197886900,78377772867046700
404,41-4,0,3,81.31,70.06,1,0,9.7,0.16,340,278,275,0,70,10,10,10,L,L,L,L,533,3968297131700200,86936247402150000,82967950270449900
405,41-5,0,3,81.51,70.06,1,0,9.7,0.16,341,278,275,0,70,10,10,10,L,L,L,L,533,7153940952304400,90121891222754200,82967950270449900
406,41-6,0,3,81.7,70.06,1,0,9.7,0.16,341,279,275,0,70,10,10,10,L,L,L,L,533,5779280938497320,93562386549006800,87783105610509500
407,41-7,0,3,81.9,70.06,1,0,9.7,0.16,342,279,276,0,70,10,10,10,L,L,L,L,533,4354017199038510,97278121501359500,92924104302321100
408,41-8,0,3,82.1,70.07,1,0,9.7,0.16,343,279,276,0,70,10,10,10,L,L,L,L,533,8367010947579460,101291115249900000,92924104302321100
409,41-9,0,3,82.29,70.07,1,0,9.7,0.16,344,280,276,0,70,10,10,10,L,L,L,L,533,7308070215136930,105625148498325000,98317078283187800
410,41-10,1,3,82.4,70.07,1,0,4.5,0.08,344,280,277,0,70,10,10,10,L,L,L,L,533,24953931221798800,129028928039816000,104074996818017000
411,42-1,0,3,82.6,70.08,1,0,9.7,0.16,345,282,278,0,70,10,10,10,L,L,L,L,533,10755201423582400,134084144420778000,123328942997195000
412,42-2,0,3,82.79,70.08,1,0,9.7,0.16,346,282,279,0,70,10,10,10,L,L,L,L,533,8992102104931970,139543778112217000,130551676007285000
413,42-3,0,3,82.99,70.08,1,0,9.7,0.16,347,283,279,0,70,10,10,10,L,L,L,L,533,7311766342694890,145440182498971000,138128416156276000
414,42-4,0,3,83.18,70.09,1,0,9.7,0.16,348,283,279,0,70,10,10,10,L,L,L,L,533,10495824711542100,148624240867818000,138128416156276000
415,42-5,0,3,83.38,70.09,1,0,9.7,0.16,349,283,280,0,70,10,10,10,L,L,L,L,533,5845146778596950,152063023906173000,146217877127576000
416,42-6,0,3,83.57,70.09,1,0,9.7,0.16,350,283,280,0,70,10,10,10,L,L,L,L,533,9559032460020350,155776909587596000,146217877127576000
417,42-7,0,3,83.77,70.1,1,0,9.7,0.16,351,284,280,0,70,10,10,10,L,L,L,L,533,5084080029087480,159787906123534000,154703826094446000
418,42-8,0,3,83.96,70.1,1,0,9.7,0.16,351,284,280,0,70,10,10,10,L,L,L,L,533,9415956287899730,164119782382346000,154703826094446000
419,42-9,0,3,84.16,70.1,1,0,9.7,0.16,352,284,281,0,70,10,10,10,L,L,L,L,533,5034186359560790,168798208741863000,163764022382302000
420,42-10,1,3,84.27,70.1,1,0,4.5,0.08,353,284,281,0,70,10,10,10,L,L,L,L,533,30297688700953800,194061711083256000,163764022382302000
421,43-1,0,3,84.46,70.11,1,0,9.7,0.16,354,286,282,0,70,10,10,10,L,L,L,L,533,5458148137359380,199518627588997000,194060479451638000
422,43-2,0,3,84.66,70.11,1,0,9.7,0.16,355,286,282,0,70,10,10,10,L,L,L,L,533,11351617963559500,205412097415197000,194060479451638000
423,43-3,0,3,84.86,70.11,1,0,9.7,0.16,356,286,282,0,70,10,10,10,L,L,L,L,533,17716565375855700,211777044827493000,194060479451638000
424,43-4,0,3,85.05,70.12,1,0,9.7,0.16,356,286,283,0,70,10,10,10,L,L,L,L,533,13225598357648800,218651188032773000,205425589675124000
425,43-5,0,3,85.25,70.12,1,0,9.7,0.16,357,287,283,0,70,10,10,10,L,L,L,L,533,8727525709224170,226075262694475000,217347736985251000
426,43-6,0,3,85.44,70.12,1,0,9.7,0.16,358,287,283,0,70,10,10,10,L,L,L,L,533,16745526343862600,234093263329114000,217347736985251000
427,43-7,0,3,85.64,70.13,1,0,9.7,0.16,359,287,284,0,70,10,10,10,L,L,L,L,533,12676043578967000,242752704014523000,230076660435557000
428,43-8,0,3,85.83,70.13,1,0,9.7,0.16,360,287,284,0,70,10,10,10,L,L,L,L,533,22028239519209200,252104899954766000,230076660435557000
429,43-9,0,3,86.03,70.13,1,0,9.7,0.16,361,288,284,0,70,10,10,10,L,L,L,L,533,18775806147328800,262205271570227000,243429465422899000
430,43-10,1,3,86.14,70.14,1,0,4.5,0.08,361,288,285,0,70,10,10,10,L,L,L,L,533,59061418606480000,316747278293720000,257685859687240000
431,44-1,0,3,86.33,70.14,1,0,9.7,0.16,362,290,286,0,70,10,10,10,L,L,L,L,543,23170430320748100,328528351745997000,305357921425249000
432,44-2,0,3,86.53,70.14,1,0,9.7,0.16,363,290,287,0,70,10,10,10,L,L,L,L,543,18010768684014200,341251911074453000,323241142390439000
433,44-3,0,3,86.72,70.15,1,0,9.7,0.16,364,290,287,0,70,10,10,10,L,L,L,L,543,31752212758747200,354993355149186000,323241142390439000
434,44-4,0,3,86.92,70.15,1,0,9.7,0.16,365,291,287,0,70,10,10,10,L,L,L,L,543,27833242754202100,369834114749898000,342000871995696000
435,44-5,0,3,87.12,70.15,1,0,9.7,0.16,366,291,288,0,70,10,10,10,L,L,L,L,543,23832055641957400,385862135118666000,362030079476709000
436,44-6,0,3,87.31,70.16,1,0,9.7,0.16,367,292,288,0,70,10,10,10,L,L,L,L,543,20131420482340000,403172397116936000,383040976634596000
437,44-7,0,3,87.51,70.16,1,0,9.7,0.16,367,292,288,0,70,10,10,10,L,L,L,L,543,38826503440471700,421867480075068000,383040976634596000
438,44-8,0,3,87.7,70.16,1,0,9.7,0.16,368,292,289,0,70,10,10,10,L,L,L,L,543,36584480656519000,442058169669850000,405473689013331000
439,44-9,0,3,87.9,70.16,1,0,9.7,0.16,369,293,289,0,70,10,10,10,L,L,L,L,543,34858220602049800,463864114432215000,429005893830165000
440,44-10,1,3,88.01,70.17,1,0,4.5,0.08,370,293,290,0,70,10,10,10,L,L,L,L,543,127485684454636000,581616216148984000,454130531694348000
441,45-1,0,3,88.2,70.17,1,0,9.7,0.16,371,295,292,0,70,10,10,10,L,L,L,L,543,37389331163652000,607050670119806000,569661338956155000
442,45-2,0,3,88.4,70.17,1,0,9.7,0.16,371,296,292,0,70,10,10,10,L,L,L,L,543,31797488003235200,634519880408295000,602722392405059000
443,45-3,0,3,88.59,70.18,1,0,9.7,0.16,372,296,292,0,70,10,10,10,L,L,L,L,543,61464235114802200,664186627519862000,602722392405059000
444,45-4,0,3,88.79,70.18,1,0,9.7,0.16,373,296,293,0,70,10,10,10,L,L,L,L,543,58206014770043700,696226714400354000,638020699630310000
445,45-5,0,3,88.98,70.18,1,0,9.7,0.16,374,297,293,0,70,10,10,10,L,L,L,L,543,55780928738202100,730830008231286000,675049079493084000
446,45-6,0,3,89.18,70.19,1,0,9.7,0.16,375,297,294,0,70,10,10,10,L,L,L,L,543,53618381983327400,768201565568692000,714583183585365000
447,45-7,0,3,89.38,70.19,1,0,9.7,0.16,376,298,294,0,70,10,10,10,L,L,L,L,543,52507878461420000,808562847493091000,756054969031671000
448,45-8,0,3,89.57,70.19,1,0,9.7,0.16,377,298,295,0,70,10,10,10,L,L,L,L,543,51819866356416100,852153031971442000,800333165615026000
449,45-9,0,3,89.77,70.2,1,0,9.7,0.16,378,299,295,0,70,10,10,10,L,L,L,L,543,52448865893171900,899230431208061000,846781565314889000
450,45-10,1,3,89.88,70.2,1,0,4.5,0.08,378,299,296,0,70,10,10,10,L,L,L,L,543,257075241597556000,1153448387085800000,896373145488246000
451,46-1,0,4,90.16,80,2,0,9.7,0.25,379,317,314,0,70,10,10,10,L,L,L,L,553,300588190393012000,7193667018740950000,6893078828347940000
452,46-2,0,4,90.36,80.01,1,0,9.7,0.16,380,317,314,0,70,10,10,10,L,L,L,L,553,419196119887332000,7312274948235270000,6893078828347940000
453,46-3,0,4,90.55,80.01,1,0,9.7,0.16,381,318,314,0,70,10,10,10,L,L,L,L,553,147243686224711000,7440371512089130000,7293127825864420000
454,46-4,0,4,90.75,80.01,1,0,9.7,0.16,382,318,314,0,70,10,10,10,L,L,L,L,553,285587975186885000,7578715801051310000,7293127825864420000
455,46-5,0,4,90.94,80.02,1,0,9.7,0.16,383,318,314,0,70,10,10,10,L,L,L,L,553,434999807266033000,7728127633130460000,7293127825864420000
456,46-6,0,4,91.14,80.02,1,0,9.7,0.16,384,318,315,0,70,10,10,10,L,L,L,L,553,169244124026828000,7889492411775940000,7720248287749110000
457,46-7,0,4,91.34,80.02,1,0,9.7,0.16,384,318,315,0,70,10,10,10,L,L,L,L,553,343518084963946000,8063766372713050000,7720248287749110000
458,46-8,0,4,91.53,80.03,1,0,9.7,0.16,385,318,315,0,70,10,10,10,L,L,L,L,553,531733962776034000,8251982250525140000,7720248287749110000
459,46-9,0,4,91.73,80.03,1,0,9.7,0.16,386,319,315,0,70,10,10,10,L,L,L,L,553,286952233594625000,8455255398562190000,8168303164967570000
460,46-10,1,4,91.84,80.03,1,0,4.5,0.08,387,319,315,0,70,10,10,10,L,L,L,L,553,1384627232994720000,9552930397962290000,8168303164967570000
461,47-1,0,4,92.03,80.03,1,0,9.7,0.16,388,320,316,0,70,10,10,10,L,L,L,L,553,641528653069614000,9790028197832710000,9148499544763100000
462,47-2,0,4,92.23,80.04,1,0,9.7,0.16,388,320,317,0,70,10,10,10,L,L,L,L,553,361814369541519000,10046093821692800000,9684279452151240000
463,47-3,0,4,92.42,80.04,1,0,9.7,0.16,389,320,317,0,70,10,10,10,L,L,L,L,553,638365243310378000,10322644695461600000,9684279452151240000
464,47-4,0,4,92.62,80.04,1,0,9.7,0.16,390,321,317,0,70,10,10,10,L,L,L,L,553,375000148997905000,10621319639132000000,10246319490134100000
465,47-5,0,4,92.81,80.05,1,0,9.7,0.16,391,321,317,0,70,10,10,10,L,L,L,L,553,697569088161901000,10943888578296000000,10246319490134100000
466,47-6,0,4,93.01,80.05,1,0,9.7,0.16,392,321,318,0,70,10,10,10,L,L,L,L,553,445870046184290000,11292263032593100000,10846392986408800000
467,47-7,0,4,93.2,80.05,1,0,9.7,0.16,393,321,318,0,70,10,10,10,L,L,L,L,553,822114456825176000,11668507443234000000,10846392986408800000
468,47-8,0,4,93.4,80.06,1,0,9.7,0.16,394,322,318,0,70,10,10,10,L,L,L,L,553,598973577776551000,12074851406726100000,11475877828949600000
469,47-9,0,4,93.6,80.06,1,0,9.7,0.16,394,322,318,0,70,10,10,10,L,L,L,L,553,1037825058348080000,12513702887297700000,11475877828949600000
470,47-10,1,4,93.7,80.06,1,0,4.5,0.08,395,322,319,0,70,10,10,10,L,L,L,L,553,2735540737606640000,14883500882383900000,12147960144777300000
471,48-1,0,4,93.9,80.06,1,0,9.7,0.16,396,324,320,0,70,10,10,10,L,L,L,L,553,1000036100689430000,15395377249322600000,14395341148633100000
472,48-2,0,4,94.1,80.07,1,0,9.7,0.16,397,324,321,0,70,10,10,10,L,L,L,L,553,709802520008887000,15948203725616300000,15238401205607400000
473,48-3,0,4,94.29,80.07,1,0,9.7,0.16,398,324,321,0,70,10,10,10,L,L,L,L,553,1306855114406110000,16545256320013500000,15238401205607400000
474,48-4,0,4,94.49,80.07,1,0,9.7,0.16,398,325,321,0,70,10,10,10,L,L,L,L,553,1067291035493970000,17190073121962500000,16122782086468500000
475,48-5,0,4,94.68,80.08,1,0,9.7,0.16,399,325,322,0,70,10,10,10,L,L,L,L,553,819465917787716000,17886475268067400000,17067009350279700000
476,48-6,0,4,94.88,80.08,1,0,9.7,0.16,400,325,322,0,70,10,10,10,L,L,L,L,553,1571580235581030000,18638589585860700000,17067009350279700000
477,48-7,0,4,95.07,80.08,1,0,9.7,0.16,401,326,322,0,70,10,10,10,L,L,L,L,553,1393357112233330000,19450873049077500000,18057515936844200000
478,48-8,0,4,95.27,80.09,1,0,9.7,0.16,402,326,323,0,70,10,10,10,L,L,L,L,553,1213088717038940000,20328139189351600000,19115050472312700000
479,48-9,0,4,95.46,80.09,1,0,9.7,0.16,403,327,323,0,70,10,10,10,L,L,L,L,553,1051168771582780000,21275586620847700000,20224417849264900000
480,48-10,1,4,95.57,80.09,1,0,4.5,0.08,403,327,323,0,70,10,10,10,L,L,L,L,553,6167384901661440000,26391802750926300000,20224417849264900000
481,49-1,0,4,95.77,80.1,1,0,9.7,0.16,404,329,325,0,70,10,10,10,L,L,L,L,553,2127395684906670000,27496905435023300000,25369509750116700000
482,49-2,0,4,95.96,80.1,1,0,9.7,0.16,405,329,326,0,70,10,10,10,L,L,L,L,553,1835146703884710000,28690416333848100000,26855269629963400000
483,49-3,0,4,96.16,80.1,1,0,9.7,0.16,406,330,326,0,70,10,10,10,L,L,L,L,553,1565557184448730000,29979408104578800000,28413850920130100000
484,49-4,0,4,96.36,80.11,1,0,9.7,0.16,407,330,326,0,70,10,10,10,L,L,L,L,553,2957668296837920000,31371519216968000000,28413850920130100000
485,49-5,0,4,96.55,80.11,1,0,9.7,0.16,408,330,327,0,70,10,10,10,L,L,L,L,553,2797097232789930000,32874999218348300000,30077901985558400000
486,49-6,0,4,96.75,80.11,1,0,9.7,0.16,409,331,327,0,70,10,10,10,L,L,L,L,553,2675244589293960000,34498757619839100000,31823513030545100000
487,49-7,0,4,96.94,80.12,1,0,9.7,0.16,409,331,328,0,70,10,10,10,L,L,L,L,553,2565166469624260000,36252416693449100000,33687250223824800000
488,49-8,0,4,97.14,80.12,1,0,9.7,0.16,410,332,328,0,70,10,10,10,L,L,L,L,553,2504033898737940000,38146368492947900000,35642334594209900000
489,49-9,0,4,97.33,80.12,1,0,9.7,0.16,411,332,329,0,70,10,10,10,L,L,L,L,553,2462116185723380000,40191836436406600000,37729720250683200000
490,49-10,1,4,97.44,80.12,1,0,4.5,0.08,412,333,329,0,70,10,10,10,L,L,L,L,553,11317948585569100000,51237363331083700000,39919414745514500000
491,50-1,0,4,97.64,80.13,1,0,9.7,0.16,413,335,331,0,70,10,10,10,L,L,L,L,563,3548283283561680000,53623197140333900000,50074913856772200000
492,50-2,0,4,97.83,80.13,1,0,9.7,0.16,414,335,332,0,70,10,10,10,L,L,L,L,563,3192357241974260000,56199897654324200000,53007540412349900000
493,50-3,0,4,98.16,84.5,2,0,9.7,0.3,415,345,342,0,70,10,10,10,L,L,L,L,563,3714836406816320000,168348210825237000000,164633374418420000000
494,50-4,0,4,98.36,84.51,1,0,9.7,0.16,416,345,342,0,70,10,10,10,L,L,L,L,563,6720299886334560000,171353674304755000000,164633374418420000000
495,50-5,0,4,98.55,84.51,1,0,9.7,0.16,417,345,342,0,70,10,10,10,L,L,L,L,563,9966200444214270000,174599574862634000000,164633374418420000000
496,50-6,0,4,98.75,84.51,1,0,9.7,0.16,417,346,342,0,70,10,10,10,L,L,L,L,563,3917056201904140000,178105147465145000000,174188091263240000000
497,50-7,0,4,98.94,84.52,1,0,9.7,0.16,418,346,342,0,70,10,10,10,L,L,L,L,563,7703074612615030000,181891165875855000000,174188091263240000000
498,50-8,0,4,99.14,84.52,1,0,9.7,0.16,419,346,342,0,70,10,10,10,L,L,L,L,563,11791974496182800000,185980065759423000000,174188091263240000000
499,50-9,0,4,99.34,84.52,1,0,9.7,0.16,420,346,343,0,70,10,10,10,L,L,L,L,563,6006698285046330000,190396077633676000000,184389379348630000000
500,50-10,1,4,99.44,84.52,1,0,4.5,0.08,420,346,343,0,70,10,10,10,L,L,L,L,563,29853162406013500000,214242541754644000000,184389379348630000000
501,51-1,0,4,99.64,84.53,1,0,9.7,0.16,421,347,344,0,70,10,10,10,L,L,L,L,563,12877273134307400000,219393378004773000000,206516104870465000000
502,51-2,0,4,99.84,84.53,1,0,9.7,0.16,422,348,344,0,70,10,10,10,L,L,L,L,563,6454739474304140000,224956281154912000000,218501541680608000000
503,51-3,0,4,100.03,84.53,1,0,9.7,0.16,423,348,344,0,70,10,10,10,L,L,L,L,563,12462674876454500000,230964216557062000000,218501541680608000000
504,51-4,0,4,100.23,84.54,1,0,9.7,0.16,424,348,344,0,70,10,10,10,L,L,L,L,563,18951245110776900000,237452786791385000000,218501541680608000000
505,51-5,0,4,100.42,84.54,1,0,9.7,0.16,425,348,345,0,70,10,10,10,L,L,L,L,563,13162405189532300000,244460442644453000000,231298037454920000000
506,51-6,0,4,100.62,84.54,1,0,9.7,0.16,426,348,345,0,70,10,10,10,L,L,L,L,563,20730673510845900000,252028710965766000000,231298037454920000000
507,51-7,0,4,100.81,84.55,1,0,9.7,0.16,426,349,345,0,70,10,10,10,L,L,L,L,563,15480714070505100000,260202440752785000000,244721726682280000000
508,51-8,0,4,101.01,84.55,1,0,9.7,0.16,427,349,346,0,70,10,10,10,L,L,L,L,563,9976266973255020000,269030068922765000000,259053801949510000000
509,51-9,0,4,101.2,84.55,1,0,9.7,0.16,428,349,346,0,70,10,10,10,L,L,L,L,563,19510105396833700000,278563907346344000000,259053801949510000000
510,51-10,1,4,101.31,84.56,1,0,4.5,0.08,429,350,346,0,70,10,10,10,L,L,L,L,563,55958300949515700000,330046634833669000000,274088333884153000000
511,52-1,0,4,101.51,84.56,1,0,9.7,0.16,430,351,348,0,70,10,10,10,L,L,L,L,563,16209814805466300000,341166903970931000000,324957089165464000000
512,52-2,0,4,101.7,84.56,1,0,9.7,0.16,430,351,348,0,70,10,10,10,L,L,L,L,563,28219705473709400000,353176794639174000000,324957089165464000000
513,52-3,0,4,101.9,84.56,1,0,9.7,0.16,431,352,348,0,70,10,10,10,L,L,L,L,563,22331070536596100000,366147476560877000000,343816406024280000000
514,52-4,0,4,102.1,84.57,1,0,9.7,0.16,432,352,349,0,70,10,10,10,L,L,L,L,563,16203873170995600000,380155813036315000000,363951939865320000000
515,52-5,0,4,102.29,84.57,1,0,9.7,0.16,433,352,349,0,70,10,10,10,L,L,L,L,563,31332876564469400000,395284816429789000000,363951939865320000000
516,52-6,0,4,102.49,84.57,1,0,9.7,0.16,434,353,349,0,70,10,10,10,L,L,L,L,563,26549765347547500000,411624140094741000000,385074374747193000000
517,52-7,0,4,102.68,84.58,1,0,9.7,0.16,435,353,350,0,70,10,10,10,L,L,L,L,563,21644437003731300000,429270609652889000000,407626172649157000000
518,52-8,0,4,102.88,84.58,1,0,9.7,0.16,436,353,350,0,70,10,10,10,L,L,L,L,563,40702624126531100000,448328796775689000000,407626172649157000000
519,52-9,0,4,103.16,90.5,2,0,9.7,0.25,437,365,361,0,70,10,10,10,L,L,L,L,563,64707460940436200000,1564947980300530000000,1500240519360090000000
520,52-10,1,4,103.27,90.5,1,0,4.5,0.08,437,365,361,0,70,10,10,10,L,L,L,L,563,175854808240604000000,1676095327600690000000,1500240519360090000000
521,53-1,0,4,103.47,90.51,1,0,9.7,0.16,438,365,362,0,70,10,10,10,L,L,L,L,573,112001372042617000000,1700103154617530000000,1588101782574910000000
522,53-2,0,4,103.66,90.51,1,0,9.7,0.16,439,366,362,0,70,10,10,10,L,L,L,L,573,45762226112413500000,1726031607795710000000,1680269381683300000000
523,53-3,0,4,103.86,90.51,1,0,9.7,0.16,440,366,362,0,70,10,10,10,L,L,L,L,573,73764955544851400000,1754034337228150000000,1680269381683300000000
524,53-4,0,4,104.05,90.52,1,0,9.7,0.16,441,366,362,0,70,10,10,10,L,L,L,L,573,104007903331884000000,1784277285015190000000,1680269381683300000000
525,53-5,0,4,104.25,90.52,1,0,9.7,0.16,442,366,363,0,70,10,10,10,L,L,L,L,573,38265672141277700000,1816939668625180000000,1778673996483900000000
526,53-6,0,4,104.44,90.52,1,0,9.7,0.16,442,366,363,0,70,10,10,10,L,L,L,L,573,73541046440073000000,1852215042923980000000,1778673996483900000000
527,53-7,0,4,104.64,90.53,1,0,9.7,0.16,443,366,363,0,70,10,10,10,L,L,L,L,573,111638450682772000000,1890312447166670000000,1778673996483900000000
528,53-8,0,4,104.84,90.53,1,0,9.7,0.16,444,367,363,0,70,10,10,10,L,L,L,L,573,49555936263493100000,1931457643748790000000,1881901707485300000000
529,53-9,0,4,105.03,90.53,1,0,9.7,0.16,445,367,363,0,70,10,10,10,L,L,L,L,573,93992748572177000000,1975894456057470000000,1881901707485300000000
530,53-10,1,4,105.14,90.54,1,0,4.5,0.08,445,367,363,0,70,10,10,10,L,L,L,L,573,333951535039070000000,2215853242524370000000,1881901707485300000000
531,54-1,0,4,105.34,90.54,1,0,9.7,0.16,446,368,364,0,70,10,10,10,L,L,L,L,573,159954428017684000000,2267684340401220000000,2107729912383530000000
532,54-2,0,4,105.53,90.54,1,0,9.7,0.16,447,368,365,0,70,10,10,10,L,L,L,L,573,92493264918805500000,2323661926108210000000,2231168661189410000000
533,54-3,0,4,105.73,90.55,1,0,9.7,0.16,448,368,365,0,70,10,10,10,L,L,L,L,573,152949057482362000000,2384117718671770000000,2231168661189410000000
534,54-4,0,4,105.92,90.55,1,0,9.7,0.16,449,369,365,0,70,10,10,10,L,L,L,L,573,88752472770855200000,2449409974640410000000,2360657501869560000000
535,54-5,0,4,106.12,90.55,1,0,9.7,0.16,450,369,365,0,70,10,10,10,L,L,L,L,573,159268109216988000000,2519925611086540000000,2360657501869560000000
536,54-6,0,4,106.31,90.56,1,0,9.7,0.16,451,369,366,0,70,10,10,10,L,L,L,L,573,97173597916230200000,2596082498448370000000,2498908900532140000000
537,54-7,0,4,106.51,90.56,1,0,9.7,0.16,452,369,366,0,70,10,10,10,L,L,L,L,573,179423036266999000000,2678331936799140000000,2498908900532140000000
538,54-8,0,4,106.7,90.56,1,0,9.7,0.16,452,370,366,0,70,10,10,10,L,L,L,L,573,123224928124064000000,2767161330217970000000,2643936402093900000000
539,54-9,0,4,106.9,90.56,1,0,9.7,0.16,453,370,366,0,70,10,10,10,L,L,L,L,573,219160673016401000000,2863097075110300000000,2643936402093900000000
540,54-10,1,4,107.01,90.57,1,0,4.5,0.08,454,370,367,0,70,10,10,10,L,L,L,L,573,582372128932930000000,3381150097528920000000,2798777968595990000000
541,55-1,0,4,107.2,90.57,1,0,9.7,0.16,455,372,368,0,70,10,10,10,L,L,L,L,573,176495727584754000000,3493049550371340000000,3316553822786590000000
542,55-2,0,4,107.4,90.57,1,0,9.7,0.16,456,372,368,0,70,10,10,10,L,L,L,L,573,297347136654569000000,3613900959441160000000,3316553822786590000000
543,55-3,0,4,107.6,90.58,1,0,9.7,0.16,456,372,369,0,70,10,10,10,L,L,L,L,573,233633397429748000000,3744420481236560000000,3510787083806810000000
544,55-4,0,4,107.79,90.58,1,0,9.7,0.16,457,373,369,0,70,10,10,10,L,L,L,L,573,170841283254612000000,3885381564775590000000,3714540281520980000000
545,55-5,0,4,107.99,90.58,1,0,9.7,0.16,458,373,369,0,70,10,10,10,L,L,L,L,573,323079253476768000000,4037619534997750000000,3714540281520980000000
546,55-6,0,4,108.36,94.01,1,0,9.7,0.16,460,380,377,0,70,10,10,10,L,L,L,L,573,343012558074007000000,9035592097391110000000,8692579539317100000000
547,55-7,0,4,108.55,94.01,1,0,9.7,0.16,461,380,377,0,70,10,10,10,L,L,L,L,573,520582926541129000000,9213162465858230000000,8692579539317100000000
548,55-8,0,4,108.75,94.01,1,0,9.7,0.16,461,381,377,0,70,10,10,10,L,L,L,L,573,207873509893024000000,9404938463802720000000,9197064953909700000000
549,55-9,0,4,108.94,94.02,1,0,9.7,0.16,462,381,377,0,70,10,10,10,L,L,L,L,573,414991587673075000000,9612056541582780000000,9197064953909700000000
550,55-10,1,4,109.05,94.02,1,0,4.5,0.08,463,381,377,0,70,10,10,10,L,L,L,L,573,1533429207685350000000,10730494161595100000000,9197064953909700000000
551,56-1,0,4,109.25,94.02,1,0,9.7,0.16,464,382,378,0,70,10,10,10,L,L,L,L,583,671363939138839000000,10972076687517700000000,10300712748378900000000
552,56-2,0,4,109.44,94.02,1,0,9.7,0.16,464,382,379,0,70,10,10,10,L,L,L,L,583,329014041394793000000,11232985815514200000000,10903971774119400000000
553,56-3,0,4,109.64,94.03,1,0,9.7,0.16,465,382,379,0,70,10,10,10,L,L,L,L,583,610795899630974000000,11514767673750300000000,10903971774119400000000
554,56-4,0,4,109.84,94.03,1,0,9.7,0.16,466,382,379,0,70,10,10,10,L,L,L,L,583,915120306526050000000,11819092080645400000000,10903971774119400000000
555,56-5,0,4,110.03,94.03,1,0,9.7,0.16,467,383,379,0,70,10,10,10,L,L,L,L,583,610964161907777000000,12147762440092100000000,11536798278184300000000
556,56-6,0,4,110.23,94.04,1,0,9.7,0.16,468,383,379,0,70,10,10,10,L,L,L,L,583,965928150110193000000,12502726428294500000000,11536798278184300000000
557,56-7,0,4,110.42,94.04,1,0,9.7,0.16,469,383,380,0,70,10,10,10,L,L,L,L,583,673639148539431000000,12886087535553100000000,12212448387013700000000
558,56-8,0,4,110.62,94.04,1,0,9.7,0.16,469,383,380,0,70,10,10,10,L,L,L,L,583,1087669144378730000000,13300117531392400000000,12212448387013700000000
559,56-9,0,4,110.81,94.05,1,0,9.7,0.16,470,384,380,0,70,10,10,10,L,L,L,L,583,826055855332423000000,13747269926898900000000,12921214071566500000000
560,56-10,1,4,110.92,94.05,1,0,4.5,0.08,471,384,381,0,70,10,10,10,L,L,L,L,583,2483950669178320000000,16161892862633700000000,13677942193455300000000
561,57-1,0,4,111.12,94.05,1,0,9.7,0.16,472,385,382,0,70,10,10,10,L,L,L,L,583,1364156160082390000000,16683451416752400000000,15319295256670000000000
562,57-2,0,4,111.31,94.06,1,0,9.7,0.16,473,386,382,0,70,10,10,10,L,L,L,L,583,1038363723827630000000,17246734655200600000000,16208370931373000000000
563,57-3,0,4,111.51,94.06,1,0,9.7,0.16,473,386,383,0,70,10,10,10,L,L,L,L,583,697469865254269000000,17855080552724700000000,17157610687470400000000
564,57-4,0,4,111.7,94.06,1,0,9.7,0.16,474,386,383,0,70,10,10,10,L,L,L,L,583,1354483434580260000000,18512094122050600000000,17157610687470400000000
565,57-5,0,4,111.9,94.06,1,0,9.7,0.16,475,387,383,0,70,10,10,10,L,L,L,L,583,1068293333785010000000,19221668776922700000000,18153375443137700000000
566,57-6,0,4,112.1,94.07,1,0,9.7,0.16,476,387,384,0,70,10,10,10,L,L,L,L,583,771485434217728000000,19988009404184600000000,19216523969966800000000
567,57-7,0,4,112.29,94.07,1,0,9.7,0.16,477,387,384,0,70,10,10,10,L,L,L,L,583,1599133311660510000000,20815657281627400000000,19216523969966800000000
568,57-8,0,4,112.49,94.07,1,0,9.7,0.16,478,388,384,0,70,10,10,10,L,L,L,L,583,1377736492951320000000,21709516989265600000000,20331780496314200000000
569,57-9,0,4,112.68,94.08,1,0,9.7,0.16,479,388,385,0,70,10,10,10,L,L,L,L,583,1152378627151970000000,22674885473514800000000,21522506846362900000000
570,57-10,1,4,112.79,94.08,1,0,4.5,0.08,479,388,385,0,70,10,10,10,L,L,L,L,583,6365368442098010000000,27887875288460900000000,21522506846362900000000
571,58-1,0,4,112.99,94.08,1,0,9.7,0.16,480,390,387,0,70,10,10,10,L,L,L,L,583,2016048500411640000000,29013881088489200000000,26997832588077600000000
572,58-2,0,4,113.18,94.09,1,0,9.7,0.16,481,391,387,0,70,10,10,10,L,L,L,L,583,1057236511378740000000,29621924220504500000000,28564687709125800000000
573,58-3,0,4,113.38,94.09,1,0,9.7,0.16,482,391,387,0,70,10,10,10,L,L,L,L,583,1713923093955270000000,30278610803081000000000,28564687709125800000000
574,58-4,0,4,113.57,94.09,1,0,9.7,0.16,483,391,388,0,70,10,10,10,L,L,L,L,583,750259813616818000000,30987832312263700000000,30237572498646900000000
575,58-5,0,4,113.77,94.1,1,0,9.7,0.16,483,391,388,0,70,10,10,10,L,L,L,L,583,1516219043534080000000,31753791542181000000000,30237572498646900000000
576,58-6,0,4,113.96,94.1,1,0,9.7,0.16,484,391,388,0,70,10,10,10,L,L,L,L,583,2343455011844730000000,32581027510491600000000,30237572498646900000000
577,58-7,0,4,114.16,94.1,1,0,9.7,0.16,485,392,388,0,70,10,10,10,L,L,L,L,583,1481992122046240000000,33474442356267100000000,31992450234220900000000
578,58-8,0,4,114.36,94.11,1,0,9.7,0.16,486,392,388,0,70,10,10,10,L,L,L,L,583,2446880155483780000000,34439330389704700000000,31992450234220900000000
579,58-9,0,4,114.55,94.11,1,0,9.7,0.16,487,392,389,0,70,10,10,10,L,L,L,L,583,1615328267332680000000,35481409465817200000000,33866081198484500000000
580,58-10,1,4,114.66,94.11,1,0,4.5,0.08,487,392,389,0,70,10,10,10,L,L,L,L,583,7242555278340410000000,41108636476824900000000,33866081198484500000000
581,59-1,0,4,114.86,94.11,1,0,9.7,0.16,488,394,390,0,70,10,10,10,L,L,L,L,583,2192787937395920000000,42324117511202600000000,40131329573806700000000
582,59-2,0,4,115.05,94.12,1,0,9.7,0.16,489,394,390,0,70,10,10,10,L,L,L,L,583,3505507454523800000000,43636837028330500000000,40131329573806700000000
583,59-3,0,4,115.25,94.12,1,0,9.7,0.16,490,394,391,0,70,10,10,10,L,L,L,L,583,2572961851449610000000,45054574106828600000000,42481612255379000000000
584,59-4,0,4,115.44,94.12,1,0,9.7,0.16,491,395,391,0,70,10,10,10,L,L,L,L,583,1638641028943070000000,46585730151606600000000,44947089122663500000000
585,59-5,0,4,115.64,94.13,1,0,9.7,0.16,492,395,391,0,70,10,10,10,L,L,L,L,583,3292289557303270000000,48239378679966700000000,44947089122663500000000
586,59-6,0,4,115.83,94.13,1,0,9.7,0.16,493,395,392,0,70,10,10,10,L,L,L,L,583,2445913364571300000000,50025319090595800000000,47579405726024500000000
587,59-7,0,4,116.03,94.13,1,0,9.7,0.16,494,395,392,0,70,10,10,10,L,L,L,L,583,4374729008050640000000,51954134734075100000000,47579405726024500000000
588,59-8,0,4,116.22,94.14,1,0,9.7,0.16,494,396,392,0,70,10,10,10,L,L,L,L,583,3696515811649690000000,54037255629032800000000,50340739817383100000000
589,59-9,0,4,116.42,94.14,1,0,9.7,0.16,495,396,393,0,70,10,10,10,L,L,L,L,583,2998091782439680000000,56287026195587100000000,53288934413147400000000
590,59-10,1,4,116.53,94.14,1,0,4.5,0.08,496,396,393,0,70,10,10,10,L,L,L,L,583,15146852841832900000000,68435787254980300000000,53288934413147400000000
591,60-1,0,4,116.72,94.15,1,0,9.7,0.16,497,398,395,0,70,10,10,10,L,L,L,L,593,4214280315957120000000,71059919643809200000000,66845639327852100000000
592,60-2,0,4,116.92,94.15,1,0,9.7,0.16,498,399,395,0,70,10,10,10,L,L,L,L,593,3168867713588070000000,73893982623744500000000,70725114910156400000000
593,60-3,0,4,117.12,94.15,1,0,9.7,0.16,498,399,395,0,70,10,10,10,L,L,L,L,593,6229655731918130000000,76954770642074600000000,70725114910156400000000
594,60-4,0,4,117.31,94.16,1,0,9.7,0.16,499,399,396,0,70,10,10,10,L,L,L,L,593,5393305654676660000000,80260421701871000000000,74867116047194400000000
595,60-5,0,4,117.51,94.16,1,0,9.7,0.16,500,400,396,0,70,10,10,10,L,L,L,L,593,4618396147076030000000,83830524846451200000000,79212128699375200000000
596,60-6,0,4,117.7,94.16,1,0,9.7,0.16,501,400,396,0,70,10,10,10,L,L,L,L,593,8474107543222640000000,87686236242597800000000,79212128699375200000000
597,60-7,0,4,117.9,94.16,1,0,9.7,0.16,502,400,397,0,70,10,10,10,L,L,L,L,593,7999234577578470000000,91850404550436200000000,83851169972857700000000
598,60-8,0,4,118.09,94.17,1,0,9.7,0.16,503,401,397,0,70,10,10,10,L,L,L,L,593,7630122179601350000000,96347706322901600000000,88717584143300200000000
599,60-9,0,4,118.29,94.17,1,0,9.7,0.16,504,401,398,0,70,10,10,10,L,L,L,L,593,7291481867563580000000,101204792237164000000000,93913310369600700000000
600,60-10,1,4,118.4,94.17,1,0,4.5,0.08,504,402,398,0,70,10,10,10,L,L,L,L,593,28069361933686200000000,127433056174182000000000,99363694240496300000000
601,61-1,0,4,118.59,94.18,1,0,9.7,0.16,505,404,400,0,70,10,10,10,L,L,L,L,593,8456543129299870000000,133098361184578000000000,124641818055279000000000
602,61-2,0,4,118.79,94.18,1,0,9.7,0.16,506,404,401,0,70,10,10,10,L,L,L,L,593,7275451284863700000000,139216890595806000000000,131941439310942000000000
603,61-3,0,4,118.98,94.18,1,0,9.7,0.16,507,404,401,0,70,10,10,10,L,L,L,L,593,13883463048989500000000,145824902359932000000000,131941439310942000000000
604,61-4,0,4,119.18,94.19,1,0,9.7,0.16,508,405,401,0,70,10,10,10,L,L,L,L,593,13362718843275800000000,152961555065188000000000,139598836221912000000000
605,61-5,0,4,119.38,94.19,1,0,9.7,0.16,509,405,402,0,70,10,10,10,L,L,L,L,593,12894727958608700000000,160669139986864000000000,147774412028255000000000
606,61-6,0,4,119.57,94.19,1,0,9.7,0.16,510,406,402,0,70,10,10,10,L,L,L,L,593,12642635133733200000000,168993331702275000000000,156350696568541000000000
607,61-7,0,4,119.77,94.2,1,0,9.7,0.16,510,406,403,0,70,10,10,10,L,L,L,L,593,12476117283271800000000,177983458754918000000000,165507341471646000000000
608,61-8,0,4,119.96,94.2,1,0,9.7,0.16,511,407,403,0,70,10,10,10,L,L,L,L,593,12580015815006300000000,187692795971773000000000,175112780156766000000000
609,61-9,0,5,120.16,104,2,0,9.7,0.17,512,424,421,0,70,10,10,10,L,L,L,L,593,68416262592221700000000,1341162057334120000000000,1272745794741900000000000
610,61-10,1,5,120.27,104,1,0,4.5,0.08,513,424,421,0,70,10,10,10,L,L,L,L,593,181665971889616000000000,1454411766631520000000000,1272745794741900000000000
611,62-1,0,5,120.47,104.01,1,0,9.7,0.16,514,425,422,0,70,10,10,10,L,L,L,L,593,53398413728825000000000,1478873703839750000000000,1425475290110930000000000
612,62-2,0,5,120.66,104.01,1,0,9.7,0.16,514,425,422,0,70,10,10,10,L,L,L,L,593,79817305913721100000000,1505292596024650000000000,1425475290110930000000000
613,62-3,0,5,120.86,104.01,1,0,9.7,0.16,515,425,422,0,70,10,10,10,L,L,L,L,593,108349709473409000000000,1533824999584340000000000,1425475290110930000000000
614,62-4,0,5,121.05,104.02,1,0,9.7,0.16,516,426,422,0,70,10,10,10,L,L,L,L,593,56435350990950000000000,1564639995428800000000000,1508204644437850000000000
615,62-5,0,5,121.25,104.02,1,0,9.7,0.16,517,426,422,0,70,10,10,10,L,L,L,L,593,89715546502969900000000,1597920190940820000000000,1508204644437850000000000
616,62-6,0,5,121.44,104.02,1,0,9.7,0.16,518,426,423,0,70,10,10,10,L,L,L,L,593,37330477169561700000000,1633862802093800000000000,1596532324924240000000000
617,62-7,0,5,121.64,104.03,1,0,9.7,0.16,519,426,423,0,70,10,10,10,L,L,L,L,593,76148497214781600000000,1672680822139020000000000,1596532324924240000000000
618,62-8,0,5,121.84,104.03,1,0,9.7,0.16,520,426,423,0,70,10,10,10,L,L,L,L,593,118071958863619000000000,1714604283787860000000000,1596532324924240000000000
619,62-9,0,5,122.03,104.03,1,0,9.7,0.16,521,427,423,0,70,10,10,10,L,L,L,L,593,70692420598211500000000,1759881622368600000000000,1689189201770390000000000
620,62-10,1,5,122.14,104.04,1,0,4.5,0.08,521,427,423,0,70,10,10,10,L,L,L,L,593,315190048934232000000000,2004379250704620000000000,1689189201770390000000000
621,63-1,0,5,122.34,104.04,1,0,9.7,0.16,522,428,425,0,70,10,10,10,L,L,L,L,603,54500590040238400000000,2057190738425200000000000,2002690148384970000000000
622,63-2,0,5,122.53,104.04,1,0,9.7,0.16,523,428,425,0,70,10,10,10,L,L,L,L,603,111536996778465000000000,2114227145163430000000000,2002690148384970000000000
623,63-3,0,5,122.73,104.05,1,0,9.7,0.16,524,428,425,0,70,10,10,10,L,L,L,L,603,173136316055750000000000,2175826464440720000000000,2002690148384970000000000
624,63-4,0,5,122.92,104.05,1,0,9.7,0.16,525,429,425,0,70,10,10,10,L,L,L,L,603,123434794559405000000000,2242353729260180000000000,2118918934700780000000000
625,63-5,0,5,123.12,104.05,1,0,9.7,0.16,525,429,425,0,70,10,10,10,L,L,L,L,603,195284240564430000000000,2314203175265210000000000,2118918934700780000000000
626,63-6,0,5,123.31,104.06,1,0,9.7,0.16,526,429,426,0,70,10,10,10,L,L,L,L,603,148787610759475000000000,2391800576950640000000000,2243012966191160000000000
627,63-7,0,5,123.51,104.06,1,0,9.7,0.16,527,430,426,0,70,10,10,10,L,L,L,L,603,102416563906025000000000,2475605770770900000000000,2373189206864870000000000
628,63-8,0,5,123.7,104.06,1,0,9.7,0.16,528,430,426,0,70,10,10,10,L,L,L,L,603,192926173231908000000000,2566115380096780000000000,2373189206864870000000000
629,63-9,0,5,123.9,104.06,1,0,9.7,0.16,529,430,427,0,70,10,10,10,L,L,L,L,603,151691236034633000000000,2663865758168730000000000,2512174522134100000000000
630,63-10,1,5,124.01,104.07,1,0,4.5,0.08,529,431,427,0,70,10,10,10,L,L,L,L,603,533745888068623000000000,3191717799757280000000000,2657971911688660000000000
631,64-1,0,5,124.2,104.07,1,0,9.7,0.16,530,432,429,0,70,10,10,10,L,L,L,L,603,154462120175390000000000,3305733840740410000000000,3151271720565020000000000
632,64-2,0,5,124.4,104.07,1,0,9.7,0.16,531,432,429,0,70,10,10,10,L,L,L,L,603,277599444437166000000000,3428871165002180000000000,3151271720565020000000000
633,64-3,0,5,124.6,104.08,1,0,9.7,0.16,532,433,429,0,70,10,10,10,L,L,L,L,603,227699509182649000000000,3561859475204900000000000,3334159966022250000000000
634,64-4,0,5,124.79,104.08,1,0,9.7,0.16,533,433,430,0,70,10,10,10,L,L,L,L,603,176062523191018000000000,3705486850223840000000000,3529424327032820000000000
635,64-5,0,5,124.99,104.08,1,0,9.7,0.16,534,433,430,0,70,10,10,10,L,L,L,L,603,331180088211468000000000,3860604415244290000000000,3529424327032820000000000
636,64-6,0,5,125.18,104.09,1,0,9.7,0.16,535,434,430,0,70,10,10,10,L,L,L,L,603,293872223521451000000000,4028131385466370000000000,3734259161944920000000000
637,64-7,0,5,125.38,104.09,1,0,9.7,0.16,536,434,431,0,70,10,10,10,L,L,L,L,603,256105267029470000000000,4209060513306230000000000,3952955246276760000000000
638,64-8,0,5,125.57,104.09,1,0,9.7,0.16,536,435,431,0,70,10,10,10,L,L,L,L,603,222093709994956000000000,4404463971373270000000000,4182370261378310000000000
639,64-9,0,5,125.77,104.1,1,0,9.7,0.16,537,435,431,0,70,10,10,10,L,L,L,L,603,433129444707361000000000,4615499706085670000000000,4182370261378310000000000
640,64-10,1,5,125.88,104.1,1,0,4.5,0.08,538,435,432,0,70,10,10,10,L,L,L,L,603,1327782797702700000000000,5755092673532660000000000,4427309875829970000000000
641,65-1,0,5,126.07,104.1,1,0,9.7,0.16,539,437,434,0,70,10,10,10,L,L,L,L,603,447627246260100000000000,6001244754501220000000000,5553617508241110000000000
642,65-2,0,5,126.27,104.1,1,0,9.7,0.16,540,438,434,0,70,10,10,10,L,L,L,L,603,391159915369534000000000,6267089001947250000000000,5875929086577710000000000
643,65-3,0,5,126.46,104.11,1,0,9.7,0.16,541,438,435,0,70,10,10,10,L,L,L,L,603,334149179958916000000000,6554200789188960000000000,6220051609230050000000000
644,65-4,0,5,126.66,104.11,1,0,9.7,0.16,541,438,435,0,70,10,10,10,L,L,L,L,603,644229910179969000000000,6864281519410020000000000,6220051609230050000000000
645,65-5,0,5,126.86,104.11,1,0,9.7,0.16,542,439,435,0,70,10,10,10,L,L,L,L,603,618128131081716000000000,7199168708048760000000000,6581040576967040000000000
646,65-6,0,5,127.05,104.12,1,0,9.7,0.16,543,439,436,0,70,10,10,10,L,L,L,L,603,594389069440938000000000,7560846871778590000000000,6966457802337660000000000
647,65-7,0,5,127.25,104.12,1,0,9.7,0.16,544,440,436,0,70,10,10,10,L,L,L,L,603,580693842403731000000000,7951459288606820000000000,7370765446203090000000000
648,65-8,0,5,127.44,104.12,1,0,9.7,0.16,545,440,437,0,70,10,10,10,L,L,L,L,603,570887960163125000000000,8373320698781300000000000,7802432738618180000000000
649,65-9,0,5,127.64,104.13,1,0,9.7,0.16,546,441,437,0,70,10,10,10,L,L,L,L,603,573673722022283000000000,8828931021769740000000000,8255257299747460000000000
650,65-10,1,5,127.75,104.13,1,0,4.5,0.08,546,441,438,0,70,10,10,10,L,L,L,L,603,2550502098654960000000000,11289226765907300000000000,8738724667252360000000000
651,66-1,0,5,127.94,104.13,1,0,9.7,0.16,547,443,440,0,70,10,10,10,L,L,L,L,613,858794424039679000000000,11820650646641000000000000,10961856222601400000000000
652,66-2,0,5,128.16,108.5,2,0,9.7,0.19,548,453,450,0,70,10,10,10,L,L,L,L,613,904482122602056000000000,34950343631695400000000000,34045861509093300000000000
653,66-3,0,5,128.36,108.51,1,0,9.7,0.16,549,453,450,0,70,10,10,10,L,L,L,L,613,1524334937089860000000000,35570196446183200000000000,34045861509093300000000000
654,66-4,0,5,128.55,108.51,1,0,9.7,0.16,550,453,450,0,70,10,10,10,L,L,L,L,613,2193775976736700000000000,36239637485830000000000000,34045861509093300000000000
655,66-5,0,5,128.75,108.51,1,0,9.7,0.16,551,454,450,0,70,10,10,10,L,L,L,L,613,940875446280532000000000,36962633808648600000000000,36021758362368000000000000
656,66-6,0,5,128.94,108.52,1,0,9.7,0.16,552,454,450,0,70,10,10,10,L,L,L,L,613,1721711474924600000000000,37743469837292600000000000,36021758362368000000000000
657,66-7,0,5,129.14,108.52,1,0,9.7,0.16,552,454,450,0,70,10,10,10,L,L,L,L,613,2565014385860190000000000,38586772748228200000000000,36021758362368000000000000
658,66-8,0,5,129.34,108.52,1,0,9.7,0.16,553,454,451,0,70,10,10,10,L,L,L,L,613,1366175001854170000000000,39497539892038700000000000,38131364890184500000000000
659,66-9,0,5,129.53,108.53,1,0,9.7,0.16,554,454,451,0,70,10,10,10,L,L,L,L,613,2349803517169450000000000,40481168407353900000000000,38131364890184500000000000
660,66-10,1,5,129.64,108.53,1,0,4.5,0.08,555,455,451,0,70,10,10,10,L,L,L,L,613,5448393024204210000000000,45792762390056400000000000,40344369365852200000000000
661,67-1,0,5,129.84,108.53,1,0,9.7,0.16,556,456,452,0,70,10,10,10,L,L,L,L,613,1754373000565680000000000,46940066690320200000000000,45185693689754500000000000
662,67-2,0,5,130.03,108.53,1,0,9.7,0.16,556,456,452,0,70,10,10,10,L,L,L,L,613,2993461644850510000000000,48179155334605000000000000,45185693689754500000000000
663,67-3,0,5,130.23,108.54,1,0,9.7,0.16,557,456,453,0,70,10,10,10,L,L,L,L,613,1685386952185170000000000,49517371070432600000000000,47831984118247400000000000
664,67-4,0,5,130.42,108.54,1,0,9.7,0.16,558,456,453,0,70,10,10,10,L,L,L,L,613,3130659946879000000000000,50962644065126400000000000,47831984118247400000000000
665,67-5,0,5,130.62,108.54,1,0,9.7,0.16,559,457,453,0,70,10,10,10,L,L,L,L,613,1915561966870760000000000,52523538899395800000000000,50607976932525000000000000
666,67-6,0,5,130.81,108.55,1,0,9.7,0.16,560,457,453,0,70,10,10,10,L,L,L,L,613,3601328387881640000000000,54209305320406700000000000,50607976932525000000000000
667,67-7,0,5,131.01,108.55,1,0,9.7,0.16,561,457,454,0,70,10,10,10,L,L,L,L,613,2458110842661280000000000,56029933055098400000000000,53571822212437100000000000
668,67-8,0,5,131.2,108.55,1,0,9.7,0.16,562,457,454,0,70,10,10,10,L,L,L,L,613,4424388796128370000000000,57996211008565500000000000,53571822212437100000000000
669,67-9,0,5,131.4,108.56,1,0,9.7,0.16,563,458,454,0,70,10,10,10,L,L,L,L,613,3438857033881950000000000,60119791198310000000000000,56680934164428000000000000
670,67-10,1,5,131.51,108.56,1,0,4.5,0.08,563,458,455,0,70,10,10,10,L,L,L,L,613,11586683345000500000000000,71587124222930100000000000,60000440877929600000000000
671,68-1,0,5,131.7,108.56,1,0,9.7,0.16,564,460,456,0,70,10,10,10,L,L,L,L,613,2963504340389490000000000,74064068156248000000000000,71100563815858500000000000
672,68-2,0,5,131.9,108.56,1,0,9.7,0.16,565,460,456,0,70,10,10,10,L,L,L,L,613,5638603788372870000000000,76739167604231400000000000,71100563815858500000000000
673,68-3,0,5,132.1,108.57,1,0,9.7,0.16,566,460,457,0,70,10,10,10,L,L,L,L,613,4363721970778550000000000,79628275008053400000000000,75264553037274900000000000
674,68-4,0,5,132.29,108.57,1,0,9.7,0.16,567,460,457,0,70,10,10,10,L,L,L,L,613,7483957966906360000000000,82748511004181200000000000,75264553037274900000000000
675,68-5,0,5,132.49,108.57,1,0,9.7,0.16,568,461,457,0,70,10,10,10,L,L,L,L,613,6485734406237740000000000,86118365879999300000000000,79632631473761500000000000
676,68-6,0,5,132.68,108.58,1,0,9.7,0.16,568,461,458,0,70,10,10,10,L,L,L,L,613,5461509744134890000000000,89757809145882800000000000,84296299401747900000000000
677,68-7,0,5,132.88,108.58,1,0,9.7,0.16,569,462,458,0,70,10,10,10,L,L,L,L,613,4499860622423990000000000,93688407873036900000000000,89188547250612900000000000
678,68-8,0,5,133.16,114.5,2,0,9.7,0.25,570,473,469,0,70,10,10,10,L,L,L,L,613,13735366851883100000000000,323982187296999000000000000,310246820445116000000000000
679,68-9,0,5,133.36,114.51,1,0,9.7,0.16,571,473,469,0,70,10,10,10,L,L,L,L,613,18320017207235700000000000,328566837652352000000000000,310246820445116000000000000
680,68-10,1,5,133.47,114.51,1,0,4.5,0.08,572,473,470,0,70,10,10,10,L,L,L,L,613,24907590841493700000000000,353323949571256000000000000,328416358729762000000000000
681,69-1,0,5,133.66,114.51,1,0,9.7,0.16,573,474,470,0,70,10,10,10,L,L,L,L,623,11195046847209200000000000,358671485745739000000000000,347476438898530000000000000
682,69-2,0,5,133.86,114.51,1,0,9.7,0.16,574,474,470,0,70,10,10,10,L,L,L,L,623,16970385915651100000000000,364446824814181000000000000,347476438898530000000000000
683,69-3,0,5,134.05,114.52,1,0,9.7,0.16,574,474,470,0,70,10,10,10,L,L,L,L,623,23207752109568400000000000,370684191008098000000000000,347476438898530000000000000
684,69-4,0,5,134.25,114.52,1,0,9.7,0.16,575,474,471,0,70,10,10,10,L,L,L,L,623,9594224720195500000000000,377420546497529000000000000,367826321777333000000000000
685,69-5,0,5,134.44,114.52,1,0,9.7,0.16,576,474,471,0,70,10,10,10,L,L,L,L,623,16869488648780600000000000,384695810426114000000000000,367826321777333000000000000
686,69-6,0,5,134.64,114.53,1,0,9.7,0.16,577,474,471,0,70,10,10,10,L,L,L,L,623,24726773691652600000000000,392553095468986000000000000,367826321777333000000000000
687,69-7,0,5,134.84,114.53,1,0,9.7,0.16,578,475,471,0,70,10,10,10,L,L,L,L,623,11865351748934300000000000,401038963315288000000000000,389173611566354000000000000
688,69-8,0,5,135.03,114.53,1,0,9.7,0.16,579,475,471,0,70,10,10,10,L,L,L,L,623,21030089022940200000000000,410203700589294000000000000,389173611566354000000000000
689,69-9,0,5,135.23,114.54,1,0,9.7,0.16,579,475,471,0,70,10,10,10,L,L,L,L,623,30928005278866500000000000,420101616845220000000000000,389173611566354000000000000
690,69-10,1,5,135.34,114.54,1,0,4.5,0.08,580,475,472,0,70,10,10,10,L,L,L,L,623,61584884236608600000000000,473550364627222000000000000,411965480390614000000000000
691,70-1,0,5,135.53,114.54,1,0,9.7,0.16,581,476,473,0,70,10,10,10,L,L,L,L,623,23693956110647400000000000,485095294148135000000000000,461401338037487000000000000
692,70-2,0,5,135.73,114.55,1,0,9.7,0.16,582,476,473,0,70,10,10,10,L,L,L,L,623,36162479993232900000000000,497563818030720000000000000,461401338037487000000000000
693,70-3,0,5,135.92,114.55,1,0,9.7,0.16,583,477,473,0,70,10,10,10,L,L,L,L,623,22850445475078400000000000,511029823823913000000000000,488179378348834000000000000
694,70-4,0,5,136.12,114.55,1,0,9.7,0.16,584,477,473,0,70,10,10,10,L,L,L,L,623,37393731731726100000000000,525573110080560000000000000,488179378348834000000000000
695,70-5,0,5,136.31,114.56,1,0,9.7,0.16,584,477,474,0,70,10,10,10,L,L,L,L,623,24510360635753800000000000,541279859237740000000000000,516769498601986000000000000
696,70-6,0,5,136.51,114.56,1,0,9.7,0.16,585,477,474,0,70,10,10,10,L,L,L,L,623,41473649725507700000000000,558243148327494000000000000,516769498601986000000000000
697,70-7,0,5,136.7,114.56,1,0,9.7,0.16,586,478,474,0,70,10,10,10,L,L,L,L,623,29802596793733500000000000,576563500544428000000000000,546760903750694000000000000
698,70-8,0,5,136.9,114.56,1,0,9.7,0.16,587,478,474,0,70,10,10,10,L,L,L,L,623,49588577188022400000000000,596349480938717000000000000,546760903750694000000000000
699,70-9,0,5,137.1,114.57,1,0,9.7,0.16,588,478,475,0,70,10,10,10,L,L,L,L,623,38936501330324400000000000,617718339764549000000000000,578781838434224000000000000
700,70-10,1,5,137.2,114.57,1,0,4.5,0.08,588,479,475,0,70,10,10,10,L,L,L,L,623,120737965223264000000000000,733110177424042000000000000,612372212200778000000000000
701,71-1,0,5,137.4,114.57,1,0,9.7,0.16,589,480,477,0,70,10,10,10,L,L,L,L,623,32010876226601100000000000,758034814358492000000000000,726023938131891000000000000
702,71-2,0,5,137.6,114.58,1,0,9.7,0.16,590,480,477,0,70,10,10,10,L,L,L,L,623,58929484115807600000000000,784953422247699000000000000,726023938131891000000000000
703,71-3,0,5,137.79,114.58,1,0,9.7,0.16,591,481,477,0,70,10,10,10,L,L,L,L,623,45865815783386200000000000,814025518768042000000000000,768159702984655000000000000
704,71-4,0,5,137.99,114.58,1,0,9.7,0.16,592,481,478,0,70,10,10,10,L,L,L,L,623,32276572302294200000000000,845423383010012000000000000,813146810707718000000000000
705,71-5,0,5,138.36,118.01,1,0,9.7,0.16,593,488,485,0,70,10,10,10,L,L,L,L,623,78606730150798800000000000,1876215266073900000000000000,1797608535923100000000000000
706,71-6,0,5,138.55,118.01,1,0,9.7,0.16,594,488,485,0,70,10,10,10,L,L,L,L,623,115229199002633000000000000,1912837734925740000000000000,1797608535923100000000000000
707,71-7,0,5,138.75,118.01,1,0,9.7,0.16,595,489,485,0,70,10,10,10,L,L,L,L,623,50454863182152200000000000,1952390001285720000000000000,1901935138103570000000000000
708,71-8,0,5,138.94,118.02,1,0,9.7,0.16,596,489,485,0,70,10,10,10,L,L,L,L,623,93171310850931800000000000,1995106448954500000000000000,1901935138103570000000000000
709,71-9,0,5,139.14,118.02,1,0,9.7,0.16,597,489,485,0,70,10,10,10,L,L,L,L,623,139305074333214000000000000,2041240212436780000000000000,1901935138103570000000000000
710,71-10,1,5,139.25,118.02,1,0,4.5,0.08,597,489,486,0,70,10,10,10,L,L,L,L,623,277040975007226000000000000,2290362535241100000000000000,2013321560233880000000000000
711,72-1,0,5,139.44,118.02,1,0,9.7,0.16,598,490,487,0,70,10,10,10,L,L,L,L,623,89252809504894200000000000,2344172956966840000000000000,2254920147461940000000000000
712,72-2,0,5,139.64,118.03,1,0,9.7,0.16,599,490,487,0,70,10,10,10,L,L,L,L,623,147368064968687000000000000,2402288212430630000000000000,2254920147461940000000000000
713,72-3,0,5,139.84,118.03,1,0,9.7,0.16,600,491,487,0,70,10,10,10,L,L,L,L,623,79265251094410800000000000,2465052688331530000000000000,2385787437237110000000000000
714,72-4,0,5,140.03,118.03,1,0,9.7,0.16,601,491,487,0,70,10,10,10,L,L,L,L,623,147050885067378000000000000,2532838322304490000000000000,2385787437237110000000000000
715,72-5,0,5,140.23,118.04,1,0,9.7,0.16,601,491,488,0,70,10,10,10,L,L,L,L,623,80536241837921500000000000,2606046806995300000000000000,2525510565157380000000000000
716,72-6,0,5,140.42,118.04,1,0,9.7,0.16,602,491,488,0,70,10,10,10,L,L,L,L,623,159601405303991000000000000,2685111970461370000000000000,2525510565157380000000000000
717,72-7,0,5,140.62,118.04,1,0,9.7,0.16,603,492,488,0,70,10,10,10,L,L,L,L,623,98420417299153400000000000,2770502347004720000000000000,2672081929705570000000000000
718,72-8,0,5,140.81,118.05,1,0,9.7,0.16,604,492,488,0,70,10,10,10,L,L,L,L,623,190642023965977000000000000,2862723953671550000000000000,2672081929705570000000000000
719,72-9,0,5,141.01,118.05,1,0,9.7,0.16,605,492,489,0,70,10,10,10,L,L,L,L,623,133751455895453000000000000,2962323288871720000000000000,2828571832976260000000000000
720,72-10,1,5,141.12,118.05,1,0,4.5,0.08,605,492,489,0,70,10,10,10,L,L,L,L,623,671587865976366000000000000,3500159698952630000000000000,2828571832976260000000000000
721,73-1,0,5,141.31,118.06,1,0,9.7,0.16,606,494,490,0,70,10,10,10,L,L,L,L,633,264472790907439000000000000,3616332363530110000000000000,3351859572622670000000000000
722,73-2,0,5,141.51,118.06,1,0,9.7,0.16,607,494,491,0,70,10,10,10,L,L,L,L,633,193638333988357000000000000,3741798841273780000000000000,3548160507285420000000000000
723,73-3,0,5,141.7,118.06,1,0,9.7,0.16,608,494,491,0,70,10,10,10,L,L,L,L,633,329142129951527000000000000,3877302637236950000000000000,3548160507285420000000000000
724,73-4,0,5,141.9,118.06,1,0,9.7,0.16,609,495,491,0,70,10,10,10,L,L,L,L,633,269564015539787000000000000,4023646736877180000000000000,3754082721337390000000000000
725,73-5,0,5,142.1,118.07,1,0,9.7,0.16,610,495,492,0,70,10,10,10,L,L,L,L,633,207758596328940000000000000,4181698364488620000000000000,3973939768159680000000000000
726,73-6,0,5,142.29,118.07,1,0,9.7,0.16,611,495,492,0,70,10,10,10,L,L,L,L,633,378454354149296000000000000,4352394122308970000000000000,3973939768159680000000000000
727,73-7,0,5,142.49,118.07,1,0,9.7,0.16,611,496,492,0,70,10,10,10,L,L,L,L,633,332172892857082000000000000,4536745540754960000000000000,4204572647897870000000000000
728,73-8,0,5,142.68,118.08,1,0,9.7,0.16,612,496,493,0,70,10,10,10,L,L,L,L,633,285032532337783000000000000,4735845072676620000000000000,4450812540338840000000000000
729,73-9,0,5,142.88,118.08,1,0,9.7,0.16,613,497,493,0,70,10,10,10,L,L,L,L,633,241751201506397000000000000,4950872567152020000000000000,4709121365645620000000000000
730,73-10,1,5,142.99,118.08,1,0,4.5,0.08,614,497,493,0,70,10,10,10,L,L,L,L,633,1402899671673540000000000000,6112021037319160000000000000,4709121365645620000000000000
731,74-1,0,5,143.18,118.09,1,0,9.7,0.16,615,499,495,0,70,10,10,10,L,L,L,L,633,330303231031344000000000000,6237425072097210000000000000,5907121841065860000000000000
732,74-2,0,5,143.38,118.09,1,0,9.7,0.16,615,499,495,0,70,10,10,10,L,L,L,L,633,465739588591640000000000000,6372861429657510000000000000,5907121841065860000000000000
733,74-3,0,5,143.57,118.09,1,0,9.7,0.16,616,499,496,0,70,10,10,10,L,L,L,L,633,266061535149461000000000000,6519132695822630000000000000,6253071160673160000000000000
734,74-4,0,5,143.77,118.1,1,0,9.7,0.16,617,499,496,0,70,10,10,10,L,L,L,L,633,424034502607790000000000000,6677105663280950000000000000,6253071160673160000000000000
735,74-5,0,5,143.96,118.1,1,0,9.7,0.16,618,500,496,0,70,10,10,10,L,L,L,L,633,231740006142178000000000000,6847716468135950000000000000,6615976461993770000000000000
736,74-6,0,5,144.16,118.1,1,0,9.7,0.16,619,500,496,0,70,10,10,10,L,L,L,L,633,415999675385572000000000000,7031976137379340000000000000,6615976461993770000000000000
737,74-7,0,5,144.36,118.11,1,0,9.7,0.16,620,500,497,0,70,10,10,10,L,L,L,L,633,227536880208265000000000000,7230976580162210000000000000,7003439699953940000000000000
738,74-8,0,5,144.55,118.11,1,0,9.7,0.16,621,500,497,0,70,10,10,10,L,L,L,L,633,442457358413761000000000000,7445897058367710000000000000,7003439699953940000000000000
739,74-9,0,5,144.75,118.11,1,0,9.7,0.16,621,501,497,0,70,10,10,10,L,L,L,L,633,268117537396616000000000000,7678011174829640000000000000,7409893637433020000000000000
740,74-10,1,5,144.86,118.11,1,0,4.5,0.08,622,501,497,0,70,10,10,10,L,L,L,L,633,1521533766291070000000000000,8931427403724090000000000000,7409893637433020000000000000
741,75-1,0,5,145.05,118.12,1,0,9.7,0.16,623,502,499,0,70,10,10,10,L,L,L,L,633,417050549543062000000000000,9202165309165290000000000000,8785114759622230000000000000
742,75-2,0,5,145.25,118.12,1,0,9.7,0.16,624,502,499,0,70,10,10,10,L,L,L,L,633,709447487419559000000000000,9494562247041790000000000000,8785114759622230000000000000
743,75-3,0,5,145.44,118.12,1,0,9.7,0.16,625,503,499,0,70,10,10,10,L,L,L,L,633,515380361152418000000000000,9810350939948400000000000000,9294970578795980000000000000
744,75-4,0,5,145.64,118.13,1,0,9.7,0.16,626,503,499,0,70,10,10,10,L,L,L,L,633,856432149491565000000000000,10151402728287600000000000000,9294970578795980000000000000
745,75-5,0,5,145.83,118.13,1,0,9.7,0.16,626,503,500,0,70,10,10,10,L,L,L,L,633,680410128916933000000000000,10519738659693800000000000000,9839328530776890000000000000
746,75-6,0,5,146.03,118.13,1,0,9.7,0.16,627,504,500,0,70,10,10,10,L,L,L,L,633,507174417361104000000000000,10917541465612600000000000000,10410367048251500000000000000
747,75-7,0,5,146.22,118.14,1,0,9.7,0.16,628,504,500,0,70,10,10,10,L,L,L,L,633,936801447753387000000000000,11347168496004900000000000000,10410367048251500000000000000
748,75-8,0,5,146.42,118.14,1,0,9.7,0.16,629,504,501,0,70,10,10,10,L,L,L,L,633,791117734358433000000000000,11811165688828600000000000000,11020047954470100000000000000
749,75-9,0,5,146.62,118.14,1,0,9.7,0.16,630,505,501,0,70,10,10,10,L,L,L,L,633,652671563036430000000000000,12312282657078100000000000000,11659611094041700000000000000
750,75-10,1,5,146.72,118.15,1,0,4.5,0.08,630,505,501,0,70,10,10,10,L,L,L,L,633,3358703191584050000000000000,15018314285625700000000000000,11659611094041700000000000000
751,76-1,0,5,146.92,118.15,1,0,9.7,0.16,631,507,503,0,70,10,10,10,L,L,L,L,643,977000961026126000000000000,15602817117392000000000000000,14625816156365900000000000000
752,76-2,0,5,147.12,118.15,1,0,9.7,0.16,632,507,504,0,70,10,10,10,L,L,L,L,643,751706243121801000000000000,16234080175699600000000000000,15482373932577800000000000000
753,76-3,0,5,147.31,118.16,1,0,9.7,0.16,633,507,504,0,70,10,10,10,L,L,L,L,643,1433470346094000000000000000,16915844278671800000000000000,15482373932577800000000000000
754,76-4,0,5,147.51,118.16,1,0,9.7,0.16,634,508,504,0,70,10,10,10,L,L,L,L,643,1271235414751970000000000000,17652149509881800000000000000,16380914095129800000000000000
755,76-5,0,5,147.7,118.16,1,0,9.7,0.16,635,508,505,0,70,10,10,10,L,L,L,L,643,1107100355101400000000000000,18447359159588500000000000000,17340258804487100000000000000
756,76-6,0,5,147.9,118.16,1,0,9.7,0.16,636,509,505,0,70,10,10,10,L,L,L,L,643,959561794726474000000000000,19306185581271900000000000000,18346623786545400000000000000
757,76-7,0,5,148.09,118.17,1,0,9.7,0.16,637,509,505,0,70,10,10,10,L,L,L,L,643,1887094330144450000000000000,20233718116689800000000000000,18346623786545400000000000000
758,76-8,0,5,148.29,118.17,1,0,9.7,0.16,637,509,506,0,70,10,10,10,L,L,L,L,643,1814363393915640000000000000,21235453254941200000000000000,19421089861025600000000000000
759,76-9,0,5,148.48,118.17,1,0,9.7,0.16,638,510,506,0,70,10,10,10,L,L,L,L,643,1769108563321940000000000000,22317327204252800000000000000,20548218640930800000000000000
760,76-10,1,5,148.59,118.18,1,0,4.5,0.08,639,510,507,0,70,10,10,10,L,L,L,L,643,6407825886186330000000000000,28159446530535000000000000000,21751620644348700000000000000
761,77-1,0,5,148.79,118.18,1,0,9.7,0.16,640,512,509,0,70,10,10,10,L,L,L,L,643,2136111368740990000000000000,29421344305012000000000000000,27285232936271000000000000000
762,77-2,0,5,148.98,118.18,1,0,9.7,0.16,641,513,509,0,70,10,10,10,L,L,L,L,643,1915426182681430000000000000,30784193901447100000000000000,28868767718765700000000000000
763,77-3,0,5,149.18,118.19,1,0,9.7,0.16,641,513,510,0,70,10,10,10,L,L,L,L,643,1696610576973520000000000000,32256071465597000000000000000,30559460888623500000000000000
764,77-4,0,5,149.38,118.19,1,0,9.7,0.16,642,513,510,0,70,10,10,10,L,L,L,L,643,3286238346255450000000000000,33845699234879000000000000000,30559460888623500000000000000
765,77-5,0,5,149.57,118.19,1,0,9.7,0.16,643,514,510,0,70,10,10,10,L,L,L,L,643,3229477380685880000000000000,35562497225703400000000000000,32333019845017600000000000000
766,77-6,0,5,149.77,118.2,1,0,9.7,0.16,644,514,511,0,70,10,10,10,L,L,L,L,643,3190042860535550000000000000,37416639055793900000000000000,34226596195258300000000000000
767,77-7,0,5,149.96,118.2,1,0,9.7,0.16,645,515,511,0,70,10,10,10,L,L,L,L,643,3206130005871890000000000000,39419112232291500000000000000,36212982226419700000000000000
768,77-8,0,6,150.16,128,2,0,9.7,0.17,646,532,529,0,70,10,10,10,L,L,L,L,643,14111571578666400000000000000,277312925600215000000000000000,263201354021549000000000000000
769,77-9,0,6,150.36,128.01,1,0,9.7,0.16,647,532,529,0,70,10,10,10,L,L,L,L,643,18782941004800100000000000000,281984295026349000000000000000,263201354021549000000000000000
770,77-10,1,6,150.47,128.01,1,0,4.5,0.08,647,533,529,0,70,10,10,10,L,L,L,L,643,28733095270583400000000000000,307209689927472000000000000000,278476594656888000000000000000
771,78-1,0,6,150.66,128.01,1,0,9.7,0.16,648,533,530,0,70,10,10,10,L,L,L,L,643,17872858721979000000000000000,312658375226114000000000000000,294785516504135000000000000000
772,78-2,0,6,150.86,128.01,1,0,9.7,0.16,649,534,530,0,70,10,10,10,L,L,L,L,643,6649169332933030000000000000,318542955348648000000000000000,311893786015715000000000000000
773,78-3,0,6,151.05,128.02,1,0,9.7,0.16,650,534,530,0,70,10,10,10,L,L,L,L,643,13004515865269600000000000000,324898301880984000000000000000,311893786015715000000000000000
774,78-4,0,6,151.25,128.02,1,0,9.7,0.16,651,534,530,0,70,10,10,10,L,L,L,L,643,19868290120193000000000000000,331762076135908000000000000000,311893786015715000000000000000
775,78-5,0,6,151.44,128.02,1,0,9.7,0.16,652,534,531,0,70,10,10,10,L,L,L,L,643,9015173846593990000000000000,339174952331225000000000000000,330159778484631000000000000000
776,78-6,0,6,151.64,128.03,1,0,9.7,0.16,652,534,531,0,70,10,10,10,L,L,L,L,643,17021080137536700000000000000,347180858622168000000000000000,330159778484631000000000000000
777,78-7,0,6,151.84,128.03,1,0,9.7,0.16,653,534,531,0,70,10,10,10,L,L,L,L,643,25667458931754900000000000000,355827237416386000000000000000,330159778484631000000000000000
778,78-8,0,6,152.03,128.03,1,0,9.7,0.16,654,535,531,0,70,10,10,10,L,L,L,L,643,15844286176541000000000000000,365165326514142000000000000000,349321040337601000000000000000
779,78-9,0,6,152.23,128.04,1,0,9.7,0.16,655,535,531,0,70,10,10,10,L,L,L,L,643,25929422402117100000000000000,375250462739718000000000000000,349321040337601000000000000000
780,78-10,1,6,152.34,128.04,1,0,4.5,0.08,656,535,532,0,70,10,10,10,L,L,L,L,643,59931246455041400000000000000,429710198357828000000000000000,369778951902787000000000000000
781,79-1,0,6,152.53,128.04,1,0,9.7,0.16,657,536,533,0,70,10,10,10,L,L,L,L,653,27321075120218800000000000000,441473501251340000000000000000,414152426131121000000000000000
782,79-2,0,6,152.73,128.05,1,0,9.7,0.16,657,537,533,0,70,10,10,10,L,L,L,L,653,15989555376846800000000000000,454177868376333000000000000000,438188312999486000000000000000
783,79-3,0,6,152.92,128.05,1,0,9.7,0.16,658,537,533,0,70,10,10,10,L,L,L,L,653,29710271871839100000000000000,467898584871325000000000000000,438188312999486000000000000000
784,79-4,0,6,153.12,128.05,1,0,9.7,0.16,659,537,534,0,70,10,10,10,L,L,L,L,653,18866241419061000000000000000,482716958685917000000000000000,463850717266856000000000000000
785,79-5,0,6,153.31,128.06,1,0,9.7,0.16,660,537,534,0,70,10,10,10,L,L,L,L,653,34870085138820000000000000000,498720802405676000000000000000,463850717266856000000000000000
786,79-6,0,6,153.51,128.06,1,0,9.7,0.16,661,538,534,0,70,10,10,10,L,L,L,L,653,25234043063591100000000000000,516004953623016000000000000000,490770910559425000000000000000
787,79-7,0,6,153.7,128.06,1,0,9.7,0.16,662,538,534,0,70,10,10,10,L,L,L,L,653,43900926378318000000000000000,534671836937743000000000000000,490770910559425000000000000000
788,79-8,0,6,153.9,128.06,1,0,9.7,0.16,663,538,535,0,70,10,10,10,L,L,L,L,653,35319267578769000000000000000,554832070917648000000000000000,519512803338879000000000000000
789,79-9,0,6,154.1,128.07,1,0,9.7,0.16,663,539,535,0,70,10,10,10,L,L,L,L,653,26941703789389600000000000000,576605123615945000000000000000,549663419826556000000000000000
790,79-10,1,6,154.2,128.07,1,0,4.5,0.08,664,539,535,0,70,10,10,10,L,L,L,L,653,144516188360196000000000000000,694179608186752000000000000000,549663419826556000000000000000
791,80-1,0,6,154.4,128.07,1,0,9.7,0.16,665,541,537,0,70,10,10,10,L,L,L,L,653,30077903023614100000000000000,719575696854046000000000000000,689497793830432000000000000000
792,80-2,0,6,154.6,128.08,1,0,9.7,0.16,666,541,537,0,70,10,10,10,L,L,L,L,653,57505678784291800000000000000,747003472614723000000000000000,689497793830432000000000000000
793,80-3,0,6,154.79,128.08,1,0,9.7,0.16,667,541,538,0,70,10,10,10,L,L,L,L,653,46747386666970800000000000000,776625470436255000000000000000,729878083769285000000000000000
794,80-4,0,6,154.99,128.08,1,0,9.7,0.16,668,542,538,0,70,10,10,10,L,L,L,L,653,36379698993426300000000000000,808617228083510000000000000000,772237529090083000000000000000
795,80-5,0,6,155.18,128.09,1,0,9.7,0.16,668,542,538,0,70,10,10,10,L,L,L,L,653,70930797252461200000000000000,843168326342545000000000000000,772237529090083000000000000000
796,80-6,0,6,155.38,128.09,1,0,9.7,0.16,669,542,539,0,70,10,10,10,L,L,L,L,653,63020058640703500000000000000,880483512462302000000000000000,817463453821599000000000000000
797,80-7,0,6,155.57,128.09,1,0,9.7,0.16,670,543,539,0,70,10,10,10,L,L,L,L,653,55877880890747000000000000000,920783913471641000000000000000,864906032580893000000000000000
798,80-8,0,6,155.77,128.1,1,0,9.7,0.16,671,543,540,0,70,10,10,10,L,L,L,L,653,48749278281535100000000000000,964308346561726000000000000000,915559068280191000000000000000
799,80-9,0,6,155.96,128.1,1,0,9.7,0.16,672,543,540,0,70,10,10,10,L,L,L,L,653,95755666018827200000000000000,1011314734299020000000000000000,915559068280191000000000000000
800,80-10,1,6,156.07,128.1,1,0,4.5,0.08,672,544,540,0,70,10,10,10,L,L,L,L,653,296454471589795000000000000000,1265149228080400000000000000000,968694756490601000000000000000
801,81-1,0,6,156.27,128.1,1,0,9.7,0.16,673,546,542,0,70,10,10,10,L,L,L,L,653,104846776195363000000000000000,1319977478737170000000000000000,1215130702541810000000000000000
802,81-2,0,6,156.46,128.11,1,0,9.7,0.16,674,546,543,0,70,10,10,10,L,L,L,L,653,92897418765740600000000000000,1379191989446490000000000000000,1286294570680750000000000000000
803,81-3,0,6,156.66,128.11,1,0,9.7,0.16,675,547,543,0,70,10,10,10,L,L,L,L,653,82197274165730800000000000000,1443143661012560000000000000000,1360946386846830000000000000000
804,81-4,0,6,156.86,128.11,1,0,9.7,0.16,676,547,544,0,70,10,10,10,L,L,L,L,653,71561547141466100000000000000,1512211466303910000000000000000,1440649919162440000000000000000
805,81-5,0,6,157.05,128.12,1,0,9.7,0.16,677,547,544,0,70,10,10,10,L,L,L,L,653,146154776856125000000000000000,1586804696018570000000000000000,1440649919162440000000000000000
806,81-6,0,6,157.25,128.12,1,0,9.7,0.16,678,548,544,0,70,10,10,10,L,L,L,L,653,143105430841952000000000000000,1667365384110400000000000000000,1524259953268450000000000000000
807,81-7,0,6,157.44,128.12,1,0,9.7,0.16,679,548,545,0,70,10,10,10,L,L,L,L,653,140843017787641000000000000000,1754370927249580000000000000000,1613527909461940000000000000000
808,81-8,0,6,157.64,128.13,1,0,9.7,0.16,679,549,545,0,70,10,10,10,L,L,L,L,653,141165766179228000000000000000,1848336913839890000000000000000,1707171147660660000000000000000
809,81-9,0,6,157.83,128.13,1,0,9.7,0.16,680,549,546,0,70,10,10,10,L,L,L,L,653,142668920760057000000000000000,1949820179357430000000000000000,1807151258597370000000000000000
810,81-10,1,6,157.94,128.13,1,0,4.5,0.08,681,550,546,0,70,10,10,10,L,L,L,L,653,585798127772186000000000000000,2497829813152130000000000000000,1912031685379940000000000000000
811,82-1,0,6,158.16,132.5,2,0,9.7,0.19,682,561,558,0,70,10,10,10,L,L,L,L,663,227526155011824000000000000000,7268144073408230000000000000000,7040617918396410000000000000000
812,82-2,0,6,158.36,132.51,1,0,9.7,0.16,683,561,558,0,70,10,10,10,L,L,L,L,663,355365842383452000000000000000,7395983760779860000000000000000,7040617918396410000000000000000
813,82-3,0,6,158.55,132.51,1,0,9.7,0.16,684,561,558,0,70,10,10,10,L,L,L,L,663,493432704744810000000000000000,7534050623141220000000000000000,7040617918396410000000000000000
814,82-4,0,6,158.75,132.51,1,0,9.7,0.16,684,562,558,0,70,10,10,10,L,L,L,L,663,233933291262095000000000000000,7683162834491480000000000000000,7449229543229390000000000000000
815,82-5,0,6,158.94,132.52,1,0,9.7,0.16,685,562,558,0,70,10,10,10,L,L,L,L,663,394974479520383000000000000000,7844204022749770000000000000000,7449229543229390000000000000000
816,82-6,0,6,159.14,132.52,1,0,9.7,0.16,686,562,558,0,70,10,10,10,L,L,L,L,663,568898962839334000000000000000,8018128506068720000000000000000,7449229543229390000000000000000
817,82-7,0,6,159.34,132.52,1,0,9.7,0.16,687,562,559,0,70,10,10,10,L,L,L,L,663,320474879449212000000000000000,8205966948053190000000000000000,7885492068603980000000000000000
818,82-8,0,6,159.53,132.53,1,0,9.7,0.16,688,562,559,0,70,10,10,10,L,L,L,L,663,523340396792436000000000000000,8408832465396410000000000000000,7885492068603980000000000000000
819,82-9,0,6,159.73,132.53,1,0,9.7,0.16,689,563,559,0,70,10,10,10,L,L,L,L,663,284790135710180000000000000000,8627927224127100000000000000000,8343137088416920000000000000000
820,82-10,1,6,159.84,132.53,1,0,4.5,0.08,689,563,559,0,70,10,10,10,L,L,L,L,663,1467901832855860000000000000000,9811038921272780000000000000000,8343137088416920000000000000000
821,83-1,0,6,160.03,132.53,1,0,9.7,0.16,690,564,560,0,70,10,10,10,L,L,L,L,663,722277508829302000000000000000,10066591047856200000000000000000,9344313539026950000000000000000
822,83-2,0,6,160.23,132.54,1,0,9.7,0.16,691,564,561,0,70,10,10,10,L,L,L,L,663,451026093709563000000000000000,10342587344566400000000000000000,9891561250856830000000000000000
823,83-3,0,6,160.42,132.54,1,0,9.7,0.16,692,564,561,0,70,10,10,10,L,L,L,L,663,749102094156520000000000000000,10640663345013400000000000000000,9891561250856830000000000000000
824,83-4,0,6,160.62,132.54,1,0,9.7,0.16,693,565,561,0,70,10,10,10,L,L,L,L,663,496954261785883000000000000000,10962585425496100000000000000000,10465631163710200000000000000000
825,83-5,0,6,160.81,132.55,1,0,9.7,0.16,694,565,561,0,70,10,10,10,L,L,L,L,663,844630108707214000000000000000,11310261272417400000000000000000,10465631163710200000000000000000
826,83-6,0,6,161.01,132.55,1,0,9.7,0.16,695,565,562,0,70,10,10,10,L,L,L,L,663,607202586132780000000000000000,11685751187092400000000000000000,11078548600959700000000000000000
827,83-7,0,6,161.2,132.55,1,0,9.7,0.16,695,565,562,0,70,10,10,10,L,L,L,L,663,1012731693981820000000000000000,12091280294941500000000000000000,11078548600959700000000000000000
828,83-8,0,6,161.4,132.56,1,0,9.7,0.16,696,566,562,0,70,10,10,10,L,L,L,L,663,807744828063031000000000000000,12529251731418400000000000000000,11721506903355400000000000000000
829,83-9,0,6,161.6,132.56,1,0,9.7,0.16,697,566,563,0,70,10,10,10,L,L,L,L,663,594286449738744000000000000000,13002260882813600000000000000000,12407974433074800000000000000000
830,83-10,1,6,161.7,132.56,1,0,4.5,0.08,698,566,563,0,70,10,10,10,L,L,L,L,663,3148535867272390000000000000000,15556510300347200000000000000000,12407974433074800000000000000000
831,84-1,0,6,161.9,132.56,1,0,9.7,0.16,699,568,564,0,70,10,10,10,L,L,L,L,663,1404769914965450000000000000000,16108228174534500000000000000000,14703458259569000000000000000000
832,84-2,0,6,162.1,132.57,1,0,9.7,0.16,699,568,565,0,70,10,10,10,L,L,L,L,663,1139520349807680000000000000000,16704083478656700000000000000000,15564563128849000000000000000000
833,84-3,0,6,162.29,132.57,1,0,9.7,0.16,700,569,565,0,70,10,10,10,L,L,L,L,663,879733956391449000000000000000,17347607207108800000000000000000,16467873250717300000000000000000
834,84-4,0,6,162.49,132.57,1,0,9.7,0.16,701,569,565,0,70,10,10,10,L,L,L,L,663,1574739583119640000000000000000,18042612833836900000000000000000,16467873250717300000000000000000
835,84-5,0,6,162.68,132.58,1,0,9.7,0.16,702,569,566,0,70,10,10,10,L,L,L,L,663,1360908206392460000000000000000,18793218910703400000000000000000,17432310704310900000000000000000
836,84-6,0,6,162.88,132.58,1,0,9.7,0.16,703,570,566,0,70,10,10,10,L,L,L,L,663,1159855432915780000000000000000,19603873473719200000000000000000,18444018040803400000000000000000
837,84-7,0,6,163.16,138.5,2,0,9.7,0.25,704,581,577,0,70,10,10,10,L,L,L,L,663,2941685487711540000000000000000,67100124320812800000000000000000,64158438833101200000000000000000
838,84-8,0,6,163.36,138.51,1,0,9.7,0.16,705,581,577,0,70,10,10,10,L,L,L,L,663,3887232970013120000000000000000,68045671803114300000000000000000,64158438833101200000000000000000
839,84-9,0,6,163.55,138.51,1,0,9.7,0.16,706,581,578,0,70,10,10,10,L,L,L,L,663,1150999085384920000000000000000,69066863084000100000000000000000,67915863998615100000000000000000
840,84-10,1,6,163.66,138.51,1,0,4.5,0.08,706,581,578,0,70,10,10,10,L,L,L,L,663,6665432002167780000000000000000,74581296000782900000000000000000,67915863998615100000000000000000
841,85-1,0,6,163.86,138.51,1,0,9.7,0.16,707,582,578,0,70,10,10,10,L,L,L,L,663,3914962017734640000000000000000,75772413510808000000000000000000,71857451493073400000000000000000
842,85-2,0,6,164.05,138.52,1,0,9.7,0.16,708,582,578,0,70,10,10,10,L,L,L,L,663,5201368928561740000000000000000,77058820421635100000000000000000,71857451493073400000000000000000
843,85-3,0,6,164.25,138.52,1,0,9.7,0.16,709,582,579,0,70,10,10,10,L,L,L,L,663,2382372206879430000000000000000,78448139885328400000000000000000,76065767678449000000000000000000
844,85-4,0,6,164.44,138.52,1,0,9.7,0.16,710,582,579,0,70,10,10,10,L,L,L,L,663,3882837227668170000000000000000,79948604906117100000000000000000,76065767678449000000000000000000
845,85-5,0,6,164.64,138.53,1,0,9.7,0.16,711,582,579,0,70,10,10,10,L,L,L,L,663,5503339450120000000000000000000,81569107128569000000000000000000,76065767678449000000000000000000
846,85-6,0,6,164.84,138.53,1,0,9.7,0.16,711,583,579,0,70,10,10,10,L,L,L,L,663,2838903856574760000000000000000,83319249528816900000000000000000,80480345672242200000000000000000
847,85-7,0,6,165.03,138.53,1,0,9.7,0.16,712,583,579,0,70,10,10,10,L,L,L,L,663,4729057648842580000000000000000,85209403321084700000000000000000,80480345672242200000000000000000
848,85-8,0,6,165.23,138.54,1,0,9.7,0.16,713,583,580,0,70,10,10,10,L,L,L,L,663,2057109616871170000000000000000,87250769416734000000000000000000,85193659799862800000000000000000
849,85-9,0,6,165.42,138.54,1,0,9.7,0.16,714,583,580,0,70,10,10,10,L,L,L,L,663,4261785000172350000000000000000,89455444800035200000000000000000,85193659799862800000000000000000
850,85-10,1,6,165.53,138.54,1,0,4.5,0.08,715,583,580,0,70,10,10,10,L,L,L,L,663,16167032069998800000000000000000,101360691869862000000000000000000,85193659799862800000000000000000
851,86-1,0,6,165.73,138.55,1,0,9.7,0.16,715,585,581,0,70,10,10,10,L,L,L,L,673,2977679625683490000000000000000,103932225236944000000000000000000,100954545611261000000000000000000
852,86-2,0,6,165.92,138.55,1,0,9.7,0.16,716,585,581,0,70,10,10,10,L,L,L,L,673,5754935662132590000000000000000,106709481273393000000000000000000,100954545611261000000000000000000
853,86-3,0,6,166.12,138.55,1,0,9.7,0.16,717,585,581,0,70,10,10,10,L,L,L,L,673,8754372181497620000000000000000,109708917792758000000000000000000,100954545611261000000000000000000
854,86-4,0,6,166.31,138.56,1,0,9.7,0.16,718,585,582,0,70,10,10,10,L,L,L,L,673,6081382380724500000000000000000,112948309233672000000000000000000,106866926852948000000000000000000
855,86-5,0,6,166.51,138.56,1,0,9.7,0.16,719,585,582,0,70,10,10,10,L,L,L,L,673,9579925136911880000000000000000,116446851989860000000000000000000,106866926852948000000000000000000
856,86-6,0,6,166.7,138.56,1,0,9.7,0.16,720,586,582,0,70,10,10,10,L,L,L,L,673,7156187081930310000000000000000,120225278166542000000000000000000,113069091084612000000000000000000
857,86-7,0,6,166.9,138.56,1,0,9.7,0.16,721,586,583,0,70,10,10,10,L,L,L,L,673,4615020362057420000000000000000,124305978437359000000000000000000,119690958075302000000000000000000
858,86-8,0,6,167.1,138.57,1,0,9.7,0.16,722,586,583,0,70,10,10,10,L,L,L,L,673,9022176654539730000000000000000,128713134729841000000000000000000,119690958075302000000000000000000
859,86-9,0,6,167.29,138.57,1,0,9.7,0.16,722,587,583,0,70,10,10,10,L,L,L,L,673,6835481510957030000000000000000,133472863525722000000000000000000,126637382014765000000000000000000
860,86-10,1,6,167.4,138.57,1,0,4.5,0.08,723,587,583,0,70,10,10,10,L,L,L,L,673,32538017008713900000000000000000,159175399023479000000000000000000,126637382014765000000000000000000
861,87-1,0,6,167.6,138.58,1,0,9.7,0.16,724,589,585,0,70,10,10,10,L,L,L,L,673,5873214691673010000000000000000,164727146690995000000000000000000,158853931999322000000000000000000
862,87-2,0,6,167.79,138.58,1,0,9.7,0.16,725,589,585,0,70,10,10,10,L,L,L,L,673,11869102172589700000000000000000,170723034171911000000000000000000,158853931999322000000000000000000
863,87-3,0,6,167.99,138.58,1,0,9.7,0.16,726,589,586,0,70,10,10,10,L,L,L,L,673,9041414304483880000000000000000,177198592651301000000000000000000,168157178346818000000000000000000
864,87-4,0,6,168.36,142.01,1,0,9.7,0.16,727,596,593,0,70,10,10,10,L,L,L,L,673,18049229836498800000000000000000,389791177529677000000000000000000,371741947693178000000000000000000
865,87-5,0,6,168.55,142.01,1,0,9.7,0.16,728,596,593,0,70,10,10,10,L,L,L,L,673,25602321246859300000000000000000,397344268940037000000000000000000,371741947693178000000000000000000
866,87-6,0,6,168.75,142.01,1,0,9.7,0.16,729,597,593,0,70,10,10,10,L,L,L,L,673,12185121623266400000000000000000,405501607663227000000000000000000,393316486039960000000000000000000
867,87-7,0,6,168.94,142.02,1,0,9.7,0.16,730,597,593,0,70,10,10,10,L,L,L,L,673,20995047444310900000000000000000,414311533484271000000000000000000,393316486039960000000000000000000
868,87-8,0,6,169.14,142.02,1,0,9.7,0.16,730,597,593,0,70,10,10,10,L,L,L,L,673,30509767331039000000000000000000,423826253370999000000000000000000,393316486039960000000000000000000
869,87-9,0,6,169.34,142.02,1,0,9.7,0.16,731,597,594,0,70,10,10,10,L,L,L,L,673,17751169432306400000000000000000,434102150848666000000000000000000,416350981416359000000000000000000
870,87-10,1,6,169.44,142.02,1,0,4.5,0.08,732,597,594,0,70,10,10,10,L,L,L,L,673,73241015811704800000000000000000,489591997228064000000000000000000,416350981416359000000000000000000
871,88-1,0,6,169.64,142.03,1,0,9.7,0.16,733,598,595,0,70,10,10,10,L,L,L,L,673,35264704859691700000000000000000,501577804046014000000000000000000,466313099186323000000000000000000
872,88-2,0,6,169.84,142.03,1,0,9.7,0.16,733,599,595,0,70,10,10,10,L,L,L,L,673,21146275320873900000000000000000,514522475409400000000000000000000,493376200088526000000000000000000
873,88-3,0,6,170.03,142.03,1,0,9.7,0.16,734,599,595,0,70,10,10,10,L,L,L,L,673,35126520393330900000000000000000,528502720481857000000000000000000,493376200088526000000000000000000
874,88-4,0,6,170.23,142.04,1,0,9.7,0.16,735,599,596,0,70,10,10,10,L,L,L,L,673,21330714071429400000000000000000,543601385160111000000000000000000,522270671088681000000000000000000
875,88-5,0,6,170.42,142.04,1,0,9.7,0.16,736,599,596,0,70,10,10,10,L,L,L,L,673,37637271923943200000000000000000,559907943012625000000000000000000,522270671088681000000000000000000
876,88-6,0,6,170.62,142.04,1,0,9.7,0.16,737,600,596,0,70,10,10,10,L,L,L,L,673,24937681394189800000000000000000,577519025493339000000000000000000,552581344099150000000000000000000
877,88-7,0,6,170.81,142.05,1,0,9.7,0.16,738,600,596,0,70,10,10,10,L,L,L,L,673,43957650473361900000000000000000,596538994572511000000000000000000,552581344099150000000000000000000
878,88-8,0,6,171.01,142.05,1,0,9.7,0.16,739,600,597,0,70,10,10,10,L,L,L,L,673,32137409558694200000000000000000,617080561178017000000000000000000,584943151619323000000000000000000
879,88-9,0,6,171.2,142.05,1,0,9.7,0.16,739,600,597,0,70,10,10,10,L,L,L,L,673,54322301492640500000000000000000,639265453111964000000000000000000,584943151619323000000000000000000
880,88-10,1,6,171.31,142.06,1,0,4.5,0.08,740,601,597,0,70,10,10,10,L,L,L,L,673,140172764164226000000000000000000,759063869555274000000000000000000,618891105391048000000000000000000
881,89-1,0,6,171.51,142.06,1,0,9.7,0.16,741,602,599,0,70,10,10,10,L,L,L,L,683,51187638115749700000000000000000,784940327507029000000000000000000,733752689391279000000000000000000
882,89-2,0,6,171.7,142.06,1,0,9.7,0.16,742,603,599,0,70,10,10,10,L,L,L,L,683,36549899492393900000000000000000,812886902094924000000000000000000,776337002602531000000000000000000
883,89-3,0,6,171.9,142.06,1,0,9.7,0.16,743,603,599,0,70,10,10,10,L,L,L,L,683,66732200047320900000000000000000,843069202649851000000000000000000,776337002602531000000000000000000
884,89-4,0,6,172.1,142.07,1,0,9.7,0.16,743,603,600,0,70,10,10,10,L,L,L,L,683,53863075130939700000000000000000,875666087249172000000000000000000,821803012118233000000000000000000
885,89-5,0,6,172.29,142.07,1,0,9.7,0.16,744,604,600,0,70,10,10,10,L,L,L,L,683,41373279701605200000000000000000,910870722616439000000000000000000,869497442914834000000000000000000
886,89-6,0,6,172.49,142.07,1,0,9.7,0.16,745,604,600,0,70,10,10,10,L,L,L,L,683,79394285898253500000000000000000,948891728813088000000000000000000,869497442914834000000000000000000
887,89-7,0,6,172.68,142.08,1,0,9.7,0.16,746,604,601,0,70,10,10,10,L,L,L,L,683,69535041933046900000000000000000,989954415505468000000000000000000,920419373572421000000000000000000
888,89-8,0,6,172.88,142.08,1,0,9.7,0.16,747,605,601,0,70,10,10,10,L,L,L,L,683,60464981068623900000000000000000,1034302117133240000000000000000000,973837136064614000000000000000000
889,89-9,0,6,173.07,142.08,1,0,9.7,0.16,748,605,602,0,70,10,10,10,L,L,L,L,683,27380177611122900000000000000000,1058249876012230000000000000000000,1030869698401110000000000000000000
890,89-10,1,6,173.18,142.09,1,0,4.5,0.08,748,605,602,0,70,10,10,10,L,L,L,L,683,156698075557702000000000000000000,1187567773958810000000000000000000,1030869698401110000000000000000000
891,90-1,0,6,173.38,142.09,1,0,9.7,0.16,749,606,603,0,70,10,10,10,L,L,L,L,683,60926377706029200000000000000000,1215500439915270000000000000000000,1154574062209240000000000000000000
892,90-2,0,6,173.57,142.09,1,0,9.7,0.16,750,606,603,0,70,10,10,10,L,L,L,L,683,91093656939007200000000000000000,1245667719148250000000000000000000,1154574062209240000000000000000000
893,90-3,0,6,173.77,142.1,1,0,9.7,0.16,751,607,603,0,70,10,10,10,L,L,L,L,683,56667077240415800000000000000000,1278248380719870000000000000000000,1221581303479450000000000000000000
894,90-4,0,6,173.96,142.1,1,0,9.7,0.16,752,607,603,0,70,10,10,10,L,L,L,L,683,91854191737761200000000000000000,1313435495217210000000000000000000,1221581303479450000000000000000000
895,90-5,0,6,174.16,142.1,1,0,9.7,0.16,753,607,604,0,70,10,10,10,L,L,L,L,683,58314629199992300000000000000000,1351437578874350000000000000000000,1293122949674350000000000000000000
896,90-6,0,6,174.36,142.11,1,0,9.7,0.16,753,607,604,0,70,10,10,10,L,L,L,L,683,99356879549696100000000000000000,1392479829224050000000000000000000,1293122949674350000000000000000000
897,90-7,0,6,174.55,142.11,1,0,9.7,0.16,754,608,604,0,70,10,10,10,L,L,L,L,683,68634399704743700000000000000000,1436805459601730000000000000000000,1368171059896990000000000000000000
898,90-8,0,6,174.75,142.11,1,0,9.7,0.16,755,608,604,0,70,10,10,10,L,L,L,L,683,116506080512638000000000000000000,1484677140409630000000000000000000,1368171059896990000000000000000000
899,90-9,0,6,174.94,142.12,1,0,9.7,0.16,756,608,605,0,70,10,10,10,L,L,L,L,683,88080852046873900000000000000000,1536378555682150000000000000000000,1448297703635280000000000000000000
900,90-10,1,6,175.05,142.12,1,0,4.5,0.08,757,609,605,0,70,10,10,10,L,L,L,L,683,283214611069166000000000000000000,1815566198153790000000000000000000,1532351587084630000000000000000000
901,91-1,0,6,175.25,142.12,1,0,9.7,0.16,757,610,606,0,70,10,10,10,L,L,L,L,683,159636951392885000000000000000000,1875870728927670000000000000000000,1716233777534780000000000000000000
902,91-2,0,6,175.44,142.12,1,0,9.7,0.16,758,610,607,0,70,10,10,10,L,L,L,L,683,124254982723358000000000000000000,1940999622163450000000000000000000,1816744639440090000000000000000000
903,91-3,0,6,175.64,142.13,1,0,9.7,0.16,759,611,607,0,70,10,10,10,L,L,L,L,683,89156996019142400000000000000000,2011338826858100000000000000000000,1922181830838950000000000000000000
904,91-4,0,6,175.83,142.13,1,0,9.7,0.16,760,611,607,0,70,10,10,10,L,L,L,L,683,165123337089361000000000000000000,2087305167928320000000000000000000,1922181830838950000000000000000000
905,91-5,0,6,176.03,142.13,1,0,9.7,0.16,761,611,608,0,70,10,10,10,L,L,L,L,683,134594820111249000000000000000000,2169348816284150000000000000000000,2034753996172900000000000000000000
906,91-6,0,6,176.22,142.14,1,0,9.7,0.16,762,612,608,0,70,10,10,10,L,L,L,L,683,105112305968826000000000000000000,2257955956508460000000000000000000,2152843650539630000000000000000000
907,91-7,0,6,176.42,142.14,1,0,9.7,0.16,763,612,608,0,70,10,10,10,L,L,L,L,683,200808017411074000000000000000000,2353651667950700000000000000000000,2152843650539630000000000000000000
908,91-8,0,6,176.62,142.14,1,0,9.7,0.16,764,612,609,0,70,10,10,10,L,L,L,L,683,178078560594678000000000000000000,2457003036308330000000000000000000,2278924475713650000000000000000000
909,91-9,0,6,176.81,142.15,1,0,9.7,0.16,764,613,609,0,70,10,10,10,L,L,L,L,683,157437625530183000000000000000000,2568622514134570000000000000000000,2411184888604390000000000000000000
910,91-10,1,6,176.92,142.15,1,0,4.5,0.08,765,613,610,0,70,10,10,10,L,L,L,L,683,618972281596960000000000000000000,3171367694396250000000000000000000,2552395412799290000000000000000000
911,92-1,0,6,177.12,142.15,1,0,9.7,0.16,766,615,611,0,70,10,10,10,L,L,L,L,693,276970329067432000000000000000000,3301560653332770000000000000000000,3024590324265340000000000000000000
912,92-2,0,6,177.31,142.16,1,0,9.7,0.16,767,615,612,0,70,10,10,10,L,L,L,L,693,240444243168788000000000000000000,3442169048984220000000000000000000,3201724805815430000000000000000000
913,92-3,0,6,177.51,142.16,1,0,9.7,0.16,768,616,612,0,70,10,10,10,L,L,L,L,693,206484953110597000000000000000000,3594026116287780000000000000000000,3387541163177180000000000000000000
914,92-4,0,6,177.7,142.16,1,0,9.7,0.16,768,616,613,0,70,10,10,10,L,L,L,L,693,172099966462343000000000000000000,3758031748975630000000000000000000,3585931782513280000000000000000000
915,92-5,0,6,177.9,142.16,1,0,9.7,0.16,769,616,613,0,70,10,10,10,L,L,L,L,693,349226049765217000000000000000000,3935157832278500000000000000000000,3585931782513280000000000000000000
916,92-6,0,6,178.09,142.17,1,0,9.7,0.16,770,617,613,0,70,10,10,10,L,L,L,L,693,332407899487158000000000000000000,4126454002245600000000000000000000,3794046102758450000000000000000000
917,92-7,0,6,178.29,142.17,1,0,9.7,0.16,771,617,614,0,70,10,10,10,L,L,L,L,693,316810269395197000000000000000000,4333053865810070000000000000000000,4016243596414880000000000000000000
918,92-8,0,6,178.48,142.17,1,0,9.7,0.16,772,618,614,0,70,10,10,10,L,L,L,L,693,306850083370245000000000000000000,4556181718459700000000000000000000,4249331635089460000000000000000000
919,92-9,0,6,178.68,142.18,1,0,9.7,0.16,773,618,615,0,70,10,10,10,L,L,L,L,693,298966971336641000000000000000000,4797159799321300000000000000000000,4498192827984660000000000000000000
920,92-10,1,6,178.79,142.18,1,0,4.5,0.08,773,619,615,0,70,10,10,10,L,L,L,L,693,1339190004673750000000000000000000,6098441435973940000000000000000000,4759251431300190000000000000000000
921,93-1,0,6,178.98,142.18,1,0,9.7,0.16,774,621,617,0,70,10,10,10,L,L,L,L,693,409513274067948000000000000000000,6379518269490910000000000000000000,5970004995422970000000000000000000
922,93-2,0,6,179.18,142.19,1,0,9.7,0.16,775,621,618,0,70,10,10,10,L,L,L,L,693,363444196254403000000000000000000,6683081249689240000000000000000000,6319637053434840000000000000000000
923,93-3,0,6,179.38,142.19,1,0,9.7,0.16,776,621,618,0,70,10,10,10,L,L,L,L,693,691292214868596000000000000000000,7010929268303430000000000000000000,6319637053434840000000000000000000
924,93-4,0,6,179.57,142.19,1,0,9.7,0.16,777,622,618,0,70,10,10,10,L,L,L,L,693,678599533533042000000000000000000,7365005128406760000000000000000000,6686405594873720000000000000000000
925,93-5,0,6,179.77,142.2,1,0,9.7,0.16,778,622,619,0,70,10,10,10,L,L,L,L,693,669413557471340000000000000000000,7747407057318360000000000000000000,7077993499847020000000000000000000
926,93-6,0,6,179.96,142.2,1,0,9.7,0.16,779,623,619,0,70,10,10,10,L,L,L,L,693,671626874284314000000000000000000,8160401140542880000000000000000000,7488774266258570000000000000000000
927,93-7,0,7,180.16,152,2,0,9.7,0.17,780,640,637,0,70,10,10,10,L,L,L,L,693,2794570316408290000000000000000000,57224098227616300000000000000000000,54429527911208000000000000000000000
928,93-8,0,7,180.36,152.01,1,0,9.7,0.16,780,640,637,0,70,10,10,10,L,L,L,L,693,3758002913754460000000000000000000,58187530824962400000000000000000000,54429527911208000000000000000000000
929,93-9,0,7,180.55,152.01,1,0,9.7,0.16,781,641,637,0,70,10,10,10,L,L,L,L,693,1639620075930800000000000000000000,59228038030096300000000000000000000,57588417954165500000000000000000000
930,93-10,1,7,180.66,152.01,1,0,4.5,0.08,782,641,637,0,70,10,10,10,L,L,L,L,693,7258358983653650000000000000000000,64846776937819200000000000000000000,57588417954165500000000000000000000
931,94-1,0,7,180.86,152.01,1,0,9.7,0.16,783,642,638,0,70,10,10,10,L,L,L,L,693,1561396433221920000000000000000000,66060424541887300000000000000000000,64499028108665400000000000000000000
932,94-2,0,7,181.05,152.02,1,0,9.7,0.16,784,642,638,0,70,10,10,10,L,L,L,L,693,2872135845615510000000000000000000,67371163954280900000000000000000000,64499028108665400000000000000000000
933,94-3,0,7,181.25,152.02,1,0,9.7,0.16,784,642,638,0,70,10,10,10,L,L,L,L,693,4287734411000590000000000000000000,68786762519666000000000000000000000,64499028108665400000000000000000000
934,94-4,0,7,181.44,152.02,1,0,9.7,0.16,785,642,639,0,70,10,10,10,L,L,L,L,693,2039209158462540000000000000000000,70315608970281900000000000000000000,68276399811819300000000000000000000
935,94-5,0,7,181.64,152.03,1,0,9.7,0.16,786,642,639,0,70,10,10,10,L,L,L,L,693,3690363325127690000000000000000000,71966763136947000000000000000000000,68276399811819300000000000000000000
936,94-6,0,7,181.84,152.03,1,0,9.7,0.16,787,642,639,0,70,10,10,10,L,L,L,L,693,5473609825126060000000000000000000,73750009636945400000000000000000000,68276399811819300000000000000000000
937,94-7,0,7,182.03,152.03,1,0,9.7,0.16,788,643,639,0,70,10,10,10,L,L,L,L,693,3437004375238370000000000000000000,75675915856943600000000000000000000,72238911481705200000000000000000000
938,94-8,0,7,182.23,152.04,1,0,9.7,0.16,789,643,639,0,70,10,10,10,L,L,L,L,693,5516983092836460000000000000000000,77755894574541700000000000000000000,72238911481705200000000000000000000
939,94-9,0,7,182.42,152.04,1,0,9.7,0.16,790,643,640,0,70,10,10,10,L,L,L,L,693,3532703800310000000000000000000000,80002271589547600000000000000000000,76469567789237600000000000000000000
940,94-10,1,7,182.53,152.04,1,0,4.5,0.08,790,643,640,0,70,10,10,10,L,L,L,L,693,15663139681342100000000000000000000,92132707470579700000000000000000000,76469567789237600000000000000000000
941,95-1,0,7,182.73,152.05,1,0,9.7,0.16,791,645,641,0,70,10,10,10,L,L,L,L,703,4136391058231570000000000000000000,94752881620882600000000000000000000,90616490562651100000000000000000000
942,95-2,0,7,182.92,152.05,1,0,9.7,0.16,792,645,641,0,70,10,10,10,L,L,L,L,703,6966179140558740000000000000000000,97582669703209800000000000000000000,90616490562651100000000000000000000
943,95-3,0,7,183.12,152.05,1,0,9.7,0.16,793,645,642,0,70,10,10,10,L,L,L,L,703,4715414997303430000000000000000000,100638840832123000000000000000000000,95923425834819700000000000000000000
944,95-4,0,7,183.31,152.06,1,0,9.7,0.16,794,645,642,0,70,10,10,10,L,L,L,L,703,8016079816529830000000000000000000,103939505651350000000000000000000000,95923425834819700000000000000000000
945,95-5,0,7,183.51,152.06,1,0,9.7,0.16,795,646,642,0,70,10,10,10,L,L,L,L,703,6013754225944850000000000000000000,107504223656114000000000000000000000,101490469430169000000000000000000000
946,95-6,0,7,183.7,152.06,1,0,9.7,0.16,795,646,643,0,70,10,10,10,L,L,L,L,703,3919882166261650000000000000000000,111354119101260000000000000000000000,107434236934998000000000000000000000
947,95-7,0,7,183.9,152.06,1,0,9.7,0.16,796,646,643,0,70,10,10,10,L,L,L,L,703,8077769247018980000000000000000000,115512006182017000000000000000000000,107434236934998000000000000000000000
948,95-8,0,7,184.1,152.07,1,0,9.7,0.16,797,647,643,0,70,10,10,10,L,L,L,L,703,6333198467445470000000000000000000,120002524229235000000000000000000000,113669325761790000000000000000000000
949,95-9,0,7,184.29,152.07,1,0,9.7,0.16,798,647,643,0,70,10,10,10,L,L,L,L,703,11182957958440800000000000000000000,124852283720230000000000000000000000,113669325761790000000000000000000000
950,95-10,1,7,184.4,152.07,1,0,4.5,0.08,799,647,644,0,70,10,10,10,L,L,L,L,703,30714639604407400000000000000000000,151040984971605000000000000000000000,120326345367198000000000000000000000
951,96-1,0,7,184.6,152.08,1,0,9.7,0.16,799,649,646,0,70,10,10,10,L,L,L,L,703,5760376813289190000000000000000000,156697744441902000000000000000000000,150937367628613000000000000000000000
952,96-2,0,7,184.79,152.08,1,0,9.7,0.16,800,649,646,0,70,10,10,10,L,L,L,L,703,11869677041209900000000000000000000,162807044669823000000000000000000000,150937367628613000000000000000000000
953,96-3,0,7,184.99,152.08,1,0,9.7,0.16,801,650,646,0,70,10,10,10,L,L,L,L,703,9707870412117890000000000000000000,169405088915977000000000000000000000,159697218503859000000000000000000000
954,96-4,0,7,185.18,152.09,1,0,9.7,0.16,802,650,647,0,70,10,10,10,L,L,L,L,703,7481124957777490000000000000000000,176530976701824000000000000000000000,169049851744047000000000000000000000
955,96-5,0,7,185.38,152.09,1,0,9.7,0.16,803,650,647,0,70,10,10,10,L,L,L,L,703,15177083766492000000000000000000000,184226935510539000000000000000000000,169049851744047000000000000000000000
956,96-6,0,7,185.57,152.09,1,0,9.7,0.16,804,651,647,0,70,10,10,10,L,L,L,L,703,13677686299627600000000000000000000,192538571023950000000000000000000000,178860884724323000000000000000000000
957,96-7,0,7,185.77,152.1,1,0,9.7,0.16,805,651,648,0,70,10,10,10,L,L,L,L,703,12179303425102600000000000000000000,201515137378435000000000000000000000,189335833953332000000000000000000000
958,96-8,0,7,185.96,152.1,1,0,9.7,0.16,806,652,648,0,70,10,10,10,L,L,L,L,703,10885638150036800000000000000000000,211209829041278000000000000000000000,200324190891241000000000000000000000
959,96-9,0,7,186.16,152.1,1,0,9.7,0.16,806,652,648,0,70,10,10,10,L,L,L,L,703,21355905145907600000000000000000000,221680096037149000000000000000000000,200324190891241000000000000000000000
960,96-10,1,7,186.27,152.1,1,0,4.5,0.08,807,652,649,0,70,10,10,10,L,L,L,L,703,66163403787119300000000000000000000,278219537814851000000000000000000000,212056134027732000000000000000000000
961,97-1,0,7,186.46,152.11,1,0,9.7,0.16,808,654,651,0,70,10,10,10,L,L,L,L,703,24428842714447900000000000000000000,290432057238835000000000000000000000,266003214524387000000000000000000000
962,97-2,0,7,186.66,152.11,1,0,9.7,0.16,809,655,651,0,70,10,10,10,L,L,L,L,703,22180513356287600000000000000000000,303621578216738000000000000000000000,281441064860450000000000000000000000
963,97-3,0,7,186.86,152.11,1,0,9.7,0.16,810,655,652,0,70,10,10,10,L,L,L,L,703,19942660605558500000000000000000000,317866260872872000000000000000000000,297923600267314000000000000000000000
964,97-4,0,7,187.05,152.12,1,0,9.7,0.16,811,656,652,0,70,10,10,10,L,L,L,L,703,18036525497793500000000000000000000,333250518141498000000000000000000000,315213992643704000000000000000000000
965,97-5,0,7,187.25,152.12,1,0,9.7,0.16,811,656,652,0,70,10,10,10,L,L,L,L,703,34651523347909000000000000000000000,349865515991613000000000000000000000,315213992643704000000000000000000000
966,97-6,0,7,187.44,152.12,1,0,9.7,0.16,812,656,653,0,70,10,10,10,L,L,L,L,703,34135281370346300000000000000000000,367809713669738000000000000000000000,333674432299391000000000000000000000
967,97-7,0,7,187.64,152.13,1,0,9.7,0.16,813,657,653,0,70,10,10,10,L,L,L,L,703,34149775401163700000000000000000000,387189447162112000000000000000000000,353039671760949000000000000000000000
968,97-8,0,7,187.83,152.13,1,0,9.7,0.16,814,657,654,0,70,10,10,10,L,L,L,L,703,34404195158558500000000000000000000,408119559333877000000000000000000000,373715364175318000000000000000000000
969,97-9,0,7,188.16,156.5,2,0,9.7,0.3,815,668,664,0,70,10,10,10,L,L,L,L,703,91015613643007900000000000000000000,1319081761497760000000000000000000000,1228066147854750000000000000000000000
970,97-10,1,7,188.27,156.5,1,0,4.5,0.08,816,668,665,0,70,10,10,10,L,L,L,L,703,141158598118319000000000000000000000,1441146175683490000000000000000000000,1299987577565170000000000000000000000
971,98-1,0,7,188.47,156.51,1,0,9.7,0.16,817,669,665,0,70,10,10,10,L,L,L,L,703,92078003550286700000000000000000000,1467512089147610000000000000000000000,1375434085597320000000000000000000000
972,98-2,0,7,188.66,156.51,1,0,9.7,0.16,818,669,666,0,70,10,10,10,L,L,L,L,703,40001188815863600000000000000000000,1495987275688860000000000000000000000,1455986086872990000000000000000000000
973,98-3,0,7,188.86,156.51,1,0,9.7,0.16,818,669,666,0,70,10,10,10,L,L,L,L,703,70754390280410800000000000000000000,1526740477153400000000000000000000000,1455986086872990000000000000000000000
974,98-4,0,7,189.05,156.52,1,0,9.7,0.16,819,669,666,0,70,10,10,10,L,L,L,L,703,103967847862122000000000000000000000,1559953934735110000000000000000000000,1455986086872990000000000000000000000
975,98-5,0,7,189.25,156.52,1,0,9.7,0.16,820,670,666,0,70,10,10,10,L,L,L,L,703,55338293054361300000000000000000000,1595824468923360000000000000000000000,1540486175869000000000000000000000000
976,98-6,0,7,189.44,156.52,1,0,9.7,0.16,821,670,666,0,70,10,10,10,L,L,L,L,703,94078469977668900000000000000000000,1634564645846670000000000000000000000,1540486175869000000000000000000000000
977,98-7,0,7,189.64,156.53,1,0,9.7,0.16,822,670,667,0,70,10,10,10,L,L,L,L,703,45699619626090200000000000000000000,1676404036923840000000000000000000000,1630704417297750000000000000000000000
978,98-8,0,7,189.84,156.53,1,0,9.7,0.16,823,670,667,0,70,10,10,10,L,L,L,L,703,90886161989436200000000000000000000,1721590579287190000000000000000000000,1630704417297750000000000000000000000
979,98-9,0,7,190.03,156.53,1,0,9.7,0.16,824,670,667,0,70,10,10,10,L,L,L,L,703,139687627741850000000000000000000000,1770392045039600000000000000000000000,1630704417297750000000000000000000000
980,98-10,1,7,190.14,156.54,1,0,4.5,0.08,824,671,667,0,70,10,10,10,L,L,L,L,703,308575443129355000000000000000000000,2033919960102640000000000000000000000,1725344516973280000000000000000000000
981,99-1,0,7,190.34,156.54,1,0,9.7,0.16,825,672,668,0,70,10,10,10,L,L,L,L,713,158456130746176000000000000000000000,2090841989756250000000000000000000000,1932385859010070000000000000000000000
982,99-2,0,7,190.53,156.54,1,0,9.7,0.16,826,672,669,0,70,10,10,10,L,L,L,L,713,106762160723856000000000000000000000,2152317781782160000000000000000000000,2045555621058300000000000000000000000
983,99-3,0,7,190.73,156.55,1,0,9.7,0.16,827,672,669,0,70,10,10,10,L,L,L,L,713,173156016111833000000000000000000000,2218711637170130000000000000000000000,2045555621058300000000000000000000000
984,99-4,0,7,190.92,156.55,1,0,9.7,0.16,827,673,669,0,70,10,10,10,L,L,L,L,713,126144838897864000000000000000000000,2290417000989150000000000000000000000,2164272162091280000000000000000000000
985,99-5,0,7,191.12,156.55,1,0,9.7,0.16,828,673,669,0,70,10,10,10,L,L,L,L,713,203586631822400000000000000000000000,2367858793913690000000000000000000000,2164272162091280000000000000000000000
986,99-6,0,7,191.31,156.56,1,0,9.7,0.16,829,673,670,0,70,10,10,10,L,L,L,L,713,160473634686887000000000000000000000,2451495930272180000000000000000000000,2291022295585300000000000000000000000
987,99-7,0,7,191.51,156.56,1,0,9.7,0.16,830,674,670,0,70,10,10,10,L,L,L,L,713,117839215997125000000000000000000000,2541824037539360000000000000000000000,2423984821542240000000000000000000000
988,99-8,0,7,191.7,156.56,1,0,9.7,0.16,831,674,670,0,70,10,10,10,L,L,L,L,713,215393571845678000000000000000000000,2639378393387920000000000000000000000,2423984821542240000000000000000000000
989,99-9,0,7,191.9,156.56,1,0,9.7,0.16,832,674,671,0,70,10,10,10,L,L,L,L,713,178792126648822000000000000000000000,2744737097704360000000000000000000000,2565944971055530000000000000000000000
990,99-10,1,7,192.01,156.57,1,0,4.5,0.08,832,675,671,0,70,10,10,10,L,L,L,L,713,598811100885812000000000000000000000,3313674101013120000000000000000000000,2714863000127310000000000000000000000
991,100-1,0,7,192.2,156.57,1,0,9.7,0.16,833,676,673,0,70,10,10,10,L,L,L,L,713,217843122035752000000000000000000000,3436564493727810000000000000000000000,3218721371692060000000000000000000000
992,100-2,0,7,192.4,156.57,1,0,9.7,0.16,834,677,673,0,70,10,10,10,L,L,L,L,713,163761970499986000000000000000000000,3569286117859680000000000000000000000,3405524147359690000000000000000000000
993,100-3,0,7,192.6,156.58,1,0,9.7,0.16,835,677,673,0,70,10,10,10,L,L,L,L,713,307101324562404000000000000000000000,3712625471922100000000000000000000000,3405524147359690000000000000000000000
994,100-4,0,7,192.79,156.58,1,0,9.7,0.16,836,677,674,0,70,10,10,10,L,L,L,L,713,262464038014403000000000000000000000,3867431974309510000000000000000000000,3604967936295110000000000000000000000
995,100-5,0,7,192.99,156.58,1,0,9.7,0.16,837,678,674,0,70,10,10,10,L,L,L,L,713,220435951845057000000000000000000000,4034622996887920000000000000000000000,3814187045042860000000000000000000000
996,100-6,0,7,193.36,162.51,1,0,9.7,0.16,838,688,685,0,70,10,10,10,L,L,L,L,713,745241085340885000000000000000000000,13285302276151000000000000000000000000,12540061190810100000000000000000000000
997,100-7,0,7,193.55,162.51,1,0,9.7,0.16,839,689,685,0,70,10,10,10,L,L,L,L,713,212473564734092000000000000000000000,13480313884886500000000000000000000000,13267840320152400000000000000000000000
998,100-8,0,7,193.75,162.51,1,0,9.7,0.16,840,689,685,0,70,10,10,10,L,L,L,L,713,423086102168379000000000000000000000,13690926422320800000000000000000000000,13267840320152400000000000000000000000
999,100-9,0,7,193.94,162.52,1,0,9.7,0.16,841,689,685,0,70,10,10,10,L,L,L,L,713,650547642597410000000000000000000000,13918387962749800000000000000000000000,13267840320152400000000000000000000000
1000,100-10,1,7,194.05,162.52,1,0,4.5,0.08,841,689,685,0,70,10,10,10,L,L,L,L,713,1878839960914170000000000000000000000,15146680281066600000000000000000000000,13267840320152400000000000000000000000
1001,101-1,0,7,194.25,162.52,1,0,9.7,0.16,842,690,686,0,70,10,10,10,L,L,L,L,713,552010263252305000000000000000000000,15411991421823000000000000000000000000,14859981158570700000000000000000000000
1002,101-2,0,7,194.44,162.52,1,0,9.7,0.16,843,690,686,0,70,10,10,10,L,L,L,L,713,838546295269239000000000000000000000,15698527453839900000000000000000000000,14859981158570700000000000000000000000
1003,101-3,0,7,194.64,162.53,1,0,9.7,0.16,844,690,686,0,70,10,10,10,L,L,L,L,713,1148005209847530000000000000000000000,16007986368418200000000000000000000000,14859981158570700000000000000000000000
1004,101-4,0,7,194.84,162.53,1,0,9.7,0.16,845,690,687,0,70,10,10,10,L,L,L,L,713,611949238410508000000000000000000000,16342201996162800000000000000000000000,15730252757752300000000000000000000000
1005,101-5,0,7,195.03,162.53,1,0,9.7,0.16,845,690,687,0,70,10,10,10,L,L,L,L,713,972902116374624000000000000000000000,16703154874126900000000000000000000000,15730252757752300000000000000000000000
1006,101-6,0,7,195.23,162.54,1,0,9.7,0.16,846,691,687,0,70,10,10,10,L,L,L,L,713,449805084728960000000000000000000000,17092983982328100000000000000000000000,16643178897599200000000000000000000000
1007,101-7,0,7,195.42,162.54,1,0,9.7,0.16,847,691,687,0,70,10,10,10,L,L,L,L,713,870820521586305000000000000000000000,17513999419185500000000000000000000000,16643178897599200000000000000000000000
1008,101-8,0,7,195.62,162.54,1,0,9.7,0.16,848,691,687,0,70,10,10,10,L,L,L,L,713,1325517193392240000000000000000000000,17968696090991400000000000000000000000,16643178897599200000000000000000000000
1009,101-9,0,7,195.81,162.55,1,0,9.7,0.16,849,691,688,0,70,10,10,10,L,L,L,L,713,841885407859285000000000000000000000,18459768496541800000000000000000000000,17617883088682500000000000000000000000
1010,101-10,1,7,195.92,162.55,1,0,4.5,0.08,849,691,688,0,70,10,10,10,L,L,L,L,713,3493676397831490000000000000000000000,21111559486514000000000000000000000000,17617883088682500000000000000000000000
1011,102-1,0,7,196.12,162.55,1,0,9.7,0.16,850,693,689,0,70,10,10,10,L,L,L,L,723,807142731199614000000000000000000000,21684346340348000000000000000000000000,20877203609148400000000000000000000000
1012,102-2,0,7,196.31,162.56,1,0,9.7,0.16,851,693,689,0,70,10,10,10,L,L,L,L,723,1425752533340330000000000000000000000,22302956142488700000000000000000000000,20877203609148400000000000000000000000
1013,102-3,0,7,196.51,162.56,1,0,9.7,0.16,852,693,690,0,70,10,10,10,L,L,L,L,723,871182182357333000000000000000000000,22971054728800700000000000000000000000,22099872546443400000000000000000000000
1014,102-4,0,7,196.7,162.56,1,0,9.7,0.16,853,693,690,0,70,10,10,10,L,L,L,L,723,1592728655574260000000000000000000000,23692601202017600000000000000000000000,22099872546443400000000000000000000000
1015,102-5,0,7,196.9,162.56,1,0,9.7,0.16,854,694,690,0,70,10,10,10,L,L,L,L,723,1089403350845710000000000000000000000,24471871393091900000000000000000000000,23382468042246200000000000000000000000
1016,102-6,0,7,197.1,162.57,1,0,9.7,0.16,854,694,690,0,70,10,10,10,L,L,L,L,723,1931015157205940000000000000000000000,25313483199452100000000000000000000000,23382468042246200000000000000000000000
1017,102-7,0,7,197.29,162.57,1,0,9.7,0.16,855,694,691,0,70,10,10,10,L,L,L,L,723,1470566698304620000000000000000000000,26222423950321200000000000000000000000,24751857252016600000000000000000000000
1018,102-8,0,7,197.49,162.57,1,0,9.7,0.16,856,695,691,0,70,10,10,10,L,L,L,L,723,1015715753944010000000000000000000000,27204079961259800000000000000000000000,26188364207315800000000000000000000000
1019,102-9,0,7,197.68,162.58,1,0,9.7,0.16,857,695,691,0,70,10,10,10,L,L,L,L,723,2075904245757660000000000000000000000,28264268453073400000000000000000000000,26188364207315800000000000000000000000
1020,102-10,1,7,197.79,162.58,1,0,4.5,0.08,858,695,692,0,70,10,10,10,L,L,L,L,723,6267206186608600000000000000000000000,33989286308867200000000000000000000000,27722080122258600000000000000000000000
1021,103-1,0,7,197.99,162.58,1,0,9.7,0.16,858,697,693,0,70,10,10,10,L,L,L,L,723,2375206104061720000000000000000000000,35225890165718600000000000000000000000,32850684061656900000000000000000000000
1022,103-2,0,7,198.36,166.01,1,0,9.7,0.16,860,704,700,0,70,10,10,10,L,L,L,L,723,3201198310475490000000000000000000000,75823594786151700000000000000000000000,72622396475676200000000000000000000000
1023,103-3,0,7,198.55,166.01,1,0,9.7,0.16,861,704,700,0,70,10,10,10,L,L,L,L,723,4643573049107020000000000000000000000,77265969524783200000000000000000000000,72622396475676200000000000000000000000
1024,103-4,0,7,198.75,166.01,1,0,9.7,0.16,862,704,701,0,70,10,10,10,L,L,L,L,723,1948222743137880000000000000000000000,78823734242505300000000000000000000000,76875511499367400000000000000000000000
1025,103-5,0,7,198.94,166.02,1,0,9.7,0.16,862,704,701,0,70,10,10,10,L,L,L,L,723,3630608638277700000000000000000000000,80506120137645100000000000000000000000,76875511499367400000000000000000000000
1026,103-6,0,7,199.14,166.02,1,0,9.7,0.16,863,704,701,0,70,10,10,10,L,L,L,L,723,5447585405028700000000000000000000000,82323096904396100000000000000000000000,76875511499367400000000000000000000000
1027,103-7,0,7,199.34,166.02,1,0,9.7,0.16,864,705,701,0,70,10,10,10,L,L,L,L,723,2948347759729820000000000000000000000,84285431812487200000000000000000000000,81337084052757300000000000000000000000
1028,103-8,0,7,199.53,166.03,1,0,9.7,0.16,865,705,701,0,70,10,10,10,L,L,L,L,723,5067669460468190000000000000000000000,86404753513225600000000000000000000000,81337084052757300000000000000000000000
1029,103-9,0,7,199.73,166.03,1,0,9.7,0.16,866,705,702,0,70,10,10,10,L,L,L,L,723,2593048070731500000000000000000000000,88693620950023000000000000000000000000,86100572879291500000000000000000000000
1030,103-10,1,7,199.84,166.03,1,0,4.5,0.08,866,705,702,0,70,10,10,10,L,L,L,L,723,14952932229437700000000000000000000000,101053505108729000000000000000000000000,86100572879291500000000000000000000000
1031,104-1,0,7,200.03,166.03,1,0,9.7,0.16,867,706,703,0,70,10,10,10,L,L,L,L,723,7290598462203220000000000000000000000,103723240087010000000000000000000000000,96432641624806400000000000000000000000
1032,104-2,0,7,200.23,166.04,1,0,9.7,0.16,868,707,703,0,70,10,10,10,L,L,L,L,723,4577315627773830000000000000000000000,106606553863553000000000000000000000000,102029238235779000000000000000000000000
1033,104-3,0,7,200.42,166.04,1,0,9.7,0.16,869,707,703,0,70,10,10,10,L,L,L,L,723,7691294506440240000000000000000000000,109720532742219000000000000000000000000,102029238235779000000000000000000000000
1034,104-4,0,7,200.62,166.04,1,0,9.7,0.16,870,707,704,0,70,10,10,10,L,L,L,L,723,5079071311395560000000000000000000000,113083629931179000000000000000000000000,108004558619783000000000000000000000000
1035,104-5,0,7,200.81,166.05,1,0,9.7,0.16,871,707,704,0,70,10,10,10,L,L,L,L,723,8711216275472060000000000000000000000,116715774895255000000000000000000000000,108004558619783000000000000000000000000
1036,104-6,0,7,201.01,166.05,1,0,9.7,0.16,871,708,704,0,70,10,10,10,L,L,L,L,723,6365744632385640000000000000000000000,120638491456458000000000000000000000000,114272746824072000000000000000000000000
1037,104-7,0,7,201.2,166.05,1,0,9.7,0.16,872,708,704,0,70,10,10,10,L,L,L,L,723,10602278518484500000000000000000000000,124875025342557000000000000000000000000,114272746824072000000000000000000000000
1038,104-8,0,7,201.4,166.06,1,0,9.7,0.16,873,708,705,0,70,10,10,10,L,L,L,L,723,8485376285386270000000000000000000000,129450481939544000000000000000000000000,120965105654157000000000000000000000000
1039,104-9,0,7,201.6,166.06,1,0,9.7,0.16,874,709,705,0,70,10,10,10,L,L,L,L,723,6406498621328220000000000000000000000,134391975064289000000000000000000000000,127985476442961000000000000000000000000
1040,104-10,1,7,201.7,166.06,1,0,4.5,0.08,874,709,705,0,70,10,10,10,L,L,L,L,723,33090561494954900000000000000000000000,161076037937916000000000000000000000000,127985476442961000000000000000000000000
1041,105-1,0,7,201.9,166.06,1,0,9.7,0.16,875,711,707,0,70,10,10,10,L,L,L,L,733,6294813868568980000000000000000000000,166839795518619000000000000000000000000,160544981650050000000000000000000000000
1042,105-2,0,7,202.1,166.07,1,0,9.7,0.16,876,711,707,0,70,10,10,10,L,L,L,L,733,12519672055728600000000000000000000000,173064653705779000000000000000000000000,160544981650050000000000000000000000000
1043,105-3,0,7,202.29,166.07,1,0,9.7,0.16,877,711,708,0,70,10,10,10,L,L,L,L,733,9840236591427440000000000000000000000,179787500547911000000000000000000000000,169947263956484000000000000000000000000
1044,105-4,0,7,202.49,166.07,1,0,9.7,0.16,878,711,708,0,70,10,10,10,L,L,L,L,733,17100911180930400000000000000000000000,187048175137414000000000000000000000000,169947263956484000000000000000000000000
1045,105-5,0,7,202.68,166.08,1,0,9.7,0.16,879,712,708,0,70,10,10,10,L,L,L,L,733,15079324246021200000000000000000000000,194889703694078000000000000000000000000,179810379448056000000000000000000000000
1046,105-6,0,7,202.88,166.08,1,0,9.7,0.16,880,712,709,0,70,10,10,10,L,L,L,L,733,13017618904011900000000000000000000000,203358554535274000000000000000000000000,190340935631262000000000000000000000000
1047,105-7,0,7,203.07,166.08,1,0,9.7,0.16,880,713,709,0,70,10,10,10,L,L,L,L,733,6544109007696750000000000000000000000,207931733989520000000000000000000000000,201387624981823000000000000000000000000
1048,105-8,0,7,203.27,166.09,1,0,9.7,0.16,881,713,709,0,70,10,10,10,L,L,L,L,733,11483142818282400000000000000000000000,212870767800106000000000000000000000000,201387624981823000000000000000000000000
1049,105-9,0,7,203.46,166.09,1,0,9.7,0.16,882,713,709,0,70,10,10,10,L,L,L,L,733,16817299333715000000000000000000000000,218204924315538000000000000000000000000,201387624981823000000000000000000000000
1050,105-10,1,7,203.57,166.09,1,0,4.5,0.08,883,713,710,0,70,10,10,10,L,L,L,L,733,33827521591860400000000000000000000000,247009369498874000000000000000000000000,213181847907013000000000000000000000000
1051,106-1,0,7,203.77,166.1,1,0,9.7,0.16,884,714,711,0,70,10,10,10,L,L,L,L,733,14467460002619300000000000000000000000,253231129658474000000000000000000000000,238763669655855000000000000000000000000
1052,106-2,0,7,203.96,166.1,1,0,9.7,0.16,885,715,711,0,70,10,10,10,L,L,L,L,733,7329993853643910000000000000000000000,259950630630843000000000000000000000000,252620636777199000000000000000000000000
1053,106-3,0,7,204.16,166.1,1,0,9.7,0.16,885,715,711,0,70,10,10,10,L,L,L,L,733,14587054903801900000000000000000000000,267207691681001000000000000000000000000,252620636777199000000000000000000000000
1054,106-4,0,7,204.36,166.11,1,0,9.7,0.16,886,715,711,0,70,10,10,10,L,L,L,L,733,22424680837972600000000000000000000000,275045317615172000000000000000000000000,252620636777199000000000000000000000000
1055,106-5,0,7,204.55,166.11,1,0,9.7,0.16,887,715,712,0,70,10,10,10,L,L,L,L,733,16094643609518300000000000000000000000,283509953624076000000000000000000000000,267415310014558000000000000000000000000
1056,106-6,0,7,204.75,166.11,1,0,9.7,0.16,888,716,712,0,70,10,10,10,L,L,L,L,733,9716647323229760000000000000000000000,292651760513693000000000000000000000000,282935113190463000000000000000000000000
1057,106-7,0,7,204.94,166.12,1,0,9.7,0.16,889,716,712,0,70,10,10,10,L,L,L,L,733,19589798764015800000000000000000000000,302524911954479000000000000000000000000,282935113190463000000000000000000000000
1058,106-8,0,7,205.14,166.12,1,0,9.7,0.16,890,716,713,0,70,10,10,10,L,L,L,L,733,13682768294222900000000000000000000000,313187915510528000000000000000000000000,299505147216305000000000000000000000000
1059,106-9,0,7,205.33,166.12,1,0,9.7,0.16,891,716,713,0,70,10,10,10,L,L,L,L,733,25198812134755800000000000000000000000,324703959351060000000000000000000000000,299505147216305000000000000000000000000
1060,106-10,1,7,205.44,166.12,1,0,4.5,0.08,891,717,713,0,70,10,10,10,L,L,L,L,733,70003269316619200000000000000000000000,386890596089938000000000000000000000000,316887326773318000000000000000000000000
1061,107-1,0,7,205.64,166.13,1,0,9.7,0.16,892,718,715,0,70,10,10,10,L,L,L,L,733,24623652957402500000000000000000000000,400322909625535000000000000000000000000,375699256668132000000000000000000000000
1062,107-2,0,7,205.83,166.13,1,0,9.7,0.16,893,719,715,0,70,10,10,10,L,L,L,L,733,17326345539529700000000000000000000000,414829808243980000000000000000000000000,397503462704451000000000000000000000000
1063,107-3,0,7,206.03,166.13,1,0,9.7,0.16,894,719,715,0,70,10,10,10,L,L,L,L,733,32993796047450600000000000000000000000,430497258751901000000000000000000000000,397503462704451000000000000000000000000
1064,107-4,0,7,206.22,166.14,1,0,9.7,0.16,895,719,716,0,70,10,10,10,L,L,L,L,733,26634937832147300000000000000000000000,447418105300456000000000000000000000000,420783167468308000000000000000000000000
1065,107-5,0,7,206.42,166.14,1,0,9.7,0.16,896,720,716,0,70,10,10,10,L,L,L,L,733,20488741343910000000000000000000000000,465692619572895000000000000000000000000,445203878228985000000000000000000000000
1066,107-6,0,7,206.62,166.14,1,0,9.7,0.16,896,720,716,0,70,10,10,10,L,L,L,L,733,40225216758144000000000000000000000000,485429094987129000000000000000000000000,445203878228985000000000000000000000000
1067,107-7,0,7,206.81,166.15,1,0,9.7,0.16,897,720,717,0,70,10,10,10,L,L,L,L,733,35467340869996100000000000000000000000,506744488434502000000000000000000000000,471277147564506000000000000000000000000
1068,107-8,0,7,207.01,166.15,1,0,9.7,0.16,898,721,717,0,70,10,10,10,L,L,L,L,733,31136769741201200000000000000000000000,529765113357664000000000000000000000000,498628343616463000000000000000000000000
1069,107-9,0,7,207.2,166.15,1,0,9.7,0.16,899,721,718,0,70,10,10,10,L,L,L,L,733,26796983002433600000000000000000000000,554627388274680000000000000000000000000,527830405272246000000000000000000000000
1070,107-10,1,7,207.31,166.16,1,0,4.5,0.08,900,721,718,0,70,10,10,10,L,L,L,L,733,161053267554318000000000000000000000000,688883672826564000000000000000000000000,527830405272246000000000000000000000000
1071,108-1,0,7,207.51,166.16,1,0,9.7,0.16,900,723,720,0,70,10,10,10,L,L,L,L,733,55772569916265400000000000000000000000,717883030289771000000000000000000000000,662110460373506000000000000000000000000
1072,108-2,0,7,207.7,166.16,1,0,9.7,0.16,901,724,720,0,70,10,10,10,L,L,L,L,733,48665414809644500000000000000000000000,749202336350035000000000000000000000000,700536921540390000000000000000000000000
1073,108-3,0,7,207.9,166.16,1,0,9.7,0.16,902,724,721,0,70,10,10,10,L,L,L,L,733,41463471276792900000000000000000000000,783027186895120000000000000000000000000,741563715618327000000000000000000000000
1074,108-4,0,7,208.09,166.17,1,0,9.7,0.16,903,724,721,0,70,10,10,10,L,L,L,L,733,77994309865484400000000000000000000000,819558025483811000000000000000000000000,741563715618327000000000000000000000000
1075,108-5,0,7,208.29,166.17,1,0,9.7,0.16,904,725,721,0,70,10,10,10,L,L,L,L,733,74409979034360500000000000000000000000,859011331159598000000000000000000000000,784601352125237000000000000000000000000
1076,108-6,0,7,208.48,166.17,1,0,9.7,0.16,905,725,722,0,70,10,10,10,L,L,L,L,733,71069539796921600000000000000000000000,901620901289448000000000000000000000000,830551361492526000000000000000000000000
1077,108-7,0,7,208.68,166.18,1,0,9.7,0.16,906,726,722,0,70,10,10,10,L,L,L,L,733,68885722649419400000000000000000000000,947639237029685000000000000000000000000,878753514380266000000000000000000000000
1078,108-8,0,7,208.88,166.18,1,0,9.7,0.16,907,726,723,0,70,10,10,10,L,L,L,L,733,67121514757512900000000000000000000000,997339039629142000000000000000000000000,930217524871629000000000000000000000000
1079,108-9,0,7,209.07,166.18,1,0,9.7,0.16,907,727,723,0,70,10,10,10,L,L,L,L,733,66810890330657400000000000000000000000,1051014826436560000000000000000000000000,984203936105898000000000000000000000000
1080,108-10,1,7,209.18,166.19,1,0,4.5,0.08,908,727,724,0,70,10,10,10,L,L,L,L,733,299020447340362000000000000000000000000,1340864075196590000000000000000000000000,1041843627856220000000000000000000000000
1081,109-1,0,7,209.38,166.19,1,0,9.7,0.16,909,729,726,0,70,10,10,10,L,L,L,L,743,96582866145905300000000000000000000000,1403471512928750000000000000000000000000,1306888646782850000000000000000000000000
1082,109-2,0,7,209.57,166.19,1,0,9.7,0.16,910,730,726,0,70,10,10,10,L,L,L,L,743,88351878134106700000000000000000000000,1471087545679490000000000000000000000000,1382735667545390000000000000000000000000
1083,109-3,0,7,209.77,166.2,1,0,9.7,0.16,911,730,727,0,70,10,10,10,L,L,L,L,743,80397576653503000000000000000000000000,1544112861050290000000000000000000000000,1463715284396790000000000000000000000000
1084,109-4,0,7,209.96,166.2,1,0,9.7,0.16,911,730,727,0,70,10,10,10,L,L,L,L,743,159264917253966000000000000000000000000,1622980201650760000000000000000000000000,1463715284396790000000000000000000000000
