g,label,boss,day,play_min,wall_hours,attempts,fails,clear_s,stall_min,hero_level,upg_hp,upg_atk,upg_def,upg_spd,skill1,skill2,skill3,sword,helm,armor,boots,pulls,gold,earned_total,spent_total
1,1-1,0,1,0.4,8.01,1,0,23.93,0.4,1,0,0,0,0,0,0,0,-,-,-,-,0,50,50,0
2,1-2,0,1,0.83,8.01,1,0,24,0.4,2,0,0,0,0,0,0,0,-,-,-,-,0,104,104,0
3,1-3,0,1,1.27,8.02,1,0,24,0.4,3,1,0,0,0,0,0,0,-,-,-,-,0,62.32,162.32,100
4,1-4,0,1,1.68,8.03,1,0,22.9,0.38,4,1,0,0,0,0,0,0,-,-,-,-,0,125.31,225.31,100
5,1-5,0,1,2.12,8.04,1,0,23.93,0.4,5,2,0,0,0,0,0,0,-,-,-,-,0,81.33,293.33,212
6,1-6,0,1,2.5,8.04,1,0,21.13,0.35,5,2,0,0,0,0,0,0,-,-,-,-,0,154.8,366.8,212
7,1-7,0,1,2.89,8.05,1,0,21.13,0.35,6,3,0,0,0,0,0,0,-,-,-,-,0,108.7,446.14,337.44
8,1-8,0,1,3.27,8.05,1,0,21.13,0.35,7,3,0,0,0,0,0,0,-,-,-,-,0,194.39,531.83,337.44
9,1-9,0,1,3.66,8.06,1,0,21.13,0.35,8,4,0,0,0,0,0,0,-,-,-,-,0,146.45,624.38,477.93
10,1-10,1,1,5.92,8.1,2,1,20.77,2.22,11,5,2,0,0,0,0,0,-,-,-,-,0,541.03,1494.32,953.28
11,2-1,0,1,6.2,8.1,1,0,15.03,0.25,12,5,2,0,0,0,0,0,-,-,C,-,1,148.98,1602.26,1453.28
12,2-2,0,1,6.49,8.11,1,0,15.03,0.25,12,5,2,0,0,0,0,0,-,-,C,-,1,265.56,1718.84,1453.28
13,2-3,0,1,6.87,8.11,1,0,21.13,0.35,13,6,2,0,0,0,0,0,-,-,C,-,1,215.23,1844.75,1629.52
14,2-4,0,1,7.16,8.12,1,0,15.03,0.25,14,6,3,0,0,0,0,0,-,-,C,-,1,163.05,1980.73,1817.68
15,2-5,0,1,7.54,8.13,1,0,21.13,0.35,14,6,3,0,0,0,0,0,-,-,C,-,1,309.91,2127.59,1817.68
16,2-6,0,1,7.93,8.13,1,0,21.13,0.35,15,7,3,0,0,0,0,0,-,-,C,-,1,271.14,2286.2,2015.06
17,2-7,0,1,8.19,12.5,2,0,11.53,0.23,16,16,13,0,0,0,0,0,-,-,C,-,1,209.78,9189.48,8979.69
18,2-8,0,1,8.42,12.51,1,0,11.53,0.19,16,16,13,0,0,0,0,0,-,-,C,-,1,394.78,9374.48,8979.69
19,2-9,0,1,8.64,12.51,1,0,11.53,0.19,17,16,13,0,0,0,0,0,-,-,C,-,1,594.58,9574.28,8979.69
20,2-10,1,1,8.85,12.51,1,0,10.53,0.18,18,16,13,0,0,0,0,0,-,-,C,-,1,1673.51,10653.2,8979.69
21,3-1,0,1,9.08,12.52,1,0,11.53,0.19,18,17,14,0,0,0,0,0,-,-,C,-,1,638.99,10886.25,10247.26
22,3-2,0,1,9.31,12.52,1,0,11.53,0.19,19,17,14,0,0,0,0,0,-,-,C,-,1,890.68,11137.94,10247.26
23,3-3,0,1,9.53,12.53,1,0,11.53,0.19,20,18,14,0,0,0,0,0,-,-,C,-,1,475.91,11409.77,10933.86
24,3-4,0,1,9.76,12.53,1,0,11.53,0.19,21,18,14,0,0,0,0,0,-,-,C,-,1,769.48,11703.34,10933.86
25,3-5,0,1,9.98,12.53,1,0,11.53,0.19,22,18,15,0,0,0,0,0,-,-,C,-,1,353.47,12020.4,11666.93
26,3-6,0,1,10.21,12.54,1,0,11.53,0.19,22,18,15,0,0,0,0,0,-,-,C,-,1,695.9,12362.83,11666.93
27,3-7,0,1,10.44,12.54,1,0,11.53,0.19,23,18,15,0,0,0,0,0,-,-,C,-,1,1065.71,12732.64,11666.93
28,3-8,0,1,10.66,12.54,1,0,11.53,0.19,24,19,15,0,0,0,0,0,-,-,C,-,1,696.12,13132.05,12435.93
29,3-9,0,1,10.89,12.55,1,0,11.53,0.19,25,19,15,0,0,0,0,0,-,-,C,-,1,1127.48,13563.4,12435.93
30,3-10,1,1,11.1,12.55,1,0,10.53,0.18,25,19,16,0,0,0,0,0,-,-,C,-,1,2635.76,15892.72,13256.96
31,4-1,0,1,11.32,12.56,1,0,11.53,0.19,26,20,16,0,0,0,0,0,R,-,C,C,3,1277.62,16395.85,15118.24
32,4-2,0,1,11.55,12.56,1,0,11.53,0.19,27,20,17,0,0,0,0,0,R,-,C,C,3,901.44,16939.24,16037.8
33,4-3,0,1,11.78,12.56,1,0,11.53,0.19,28,20,17,0,0,0,0,0,R,-,C,C,3,1488.3,17526.09,16037.8
34,4-4,0,1,12,12.57,1,0,11.53,0.19,29,21,17,0,0,0,0,0,R,-,C,C,3,1157.47,18159.89,17002.42
35,4-5,0,1,12.23,12.57,1,0,11.53,0.19,30,21,18,0,0,0,0,0,R,-,C,C,3,812.07,18844.4,18032.33
36,4-6,0,1,12.46,12.57,1,0,11.53,0.19,30,21,18,0,0,0,0,0,R,-,C,C,3,1551.34,19583.67,18032.33
37,4-7,0,1,12.68,12.58,1,0,11.53,0.19,31,22,18,0,0,0,0,0,R,-,C,C,3,1269.36,20382.08,19112.72
38,4-8,0,1,12.91,12.58,1,0,11.53,0.19,32,22,19,0,0,0,0,0,R,-,C,C,3,978.15,21244.36,20266.21
39,4-9,0,1,13.19,18.5,2,0,11.23,0.25,33,32,28,0,2,6,0,0,E,R,R,R,14,4179.1,72215.42,68036.32
40,4-10,1,1,13.3,18.5,1,0,4.5,0.08,34,32,29,0,3,6,0,0,E,R,R,R,14,5374.46,77244.24,71869.78
41,5-1,0,1,13.52,18.51,1,0,11.23,0.19,34,33,29,0,3,6,0,0,E,R,E,R,24,3852.52,79480.47,75627.95
42,5-2,0,1,13.74,18.51,1,0,11.23,0.19,35,33,29,0,3,6,0,0,E,R,E,R,24,5025.64,80653.59,75627.95
43,5-3,0,1,13.96,18.52,1,0,11.23,0.19,36,33,30,0,3,7,0,0,E,R,E,R,24,1676.72,81920.57,80243.85
44,5-4,0,1,14.18,18.52,1,0,11.23,0.19,37,33,30,0,3,7,0,0,E,R,E,R,24,3045.05,83288.9,80243.85
45,5-5,0,1,14.4,18.52,1,0,11.23,0.19,38,33,30,0,3,7,0,0,E,R,E,R,24,4522.85,84766.7,80243.85
46,5-6,0,1,14.62,18.53,1,0,11.13,0.19,39,34,30,0,4,7,0,0,E,R,E,R,24,1628.73,86362.72,84733.99
47,5-7,0,1,14.84,18.53,1,0,11.13,0.19,40,34,30,0,4,7,0,0,E,R,E,R,24,3352.44,88086.42,84733.99
48,5-8,0,1,15.06,18.53,1,0,11.13,0.19,40,34,30,0,4,7,0,0,E,R,E,R,24,5214.04,89948.02,84733.99
49,5-9,0,1,15.28,18.54,1,0,11.13,0.19,41,34,31,0,4,7,0,0,E,R,E,R,24,2730.58,91958.55,89227.98
50,5-10,1,1,15.39,18.54,1,0,4.5,0.08,42,34,31,0,4,7,0,0,E,R,E,R,24,13587.43,102815.41,89227.98
51,6-1,0,1,15.61,18.54,1,0,11.13,0.19,43,35,32,0,5,8,0,0,E,R,E,R,24,5176.37,105160.49,99984.12
52,6-2,0,1,15.83,18.55,1,0,11.13,0.19,44,35,32,0,5,8,0,0,E,R,E,R,24,7709.06,107693.17,99984.12
53,6-3,0,1,16.05,18.55,1,0,11.13,0.19,44,36,32,0,5,8,2,0,E,R,E,R,24,4664.4,110428.48,105764.08
54,6-4,0,1,16.27,18.55,1,0,11.13,0.19,45,36,32,0,5,8,2,0,E,R,E,R,24,7618.52,113382.6,105764.08
55,6-5,0,1,16.48,18.56,1,0,11.03,0.18,46,36,33,0,6,8,2,0,E,R,E,R,24,4819.25,116573.06,111753.81
56,6-6,0,1,16.7,18.56,1,0,11.03,0.18,47,36,33,0,6,8,2,0,E,R,E,R,24,8264.95,120018.75,111753.81
57,6-7,0,1,16.92,18.57,1,0,11.03,0.18,48,37,33,0,6,9,2,0,E,R,E,R,24,5274.73,123740.1,118465.37
58,6-8,0,1,17.14,18.57,1,0,11.03,0.18,49,37,33,0,6,9,2,0,E,R,E,R,24,9293.79,127759.16,118465.37
59,6-9,0,1,17.36,18.57,1,0,11.03,0.18,50,37,34,0,6,9,3,0,E,R,E,R,24,6745.64,132099.74,125354.1
60,6-10,1,1,17.46,18.57,1,0,4.5,0.08,50,38,34,0,6,9,3,0,E,R,E,R,24,23561.59,155538.87,131977.28
61,7-1,0,1,17.68,18.58,1,0,10.93,0.18,51,39,35,0,8,10,4,0,E,R,E,R,24,11719.24,160601.73,148882.49
62,7-2,0,1,17.9,18.58,1,0,10.93,0.18,52,39,36,0,8,10,4,0,E,R,E,R,24,9267.18,166069.61,156802.43
63,7-3,0,1,18.18,22,2,0,10.63,0.25,53,45,42,0,14,10,8,4,L,L,E,E,124,14210.66,366013.26,351802.6
64,7-4,0,1,18.39,22.01,1,0,10.63,0.18,54,45,42,0,14,10,8,4,L,L,E,E,124,20588.4,372391,351802.6
65,7-5,0,1,18.6,22.01,1,0,10.63,0.18,55,46,42,0,14,10,8,5,L,L,E,E,124,9860.9,379278.95,369418.06
66,7-6,0,1,18.81,22.01,1,0,10.63,0.18,56,46,42,0,14,10,8,5,L,L,E,E,124,17299.89,386717.95,369418.06
67,7-7,0,1,19.02,22.02,1,0,10.63,0.18,56,46,42,0,14,10,8,5,L,L,E,E,124,25334,394752.06,369418.06
68,7-8,0,1,19.23,22.02,1,0,10.63,0.18,57,46,43,0,14,10,9,5,L,L,E,E,124,15172.36,403428.9,388256.54
69,7-9,0,1,19.44,22.02,1,0,10.63,0.18,58,46,43,0,14,10,9,5,L,L,E,E,124,24543.35,412799.89,388256.54
70,7-10,1,1,19.55,22.03,1,0,4.5,0.08,59,47,43,0,15,10,9,5,L,L,E,E,124,55802.65,463403.22,407600.57
71,8-1,0,1,19.76,22.03,1,0,10.53,0.18,60,48,44,0,16,10,10,6,L,L,E,E,134,26879.45,478683.54,451804.09
72,8-2,0,1,19.97,22.03,1,0,10.53,0.18,60,48,45,0,16,10,10,6,L,L,E,E,134,16721.57,490488.29,473766.72
73,8-3,0,1,20.18,22.04,1,0,10.53,0.18,61,48,45,0,16,10,10,6,L,L,E,E,134,29470.69,503237.41,473766.72
74,8-4,0,1,20.39,22.04,1,0,10.53,0.18,62,49,45,0,17,10,10,7,L,L,E,E,134,17365.51,517006.47,499640.96
75,8-5,0,1,20.6,22.04,1,0,10.53,0.18,63,49,45,0,17,10,10,7,L,L,E,E,134,32236.09,531877.05,499640.96
76,8-6,0,1,20.81,22.05,1,0,10.53,0.18,64,49,46,0,17,10,10,7,L,L,E,E,134,23698.17,547937.28,524239.1
77,8-7,0,1,21.02,22.05,1,0,10.53,0.18,65,49,46,0,17,10,10,7,L,L,E,E,134,41043.22,565282.32,524239.1
78,8-8,0,1,21.23,22.05,1,0,10.53,0.18,66,50,46,0,17,10,10,7,L,L,E,E,186,19022.1,593064.97,574042.87
79,8-9,0,1,21.44,22.06,1,0,10.37,0.17,66,50,46,0,18,10,10,8,L,L,E,L,226,25929.7,621196.23,595266.53
80,8-10,1,1,21.54,22.06,1,0,4.5,0.08,67,50,46,0,18,10,10,8,L,L,E,L,226,135178.51,730445.03,595266.53
81,9-1,0,1,21.75,22.06,1,0,10.37,0.17,68,51,48,0,19,10,10,9,L,L,L,L,436,32054.19,812792.77,780738.58
82,9-2,0,1,21.96,22.07,1,0,10.37,0.17,69,51,48,0,19,10,10,9,L,L,L,L,436,57539.76,838278.34,780738.58
83,9-3,0,1,22.16,22.07,1,0,10.37,0.17,70,52,48,0,20,10,10,9,L,L,L,L,436,50973.36,865802.74,814829.38
84,9-4,0,1,22.37,22.07,1,0,10.37,0.17,70,52,49,0,20,10,10,9,L,L,L,L,436,46141.11,895529.1,849387.99
85,9-5,0,1,22.58,22.08,1,0,10.27,0.17,71,53,49,0,21,10,10,10,L,L,L,L,436,37616.66,927633.57,890016.9
86,9-6,0,1,22.78,22.08,1,0,10.27,0.17,72,53,49,0,21,10,10,10,L,L,L,L,436,72289.49,962306.39,890016.9
87,9-7,0,1,22.99,22.08,1,0,10.27,0.17,73,53,50,0,21,10,10,10,L,L,L,L,436,71030.49,999753.04,928722.56
88,9-8,0,1,23.19,22.09,1,0,10.27,0.17,74,54,50,0,22,10,10,10,L,L,L,L,436,68709.37,1040195.42,971486.05
89,9-9,0,1,23.4,22.09,1,0,10.27,0.17,75,54,51,0,22,10,10,10,L,L,L,L,436,69036.82,1083873.2,1014836.38
90,9-10,1,1,23.5,22.09,1,0,4.5,0.08,75,55,51,0,23,10,10,10,L,L,L,L,436,257001.67,1319733.17,1062731.5
91,10-1,0,1,23.71,22.1,1,0,10.27,0.17,76,57,53,0,25,10,10,10,L,L,L,L,436,91294.25,1370678.93,1279384.68
92,10-2,0,1,23.91,22.1,1,0,10.27,0.17,77,57,54,0,25,10,10,10,L,L,L,L,436,85411.57,1425700.34,1340288.77
93,10-3,0,1,24.12,22.1,1,0,10.17,0.17,78,58,54,0,26,10,10,10,L,L,L,L,436,77545.51,1485123.47,1407577.96
94,10-4,0,1,24.32,22.11,1,0,10.17,0.17,79,58,55,0,26,10,10,10,L,L,L,L,436,73509.91,1549300.45,1475790.54
95,10-5,0,1,24.52,22.11,1,0,10.17,0.17,80,59,55,0,26,10,10,10,L,L,L,L,436,71265.16,1618611.58,1547346.42
96,10-6,0,1,24.73,22.11,1,0,10.17,0.17,81,59,55,0,26,10,10,10,L,L,L,L,436,146121.19,1693467.61,1547346.42
97,10-7,0,1,24.93,22.12,1,0,10.17,0.17,81,59,56,0,27,10,10,10,L,L,L,L,436,146759.6,1774312.12,1627552.52
98,10-8,0,1,25.13,22.12,1,0,10.17,0.17,82,60,56,0,27,10,10,10,L,L,L,L,436,153929.08,1861624.19,1707695.11
99,10-9,0,1,25.34,22.12,1,0,10.17,0.17,83,60,57,0,28,10,10,10,L,L,L,L,436,158395.28,1955921.23,1797525.95
100,10-10,1,1,25.45,22.12,1,0,4.5,0.08,84,61,57,0,28,10,10,10,L,L,L,L,436,577839.58,2465125.22,1887285.64
101,11-1,0,1,25.65,22.13,1,0,10.07,0.17,85,63,60,0,31,10,10,10,L,L,L,L,446,140752.03,2580663.28,2439911.26
102,11-2,0,1,25.85,22.13,1,0,10.07,0.17,86,64,60,0,31,10,10,10,L,L,L,L,446,133433.23,2699450.39,2566017.16
103,11-3,0,1,26.05,22.13,1,0,10.07,0.17,86,64,60,0,31,10,10,10,L,L,L,L,446,261723.31,2827740.47,2566017.16
104,11-4,0,1,26.25,22.14,1,0,10.07,0.17,87,64,61,0,32,10,10,10,L,L,L,L,446,258926.03,2966293.75,2707367.72
105,11-5,0,1,26.46,22.14,1,0,10.07,0.17,88,65,61,0,32,10,10,10,L,L,L,L,446,267324.96,3115931.3,2848606.34
106,11-6,0,1,26.66,22.14,1,0,10.07,0.17,89,65,62,0,33,10,10,10,L,L,L,L,446,270620.87,3277539.84,3006918.97
107,11-7,0,1,26.86,22.15,1,0,10.07,0.17,90,66,62,0,33,10,10,10,L,L,L,L,446,286970.86,3452077.08,3165106.22
108,11-8,0,1,27.06,22.15,1,0,10.07,0.17,91,66,63,0,33,10,10,10,L,L,L,L,446,306579.23,3640577.29,3333998.06
109,11-9,0,1,27.26,22.15,1,0,10.07,0.17,92,67,63,0,34,10,10,10,L,L,L,L,446,324571.43,3844157.52,3519586.08
110,11-10,1,1,27.37,22.16,1,0,4.5,0.08,92,67,64,0,34,10,10,10,L,L,L,L,446,1234745.81,4943490.75,3708744.94
111,12-1,0,1,27.57,22.16,1,0,9.97,0.17,93,70,66,0,37,10,10,10,L,L,L,L,446,321664.97,5180946.73,4859281.76
112,12-2,0,1,27.77,22.16,1,0,9.97,0.17,94,70,67,0,37,10,10,10,L,L,L,L,446,312362.84,5437399.18,5125036.34
113,12-3,0,1,27.97,22.17,1,0,9.97,0.17,95,71,67,0,38,10,10,10,L,L,L,L,446,297305.15,5714367.84,5417062.69
114,12-4,0,1,28.17,22.17,1,0,9.97,0.17,96,71,67,0,38,10,10,10,L,L,L,L,446,596431.29,6013493.98,5417062.69
115,12-5,0,1,28.37,22.17,1,0,9.97,0.17,97,71,68,0,38,10,10,10,L,L,L,L,446,621842.4,6336550.22,5714707.82
116,12-6,0,1,28.57,22.18,1,0,9.97,0.17,97,72,68,0,39,10,10,10,L,L,L,L,446,643673.62,6685450.96,6041777.33
117,12-7,0,1,28.77,22.18,1,0,9.97,0.17,98,72,69,0,39,10,10,10,L,L,L,L,446,687123.87,7062263.75,6375139.88
118,12-8,0,1,28.97,22.18,1,0,9.97,0.17,99,73,69,0,40,10,10,10,L,L,L,L,446,727763.84,7469221.57,6741457.73
119,12-9,0,1,29.17,22.19,1,0,9.97,0.17,100,73,70,0,40,10,10,10,L,L,L,L,446,793912.23,7908736.01,7114823.78
120,12-10,1,1,29.28,22.19,1,0,4.5,0.08,101,74,70,0,41,10,10,10,L,L,L,L,446,2757014.23,10282114.01,7525099.78
121,13-1,0,1,29.48,22.19,1,0,9.87,0.16,101,76,73,0,43,10,10,10,L,L,L,L,446,884431.79,10794763.66,9910331.87
122,13-2,0,1,29.68,22.19,1,0,9.87,0.16,102,77,73,0,43,10,10,10,L,L,L,L,446,887831.15,11348425.27,10460594.12
123,13-3,0,1,29.87,22.2,1,0,9.87,0.16,103,77,74,0,44,10,10,10,L,L,L,L,446,872141.01,11946379.82,11074238.81
124,13-4,0,2,30.16,32,2,0,9.8,0.26,104,90,86,0,56,10,10,10,L,L,L,L,446,2530207.71,47464880,44934672.28
125,13-5,0,2,30.36,32.01,1,0,9.8,0.16,105,90,86,0,56,10,10,10,L,L,L,L,446,3227661.9,48162334.18,44934672.28
126,13-6,0,2,30.56,32.01,1,0,9.8,0.16,106,90,87,0,56,10,10,10,L,L,L,L,446,1417365.87,48915584.7,47498218.84
127,13-7,0,2,30.76,32.01,1,0,9.8,0.16,107,90,87,0,56,10,10,10,L,L,L,L,446,2230876.43,49729095.26,47498218.84
128,13-8,0,2,30.95,32.02,1,0,9.8,0.16,108,90,87,0,56,10,10,10,L,L,L,L,446,3109467.83,50607686.67,47498218.84
129,13-9,0,2,31.15,32.02,1,0,9.8,0.16,109,91,87,0,57,10,10,10,L,L,L,L,446,1255065.31,51556565.39,50301500.08
130,13-10,1,2,31.26,32.02,1,0,4.5,0.08,109,91,87,0,57,10,10,10,L,L,L,L,446,6379010.4,56680510.47,50301500.08
131,14-1,0,2,31.46,32.02,1,0,9.8,0.16,110,92,88,0,58,10,10,10,L,L,L,L,446,1474935.41,57787282.61,56312347.2
132,14-2,0,2,31.65,32.03,1,0,9.8,0.16,111,92,88,0,58,10,10,10,L,L,L,L,446,2670249.32,58982596.52,56312347.2
133,14-3,0,2,31.85,32.03,1,0,9.8,0.16,112,92,88,0,58,10,10,10,L,L,L,L,446,3961188.34,60273535.54,56312347.2
134,14-4,0,2,32.05,32.03,1,0,9.8,0.16,113,92,89,0,58,10,10,10,L,L,L,L,446,2139689.69,61667749.69,59528060
135,14-5,0,2,32.24,32.04,1,0,9.8,0.16,113,92,89,0,58,10,10,10,L,L,L,L,446,3645440.96,63173500.96,59528060
136,14-6,0,2,32.44,32.04,1,0,9.8,0.16,114,93,89,0,59,10,10,10,L,L,L,L,446,1755216.35,64799712.34,63044495.99
137,14-7,0,2,32.64,32.04,1,0,9.8,0.16,115,93,89,0,59,10,10,10,L,L,L,L,446,3511524.64,66556020.63,63044495.99
138,14-8,0,2,32.84,32.05,1,0,9.8,0.16,116,93,89,0,59,10,10,10,L,L,L,L,446,5408337.59,68452833.58,63044495.99
139,14-9,0,2,33.03,32.05,1,0,9.8,0.16,117,93,90,0,59,10,10,10,L,L,L,L,446,3855297.24,70501391.56,66646094.32
140,14-10,1,2,33.14,32.05,1,0,4.5,0.08,117,94,90,0,59,10,10,10,L,L,L,L,446,11139387.23,81563604.69,70424217.46
141,15-1,0,2,33.34,32.06,1,0,9.7,0.16,118,95,91,0,61,10,10,10,L,L,L,L,456,4925132.67,83954442.72,79029310.06
142,15-2,0,2,33.53,32.06,1,0,9.7,0.16,119,95,92,0,61,10,10,10,L,L,L,L,456,2987880.8,86535035.8,83547155
143,15-3,0,2,33.73,32.06,1,0,9.7,0.16,120,95,92,0,61,10,10,10,L,L,L,L,456,5774921.32,89322076.32,83547155
144,15-4,0,2,33.92,32.07,1,0,9.7,0.16,121,96,92,0,61,10,10,10,L,L,L,L,456,4045647.42,92332080.09,88286432.67
145,15-5,0,2,34.12,32.07,1,0,9.7,0.16,122,96,92,0,61,10,10,10,L,L,L,L,456,7296451.49,95582884.16,88286432.67
146,15-6,0,2,34.32,32.07,1,0,9.7,0.16,123,96,93,0,62,10,10,10,L,L,L,L,456,5546271.83,99093752.55,93547480.72
147,15-7,0,2,34.51,32.08,1,0,9.7,0.16,124,97,93,0,62,10,10,10,L,L,L,L,456,4030018.71,102885490.41,98855471.71
148,15-8,0,2,34.71,32.08,1,0,9.7,0.16,124,97,93,0,62,10,10,10,L,L,L,L,456,8125095.6,106980567.31,98855471.71
149,15-9,0,2,34.9,32.08,1,0,9.7,0.16,125,97,94,0,63,10,10,10,L,L,L,L,456,6655404.82,111403250.35,104747845.53
150,15-10,1,2,35.01,32.08,1,0,4.5,0.08,126,98,94,0,63,10,10,10,L,L,L,L,456,24592943.36,135285738.79,110692795.43
151,16-1,0,2,35.21,32.09,1,0,9.7,0.16,127,99,96,0,65,10,10,10,L,L,L,L,456,9102364.57,140444356.3,131341991.72
152,16-2,0,2,35.4,32.09,1,0,9.7,0.16,128,100,96,0,65,10,10,10,L,L,L,L,456,7216326.32,146015663.2,138799336.88
153,16-3,0,2,35.6,32.09,1,0,9.7,0.16,128,100,96,0,65,10,10,10,L,L,L,L,456,13233337.78,152032674.66,138799336.88
154,16-4,0,2,35.79,32.1,1,0,9.7,0.16,129,100,97,0,66,10,10,10,L,L,L,L,456,11453349.18,158531047.03,147077697.85
155,16-5,0,2,35.99,32.1,1,0,9.7,0.16,130,101,97,0,66,10,10,10,L,L,L,L,456,10119364.77,165549289.19,155429924.42
156,16-6,0,2,36.18,32.1,1,0,9.7,0.16,131,101,98,0,67,10,10,10,L,L,L,L,456,8427302.02,173128990.73,164701688.71
157,16-7,0,2,36.38,32.11,1,0,9.7,0.16,132,101,98,0,67,10,10,10,L,L,L,L,456,16613379.68,181315068.38,164701688.71
158,16-8,0,2,36.58,32.11,1,0,9.7,0.16,133,102,98,0,67,10,10,10,L,L,L,L,456,16099849.79,190156032.25,174056182.47
159,16-9,0,2,36.77,32.11,1,0,9.7,0.16,134,102,99,0,68,10,10,10,L,L,L,L,456,15263714.76,199704273.23,184440558.47
160,16-10,1,2,36.88,32.11,1,0,4.5,0.08,134,103,99,0,68,10,10,10,L,L,L,L,456,56347183.04,251264774.53,194917591.48
161,17-1,0,2,37.08,32.12,1,0,9.7,0.16,135,105,101,0,70,10,10,10,L,L,L,L,456,17950921.76,262401842.81,244450921.05
162,17-2,0,2,37.27,32.12,1,0,9.7,0.16,136,105,102,0,70,10,10,10,L,L,L,L,456,15947214.86,274429876.55,258482661.69
163,17-3,0,2,37.47,32.12,1,0,9.7,0.16,137,106,102,0,70,10,10,10,L,L,L,L,456,14218014.26,287420152.99,273202138.73
164,17-4,0,2,37.66,32.13,1,0,9.7,0.16,138,106,102,0,70,10,10,10,L,L,L,L,456,28247512.82,301449651.55,273202138.73
165,17-5,0,2,37.86,32.13,1,0,9.7,0.16,139,106,103,0,70,10,10,10,L,L,L,L,456,27683821.74,316601509.99,288917688.25
166,17-6,0,2,38.16,36.5,2,0,9.7,0.27,140,117,113,0,70,10,10,10,L,L,L,L,456,37763107.77,976070996.76,938307889
167,17-7,0,2,38.36,36.51,1,0,9.7,0.16,141,117,113,0,70,10,10,10,L,L,L,L,456,55436235.45,993744124.45,938307889
168,17-8,0,2,38.55,36.51,1,0,9.7,0.16,142,117,114,0,70,10,10,10,L,L,L,L,456,19855888.68,1012831102.35,992975213.67
169,17-9,0,2,38.75,36.51,1,0,9.7,0.16,142,117,114,0,70,10,10,10,L,L,L,L,456,40469824.81,1033445038.48,992975213.67
170,17-10,1,2,38.86,36.51,1,0,4.5,0.08,143,117,114,0,70,10,10,10,L,L,L,L,456,151785079.92,1144760293.59,992975213.67
171,18-1,0,2,39.05,36.52,1,0,9.7,0.16,144,118,115,0,70,10,10,10,L,L,L,L,466,57257342.23,1168806688.7,1111549346.46
172,18-2,0,2,39.25,36.52,1,0,9.7,0.16,145,118,115,0,70,10,10,10,L,L,L,L,466,83224964.95,1194774311.41,1111549346.46
173,18-3,0,2,39.44,36.52,1,0,9.7,0.16,145,119,115,0,70,10,10,10,L,L,L,L,466,47041660.82,1222819343.94,1175777683.12
174,18-4,0,2,39.64,36.53,1,0,9.7,0.16,146,119,115,0,70,10,10,10,L,L,L,L,466,77330295.95,1253107979.07,1175777683.12
175,18-5,0,2,39.84,36.53,1,0,9.7,0.16,147,119,116,0,70,10,10,10,L,L,L,L,466,41467329.82,1285819705.02,1244352375.19
176,18-6,0,2,40.03,36.53,1,0,9.7,0.16,148,119,116,0,70,10,10,10,L,L,L,L,466,76795993.84,1321148369.03,1244352375.19
177,18-7,0,2,40.23,36.54,1,0,9.7,0.16,149,120,116,0,70,10,10,10,L,L,L,L,466,43015213.93,1359303326.17,1316288112.25
178,18-8,0,2,40.42,36.54,1,0,9.7,0.16,150,120,116,0,70,10,10,10,L,L,L,L,466,84222567.64,1400510679.88,1316288112.25
179,18-9,0,2,40.62,36.54,1,0,9.7,0.16,151,120,117,0,70,10,10,10,L,L,L,L,466,51922854.52,1445014621.89,1393091767.37
180,18-10,1,2,40.73,36.55,1,0,4.5,0.08,151,120,117,0,70,10,10,10,L,L,L,L,466,292244141.37,1685335908.73,1393091767.37
181,19-1,0,2,40.92,36.55,1,0,9.7,0.16,152,122,118,0,70,10,10,10,L,L,L,L,466,87329231.53,1737245306.69,1649916075.17
182,19-2,0,2,41.12,36.55,1,0,9.7,0.16,153,122,118,0,70,10,10,10,L,L,L,L,466,143391381.32,1793307456.49,1649916075.17
183,19-3,0,2,41.31,36.56,1,0,9.7,0.16,154,122,119,0,70,10,10,10,L,L,L,L,466,107595998.12,1853854578.27,1746258580.15
184,19-4,0,2,41.51,36.56,1,0,9.7,0.16,155,123,119,0,70,10,10,10,L,L,L,L,466,71922358.45,1919245469.79,1847323111.34
185,19-5,0,2,41.7,36.56,1,0,9.7,0.16,155,123,119,0,70,10,10,10,L,L,L,L,466,142544521.29,1989867632.63,1847323111.34
186,19-6,0,2,41.9,36.56,1,0,9.7,0.16,156,123,120,0,70,10,10,10,L,L,L,L,466,110912851.58,2066139568.5,1955226716.92
187,19-7,0,2,42.1,36.57,1,0,9.7,0.16,157,123,120,0,70,10,10,10,L,L,L,L,466,193286542.32,2148513259.24,1955226716.92
188,19-8,0,2,42.29,36.57,1,0,9.7,0.16,158,124,120,0,70,10,10,10,L,L,L,L,466,169057853.38,2237476845.23,2068418991.85
189,19-9,0,2,42.49,36.57,1,0,9.7,0.16,159,124,121,0,70,10,10,10,L,L,L,L,466,144286488.01,2333557518.11,2189271030.1
190,19-10,1,2,42.6,36.58,1,0,4.5,0.08,159,125,121,0,70,10,10,10,L,L,L,L,466,536346773.63,2852393151.65,2316046378.03
191,20-1,0,2,42.79,36.58,1,0,9.7,0.16,160,126,123,0,70,10,10,10,L,L,L,L,466,219475801.17,2964461648.5,2744985847.33
192,20-2,0,2,42.99,36.58,1,0,9.7,0.16,161,127,123,0,70,10,10,10,L,L,L,L,466,181482781.33,3085495625.09,2904012843.76
193,20-3,0,2,43.36,42.51,1,0,9.7,0.16,163,137,134,0,70,10,10,10,L,L,L,L,466,245774457.85,9782305549.95,9536531092.1
194,20-4,0,2,43.55,42.51,1,0,9.7,0.16,164,137,134,0,70,10,10,10,L,L,L,L,466,386948488.15,9923479580.24,9536531092.1
195,20-5,0,2,43.75,42.51,1,0,9.7,0.16,164,137,134,0,70,10,10,10,L,L,L,L,466,539416440.87,10075947532.96,9536531092.1
196,20-6,0,2,43.94,42.52,1,0,9.7,0.16,165,137,134,0,70,10,10,10,L,L,L,L,466,704081829.81,10240612921.9,9536531092.1
197,20-7,0,2,44.14,42.52,1,0,9.7,0.16,166,138,134,0,70,10,10,10,L,L,L,L,466,328737092.47,10418451541.96,10089714449.49
198,20-8,0,2,44.34,42.52,1,0,9.7,0.16,167,138,134,0,70,10,10,10,L,L,L,L,466,520802802.13,10610517251.62,10089714449.49
199,20-9,0,2,44.53,42.53,1,0,9.7,0.16,168,138,134,0,70,10,10,10,L,L,L,L,466,728233768.56,10817948218.05,10089714449.49
200,20-10,1,2,44.64,42.53,1,0,4.5,0.08,168,138,135,0,70,10,10,10,L,L,L,L,466,1257743506.47,11938075436.77,10680331930.3
201,21-1,0,2,44.84,42.53,1,0,9.7,0.16,169,139,135,0,70,10,10,10,L,L,L,L,476,880127325.44,12180024616.02,11299897290.58
202,21-2,0,2,45.03,42.53,1,0,9.7,0.16,170,139,136,0,70,10,10,10,L,L,L,L,476,479939024.51,12441327893.6,11961388869.09
203,21-3,0,2,45.23,42.54,1,0,9.7,0.16,171,139,136,0,70,10,10,10,L,L,L,L,476,762146564.3,12723535433.39,11961388869.09
204,21-4,0,2,45.42,42.54,1,0,9.7,0.16,172,140,136,0,70,10,10,10,L,L,L,L,476,373017503.77,13028319576.37,12655302072.6
205,21-5,0,2,45.62,42.54,1,0,9.7,0.16,172,140,136,0,70,10,10,10,L,L,L,L,476,702184378.18,13357486450.78,12655302072.6
206,21-6,0,2,45.81,42.55,1,0,9.7,0.16,173,140,136,0,70,10,10,10,L,L,L,L,476,1057684602.55,13712986675.15,12655302072.6
207,21-7,0,2,46.01,42.55,1,0,9.7,0.16,174,140,137,0,70,10,10,10,L,L,L,L,476,700754276.93,14096926917.46,13396172640.53
208,21-8,0,2,46.2,42.55,1,0,9.7,0.16,175,140,137,0,70,10,10,10,L,L,L,L,476,1115409738.63,14511582379.16,13396172640.53
209,21-9,0,2,46.4,42.56,1,0,9.7,0.16,176,141,137,0,70,10,10,10,L,L,L,L,476,786054849.33,14959410277.8,14173355428.47
210,21-10,1,2,46.51,42.56,1,0,4.5,0.08,176,141,137,0,70,10,10,10,L,L,L,L,476,3204325501.97,17377680930.43,14173355428.47
211,22-1,0,2,46.7,42.56,1,0,9.7,0.16,177,142,139,0,70,10,10,10,L,L,L,L,476,1097104163.95,17900027391.4,16802923227.45
212,22-2,0,2,46.9,42.56,1,0,9.7,0.16,178,143,139,0,70,10,10,10,L,L,L,L,476,686340252.62,18464161569.25,17777821316.63
213,22-3,0,2,47.1,42.57,1,0,9.7,0.16,179,143,139,0,70,10,10,10,L,L,L,L,476,1295605164.69,19073426481.32,17777821316.63
214,22-4,0,2,47.29,42.57,1,0,9.7,0.16,180,143,140,0,70,10,10,10,L,L,L,L,476,912741464.47,19731432586.37,18818691121.9
215,22-5,0,2,47.49,42.57,1,0,9.7,0.16,181,143,140,0,70,10,10,10,L,L,L,L,476,1623388057.91,20442079179.81,18818691121.9
216,22-6,0,2,47.68,42.58,1,0,9.7,0.16,182,144,140,0,70,10,10,10,L,L,L,L,476,1299000518.95,21209577500.73,19910576981.78
217,22-7,0,2,47.88,42.58,1,0,9.7,0.16,182,144,141,0,70,10,10,10,L,L,L,L,476,962124523.64,22038475687.32,21076351163.68
218,22-8,0,2,48.16,46,2,0,9.7,0.25,184,152,148,0,70,10,10,10,L,L,L,L,476,1170708483.06,50461394505.58,49290686022.52
219,22-9,0,2,48.36,46.01,1,0,9.7,0.16,184,152,148,0,70,10,10,10,L,L,L,L,476,2137535327.91,51428221350.43,49290686022.52
220,22-10,1,2,48.47,46.01,1,0,4.5,0.08,185,152,148,0,70,10,10,10,L,L,L,L,476,7358400290.05,56649086312.57,49290686022.52
221,23-1,0,2,48.66,46.01,1,0,9.7,0.16,186,153,149,0,70,10,10,10,L,L,L,L,476,2571807692.02,57776793144.39,55204985452.37
222,23-2,0,2,48.86,46.01,1,0,9.7,0.16,187,153,149,0,70,10,10,10,L,L,L,L,476,3789731070.39,58994716522.76,55204985452.37
223,23-3,0,2,49.05,46.02,1,0,9.7,0.16,188,153,150,0,70,10,10,10,L,L,L,L,476,1872304699.22,60310073771.4,58437769072.18
224,23-4,0,2,49.25,46.02,1,0,9.7,0.16,188,153,150,0,70,10,10,10,L,L,L,L,476,3292890527.75,61730659599.93,58437769072.18
225,23-5,0,2,49.44,46.02,1,0,9.7,0.16,189,153,150,0,70,10,10,10,L,L,L,L,476,4827123222.57,63264892294.74,58437769072.18
226,23-6,0,2,49.64,46.03,1,0,9.7,0.16,190,154,150,0,70,10,10,10,L,L,L,L,476,3092862791.33,64921863605.14,61829000813.81
227,23-7,0,2,49.84,46.03,1,0,9.7,0.16,191,154,150,0,70,10,10,10,L,L,L,L,476,4882391806.56,66711392620.37,61829000813.81
228,23-8,0,2,50.03,46.03,1,0,9.7,0.16,192,154,151,0,70,10,10,10,L,L,L,L,476,3194365488.83,68644083956.82,65449718467.99
229,23-9,0,2,50.23,46.04,1,0,9.7,0.16,193,154,151,0,70,10,10,10,L,L,L,L,476,5281672132.19,70731390600.18,65449718467.99
230,23-10,1,2,50.34,46.04,1,0,4.5,0.08,193,155,151,0,70,10,10,10,L,L,L,L,476,12754948455.72,82002846474.34,69247898018.62
231,24-1,0,2,50.53,46.04,1,0,9.7,0.16,194,156,152,0,70,10,10,10,L,L,L,L,476,6880418055.15,84437480943.16,77557062888.01
232,24-2,0,2,50.73,46.05,1,0,9.7,0.16,195,156,153,0,70,10,10,10,L,L,L,L,476,4967995056.07,87066886169.49,82098891113.41
233,24-3,0,2,50.92,46.05,1,0,9.7,0.16,196,157,153,0,70,10,10,10,L,L,L,L,476,3043316272.19,89906643813.92,86863327541.72
234,24-4,0,2,51.12,46.05,1,0,9.7,0.16,197,157,153,0,70,10,10,10,L,L,L,L,476,6110254528.18,92973582069.9,86863327541.72
235,24-5,0,2,51.31,46.06,1,0,9.7,0.16,198,157,154,0,70,10,10,10,L,L,L,L,476,4335700232.19,96285875386.36,91950175154.18
236,24-6,0,2,51.51,46.06,1,0,9.7,0.16,198,157,154,0,70,10,10,10,L,L,L,L,476,7912977013.97,99863152168.14,91950175154.18
237,24-7,0,2,51.7,46.06,1,0,9.7,0.16,199,158,154,0,70,10,10,10,L,L,L,L,476,6440267138.58,103726611092.47,97286343953.88
238,24-8,0,2,51.9,46.06,1,0,9.7,0.16,200,158,155,0,70,10,10,10,L,L,L,L,476,4915533450.91,107899146730.74,102983613279.83
239,24-9,0,2,52.1,46.07,1,0,9.7,0.16,201,158,155,0,70,10,10,10,L,L,L,L,476,9421871940.24,112405485220.07,102983613279.83
240,24-10,1,2,52.2,46.07,1,0,4.5,0.08,202,159,155,0,70,10,10,10,L,L,L,L,476,27779590726.95,136739713062.45,108960122335.5
241,25-1,0,2,52.4,46.07,1,0,9.7,0.16,202,161,157,0,70,10,10,10,L,L,L,L,486,5317566101.59,141995907826.4,136678341724.82
242,25-2,0,2,52.6,46.08,1,0,9.7,0.16,203,161,157,0,70,10,10,10,L,L,L,L,486,10994254772.66,147672596497.48,136678341724.82
243,25-3,0,2,52.79,46.08,1,0,9.7,0.16,204,161,158,0,70,10,10,10,L,L,L,L,486,9120825337.85,153803420262.23,144682594924.38
244,25-4,0,2,52.99,46.08,1,0,9.7,0.16,205,162,158,0,70,10,10,10,L,L,L,L,486,7345550089.22,160424709928.17,153079159838.95
245,25-5,0,2,53.18,46.09,1,0,9.7,0.16,206,162,158,0,70,10,10,10,L,L,L,L,486,14496542928.43,167575702767.38,153079159838.95
246,25-6,0,2,53.38,46.09,1,0,9.7,0.16,207,162,159,0,70,10,10,10,L,L,L,L,486,13254851611.27,175298775033.73,162043923422.46
247,25-7,0,2,53.57,46.09,1,0,9.7,0.16,208,163,159,0,70,10,10,10,L,L,L,L,486,12191616954.61,183639693081.39,171448076126.78
248,25-8,0,2,53.77,46.1,1,0,9.7,0.16,208,163,160,0,70,10,10,10,L,L,L,L,486,11159273232.55,192647884572.86,181488611340.31
249,25-9,0,2,53.96,46.1,1,0,9.7,0.16,209,164,160,0,70,10,10,10,L,L,L,L,486,10355469014.5,202376731383.65,192021262369.14
250,25-10,1,2,54.07,46.1,1,0,4.5,0.08,210,164,160,0,70,10,10,10,L,L,L,L,486,62891241792.76,254912504161.9,192021262369.14
251,26-1,0,2,54.27,46.1,1,0,9.7,0.16,211,166,162,0,70,10,10,10,L,L,L,L,486,25389995298.99,266260231082,240870235783.02
252,26-2,0,2,54.46,46.11,1,0,9.7,0.16,212,166,163,0,70,10,10,10,L,L,L,L,486,23539311316.22,278515776155.71,254976464839.49
253,26-3,0,2,54.66,46.11,1,0,9.7,0.16,213,167,163,0,70,10,10,10,L,L,L,L,486,21977683651.19,291751764835.32,269774081184.13
254,26-4,0,2,54.86,46.11,1,0,9.7,0.16,213,167,164,0,70,10,10,10,L,L,L,L,486,20473574881.91,306046632609.3,285573057727.38
255,26-5,0,2,55.05,46.12,1,0,9.7,0.16,214,168,164,0,70,10,10,10,L,L,L,L,486,19338701771.81,321485089805.19,302146388033.38
256,26-6,0,2,55.25,46.12,1,0,9.7,0.16,215,168,165,0,70,10,10,10,L,L,L,L,486,18317381814.94,338158623576.76,319841241761.82
257,26-7,0,2,55.44,46.12,1,0,9.7,0.16,216,168,165,0,70,10,10,10,L,L,L,L,486,36324798288.23,356166040050.05,319841241761.82
258,26-8,0,2,55.64,46.13,1,0,9.7,0.16,217,169,165,0,70,10,10,10,L,L,L,L,486,37210678136.67,375614049841.2,338403371704.54
259,26-9,0,2,55.83,46.13,1,0,9.7,0.16,218,169,166,0,70,10,10,10,L,L,L,L,486,38396292535.26,396617900415.65,358221607880.39
260,26-10,1,2,55.94,46.13,1,0,4.5,0.08,218,170,166,0,70,10,10,10,L,L,L,L,486,131027500101.43,510038693517.67,379011193416.24
261,27-1,0,2,56.14,46.14,1,0,9.7,0.16,219,172,169,0,70,10,10,10,L,L,L,L,486,31263984625.14,534537584827.7,503273600202.56
262,27-2,0,2,56.33,46.14,1,0,9.7,0.16,220,173,169,0,70,10,10,10,L,L,L,L,486,28514916412.28,560996387442.54,532481471030.26
263,27-3,0,2,56.53,46.14,1,0,9.7,0.16,221,173,169,0,70,10,10,10,L,L,L,L,486,57090423236.3,589571894266.56,532481471030.26
264,27-4,0,2,56.72,46.15,1,0,9.7,0.16,222,173,170,0,70,10,10,10,L,L,L,L,486,56767592302.49,620433441636.51,563665849334.02
265,27-5,0,2,56.92,46.15,1,0,9.7,0.16,223,174,170,0,70,10,10,10,L,L,L,L,486,57385248135.01,653763912796.05,596378664661.05
266,27-6,0,2,57.12,46.15,1,0,9.7,0.16,224,174,171,0,70,10,10,10,L,L,L,L,486,58455653287.1,689760821648.36,631305168361.26
267,27-7,0,2,57.31,46.16,1,0,9.7,0.16,224,175,171,0,70,10,10,10,L,L,L,L,486,60693961681.32,728637483208.85,667943521527.52
268,27-8,0,2,57.51,46.16,1,0,9.7,0.16,225,175,172,0,70,10,10,10,L,L,L,L,486,63563072022.42,770624277694.18,707061205671.76
269,27-9,0,2,57.7,46.16,1,0,9.7,0.16,226,176,172,0,70,10,10,10,L,L,L,L,486,67873854520.35,815970015738.33,748096161217.98
270,27-10,1,2,57.81,46.16,1,0,4.5,0.08,227,176,173,0,70,10,10,10,L,L,L,L,486,268929033717.25,1060837001176.78,791907967459.53
271,28-1,0,2,58.01,46.17,1,0,9.7,0.16,228,179,175,0,70,10,10,10,L,L,L,L,496,62708994607.45,1113728271281.48,1051019276674.03
272,28-2,0,2,58.2,46.17,1,0,9.7,0.16,228,179,176,0,70,10,10,10,L,L,L,L,496,58279131651.2,1170850841644.56,1112571709993.36
273,28-3,0,2,58.4,46.17,1,0,9.7,0.16,229,179,176,0,70,10,10,10,L,L,L,L,496,119971507643.33,1232543217636.69,1112571709993.36
274,28-4,0,2,58.59,46.18,1,0,9.7,0.16,230,180,176,0,70,10,10,10,L,L,L,L,496,122029976726.12,1299170983708.18,1177141006982.07
275,28-5,0,2,58.79,46.18,1,0,9.7,0.16,231,180,177,0,70,10,10,10,L,L,L,L,496,125049238765.69,1371128971065.4,1246079732299.71
276,28-6,0,2,58.98,46.18,1,0,9.7,0.16,232,181,177,0,70,10,10,10,L,L,L,L,496,130446252484.13,1448843597411.19,1318397344927.07
277,28-7,0,2,59.18,46.19,1,0,9.7,0.16,233,181,178,0,70,10,10,10,L,L,L,L,496,137166676581.82,1532775393864.65,1395608717282.83
278,28-8,0,2,59.38,46.19,1,0,9.7,0.16,234,182,178,0,70,10,10,10,L,L,L,L,496,146817290608.91,1623421734034.38,1476604443425.47
279,28-9,0,2,59.57,46.19,1,0,9.7,0.16,235,182,179,0,70,10,10,10,L,L,L,L,496,158238600953.77,1721319781417.7,1563081180463.92
280,28-10,1,2,59.68,46.19,1,0,4.5,0.08,235,183,179,0,70,10,10,10,L,L,L,L,496,596172843543.9,2249969237287.58,1653796393743.68
281,29-1,0,2,59.88,46.2,1,0,9.7,0.16,236,185,182,0,70,10,10,10,L,L,L,L,496,168142969962.28,2364157519755.48,2196014549793.19
282,29-2,0,3,60.16,56,2,0,9.7,0.25,237,197,194,0,70,10,10,10,L,L,L,L,496,591335600101.08,9146941498348.46,8555605898247.39
283,29-3,0,3,60.36,56.01,1,0,9.7,0.16,238,198,194,0,70,10,10,10,L,L,L,L,496,227989127519.86,9280130711019.01,9052141583499.16
284,29-4,0,3,60.55,56.01,1,0,9.7,0.16,239,198,194,0,70,10,10,10,L,L,L,L,496,371833477204.05,9423975060703.21,9052141583499.16
285,29-5,0,3,60.75,56.01,1,0,9.7,0.16,240,198,194,0,70,10,10,10,L,L,L,L,496,527185374862.99,9579326958362.14,9052141583499.16
286,29-6,0,3,60.94,56.02,1,0,9.7,0.16,241,198,194,0,70,10,10,10,L,L,L,L,496,694965424334.63,9747107007833.79,9052141583499.16
287,29-7,0,3,61.14,56.02,1,0,9.7,0.16,241,198,195,0,70,10,10,10,L,L,L,L,496,346031438118.95,9928309461263.17,9582278023144.23
288,29-8,0,3,61.34,56.02,1,0,9.7,0.16,242,198,195,0,70,10,10,10,L,L,L,L,496,541730087822.68,10124008110966.9,9582278023144.23
289,29-9,0,3,61.53,56.03,1,0,9.7,0.16,243,198,195,0,70,10,10,10,L,L,L,L,496,753084629502.71,10335362652646.9,9582278023144.23
290,29-10,1,3,61.64,56.03,1,0,4.5,0.08,244,199,195,0,70,10,10,10,L,L,L,L,496,1338279187092.87,11476677177719.1,10138397990626.2
291,30-1,0,3,61.84,56.03,1,0,9.7,0.16,245,200,196,0,70,10,10,10,L,L,L,L,496,368195948526.16,11723201115134.7,11355005166608.5
292,30-2,0,3,62.03,56.03,1,0,9.7,0.16,245,200,196,0,70,10,10,10,L,L,L,L,496,634441800934.99,11989446967543.5,11355005166608.5
293,30-3,0,3,62.23,56.04,1,0,9.7,0.16,246,200,196,0,70,10,10,10,L,L,L,L,496,921987321536.53,12276992488145,11355005166608.5
294,30-4,0,3,62.42,56.04,1,0,9.7,0.16,247,200,197,0,70,10,10,10,L,L,L,L,496,567533333895.42,12587541650394.7,12020008316499.3
295,30-5,0,3,62.62,56.04,1,0,9.7,0.16,248,200,197,0,70,10,10,10,L,L,L,L,496,902926429125.06,12922934745624.3,12020008316499.3
296,30-6,0,3,62.81,56.05,1,0,9.7,0.16,249,201,197,0,70,10,10,10,L,L,L,L,496,567554084763.66,13285159288472.3,12717605203708.7
297,30-7,0,3,63.01,56.05,1,0,9.7,0.16,250,201,197,0,70,10,10,10,L,L,L,L,496,958756591039.5,13676361794748.2,12717605203708.7
298,30-8,0,3,63.2,56.05,1,0,9.7,0.16,251,201,198,0,70,10,10,10,L,L,L,L,496,636451769939.76,14098860501526.1,13462408731586.4
299,30-9,0,3,63.4,56.06,1,0,9.7,0.16,251,201,198,0,70,10,10,10,L,L,L,L,496,1092750373259.9,14555159104846.3,13462408731586.4
300,30-10,1,3,63.51,56.06,1,0,4.5,0.08,252,202,198,0,70,10,10,10,L,L,L,L,496,2775454317514.16,17019171562775,14243717245260.9
301,31-1,0,3,63.7,56.06,1,0,9.7,0.16,253,203,200,0,70,10,10,10,L,L,L,L,506,664153982218.58,17551398259387.7,16887244277169.1
302,31-2,0,3,63.9,56.06,1,0,9.7,0.16,254,203,200,0,70,10,10,10,L,L,L,L,506,1238958808404.21,18126203085573.3,16887244277169.1
303,31-3,0,3,64.1,56.07,1,0,9.7,0.16,255,204,200,0,70,10,10,10,L,L,L,L,506,879674621131.35,18746992297853.8,17867317676722.4
304,31-4,0,3,64.29,56.07,1,0,9.7,0.16,256,204,200,0,70,10,10,10,L,L,L,L,506,1550126970394.27,19417444647116.7,17867317676722.4
305,31-5,0,3,64.49,56.07,1,0,9.7,0.16,256,204,201,0,70,10,10,10,L,L,L,L,506,1227820176784.11,20141533184320.6,18913713007536.5
306,31-6,0,3,64.68,56.08,1,0,9.7,0.16,257,205,201,0,70,10,10,10,L,L,L,L,506,912153589464.65,20923548804500.9,20011395215036.3
307,31-7,0,3,64.88,56.08,1,0,9.7,0.16,258,205,201,0,70,10,10,10,L,L,L,L,506,1756730459259.33,21768125674295.6,20011395215036.3
308,31-8,0,3,65.07,56.08,1,0,9.7,0.16,259,205,202,0,70,10,10,10,L,L,L,L,506,1496910708125.8,22680268693673.9,21183357985548.1
309,31-9,0,3,65.27,56.09,1,0,9.7,0.16,260,206,202,0,70,10,10,10,L,L,L,L,506,1252621096654.62,23665383154602.4,22412762057947.8
310,31-10,1,3,65.38,56.09,1,0,4.5,0.08,260,206,202,0,70,10,10,10,L,L,L,L,506,6572239185668.66,28985001243616.4,22412762057947.8
311,32-1,0,3,65.57,56.09,1,0,9.7,0.16,261,208,204,0,70,10,10,10,L,L,L,L,506,2019471261086.61,30134038750843.5,28114567489756.9
312,32-2,0,3,65.77,56.1,1,0,9.7,0.16,262,208,205,0,70,10,10,10,L,L,L,L,506,1613908457642.2,31374999258648.7,29761090801006.5
313,32-3,0,3,65.96,56.1,1,0,9.7,0.16,263,208,205,0,70,10,10,10,L,L,L,L,506,2954145806071.81,32715236607078.3,29761090801006.5
314,32-4,0,3,66.16,56.1,1,0,9.7,0.16,264,209,205,0,70,10,10,10,L,L,L,L,506,2674377937747.41,34162692943382.3,31488315005634.8
315,32-5,0,3,66.36,56.11,1,0,9.7,0.16,265,209,206,0,70,10,10,10,L,L,L,L,506,2393524672356.15,35725945786590.6,33332421114234.4
316,32-6,0,3,66.55,56.11,1,0,9.7,0.16,266,210,206,0,70,10,10,10,L,L,L,L,506,2147346633837.34,37414258857255.5,35266912223418.2
317,32-7,0,3,66.75,56.11,1,0,9.7,0.16,266,210,207,0,70,10,10,10,L,L,L,L,506,1905325908523.99,39237636973573.7,37332311065049.7
318,32-8,0,3,66.94,56.12,1,0,9.7,0.16,267,210,207,0,70,10,10,10,L,L,L,L,506,3874574274147.6,41206885339197.3,37332311065049.7
319,32-9,0,3,67.14,56.12,1,0,9.7,0.16,268,211,207,0,70,10,10,10,L,L,L,L,506,3834732466735.27,43333673574070.8,39498941107335.5
320,32-10,1,3,67.25,56.12,1,0,4.5,0.08,269,211,208,0,70,10,10,10,L,L,L,L,506,13006142232424.9,54818330042387.7,41812187809962.8
321,33-1,0,3,67.44,56.12,1,0,9.7,0.16,270,213,210,0,70,10,10,10,L,L,L,L,506,4849808686459.63,57299015839544.1,52449207153084.5
322,33-2,0,3,67.64,56.13,1,0,9.7,0.16,271,214,210,0,70,10,10,10,L,L,L,L,506,4484990135340.05,59978156500473.1,55493166365133.1
323,33-3,0,3,67.83,56.13,1,0,9.7,0.16,271,214,211,0,70,10,10,10,L,L,L,L,506,4128516985714.59,62871628414276.4,58743111428561.8
324,33-4,0,3,68.16,60.5,2,0,9.7,0.3,273,224,221,0,70,10,10,10,L,L,L,L,506,6359922836719.7,188807099990651,182447177153931
325,33-5,0,3,68.36,60.51,1,0,9.7,0.16,274,224,221,0,70,10,10,10,L,L,L,L,506,9734868476979.86,192182045630911,182447177153931
326,33-6,0,3,68.55,60.51,1,0,9.7,0.16,275,224,221,0,70,10,10,10,L,L,L,L,506,13379809768460.8,195826986922392,182447177153931
327,33-7,0,3,68.75,60.51,1,0,9.7,0.16,275,225,221,0,70,10,10,10,L,L,L,L,506,6727782066444.75,199763523517191,193035741450746
328,33-8,0,3,68.94,60.52,1,0,9.7,0.16,276,225,221,0,70,10,10,10,L,L,L,L,506,10979241588828.2,204014983039575,193035741450746
329,33-9,0,3,69.14,60.52,1,0,9.7,0.16,277,225,221,0,70,10,10,10,L,L,L,L,506,15570817873002.2,208606559323749,193035741450746
330,33-10,1,3,69.25,60.52,1,0,4.5,0.08,278,225,222,0,70,10,10,10,L,L,L,L,506,29060233428778.8,233401071258289,204340837829510
331,34-1,0,3,69.44,60.52,1,0,9.7,0.16,278,226,223,0,70,10,10,10,L,L,L,L,506,9894948049991.12,238756685836149,228861737786158
332,34-2,0,3,69.64,60.53,1,0,9.7,0.16,279,226,223,0,70,10,10,10,L,L,L,L,506,15679011794080.6,244540749580239,228861737786158
333,34-3,0,3,69.84,60.53,1,0,9.7,0.16,280,227,223,0,70,10,10,10,L,L,L,L,506,8643505583771.88,250787538423855,242144032840084
334,34-4,0,3,70.03,60.53,1,0,9.7,0.16,281,227,223,0,70,10,10,10,L,L,L,L,506,15390037534877.9,257534070374961,242144032840084
335,34-5,0,3,70.23,60.54,1,0,9.7,0.16,282,227,224,0,70,10,10,10,L,L,L,L,506,8495179144551.54,264820324882156,256325145737604
336,34-6,0,3,70.42,60.54,1,0,9.7,0.16,283,227,224,0,70,10,10,10,L,L,L,L,506,16364334012321.6,272689479749926,256325145737604
337,34-7,0,3,70.62,60.54,1,0,9.7,0.16,283,228,224,0,70,10,10,10,L,L,L,L,506,9986850809116.75,281188167007118,271201316198001
338,34-8,0,3,70.81,60.55,1,0,9.7,0.16,284,228,224,0,70,10,10,10,L,L,L,L,506,19165433046883.7,290366749244885,271201316198001
339,34-9,0,3,71.01,60.55,1,0,9.7,0.16,285,228,225,0,70,10,10,10,L,L,L,L,506,13195455418448.7,300279618061673,287084162643224
340,34-10,1,3,71.12,60.55,1,0,4.5,0.08,286,228,225,0,70,10,10,10,L,L,L,L,506,66724947029105.6,353809109672330,287084162643224
341,35-1,0,3,71.31,60.56,1,0,9.7,0.16,287,230,226,0,70,10,10,10,L,L,L,L,516,25176550058292.1,365371479861332,340194929803039
342,35-2,0,3,71.51,60.56,1,0,9.7,0.16,287,230,227,0,70,10,10,10,L,L,L,L,516,17740467280338.1,377858839664266,360118372383928
343,35-3,0,3,71.7,60.56,1,0,9.7,0.16,288,230,227,0,70,10,10,10,L,L,L,L,516,31226815867506.8,391345188251434,360118372383928
344,35-4,0,3,71.9,60.56,1,0,9.7,0.16,289,231,227,0,70,10,10,10,L,L,L,L,516,24892123929065.3,405910444725577,381018320796511
345,35-5,0,3,72.1,60.57,1,0,9.7,0.16,290,231,228,0,70,10,10,10,L,L,L,L,516,18308345230544.3,421640921717650,403332576487106
346,35-6,0,3,72.29,60.57,1,0,9.7,0.16,291,231,228,0,70,10,10,10,L,L,L,L,516,35297260381983.8,438629836869090,403332576487106
347,35-7,0,3,72.49,60.57,1,0,9.7,0.16,292,232,228,0,70,10,10,10,L,L,L,L,516,30237346523444.6,456977865232644,426740518709200
348,35-8,0,3,72.68,60.58,1,0,9.7,0.16,293,232,229,0,70,10,10,10,L,L,L,L,516,25061250782617.6,476793735865284,451732485082666
349,35-9,0,3,72.88,60.58,1,0,9.7,0.16,293,232,229,0,70,10,10,10,L,L,L,L,516,46462391065867.8,498194876148534,451732485082666
350,35-10,1,3,72.99,60.58,1,0,4.5,0.08,294,233,229,0,70,10,10,10,L,L,L,L,516,135811653306674,613761033678085,477949380371411
351,36-1,0,3,73.27,66.5,1,0,9.7,0.16,295,245,241,0,70,10,10,10,L,L,L,L,516,122989761411047,1985069058923740,1862079297512690
352,36-2,0,3,73.47,66.51,1,0,9.7,0.16,296,245,242,0,70,10,10,10,L,L,L,L,516,40896761522267.4,2012028332152230,1971131570629960
353,36-3,0,3,73.66,66.51,1,0,9.7,0.16,297,245,242,0,70,10,10,10,L,L,L,L,516,70012776609040.6,2041144347239000,1971131570629960
354,36-4,0,3,73.86,66.51,1,0,9.7,0.16,298,245,242,0,70,10,10,10,L,L,L,L,516,101458072902756,2072589643532720,1971131570629960
355,36-5,0,3,74.05,66.52,1,0,9.7,0.16,299,245,242,0,70,10,10,10,L,L,L,L,516,135418992899968,2106550563529930,1971131570629960
356,36-6,0,3,74.25,66.52,1,0,9.7,0.16,300,246,242,0,70,10,10,10,L,L,L,L,516,57699544495599.5,2143228357126920,2085528812631320
357,36-7,0,3,74.44,66.52,1,0,9.7,0.16,300,246,242,0,70,10,10,10,L,L,L,L,516,97311561580347.9,2182840374211670,2085528812631320
358,36-8,0,3,74.64,66.53,1,0,9.7,0.16,301,246,242,0,70,10,10,10,L,L,L,L,516,140092540031876,2225621352663200,2085528812631320
359,36-9,0,3,74.84,66.53,1,0,9.7,0.16,302,246,243,0,70,10,10,10,L,L,L,L,516,64157450868181.1,2271824809390850,2207667358522670
360,36-10,1,3,74.94,66.53,1,0,4.5,0.08,303,246,243,0,70,10,10,10,L,L,L,L,516,313656117197494,2521323475720160,2207667358522670
361,37-1,0,3,75.14,66.54,1,0,9.7,0.16,303,247,244,0,70,10,10,10,L,L,L,L,516,102627746684798,2575215187647290,2472587440962500
362,37-2,0,3,75.34,66.54,1,0,9.7,0.16,304,247,244,0,70,10,10,10,L,L,L,L,516,160830795566100,2633418236528590,2472587440962500
363,37-3,0,3,75.53,66.54,1,0,9.7,0.16,305,248,244,0,70,10,10,10,L,L,L,L,516,80190187991403.1,2696277529320400,2616087341329000
364,37-4,0,3,75.73,66.55,1,0,9.7,0.16,306,248,244,0,70,10,10,10,L,L,L,L,516,148078224206554,2764165565535550,2616087341329000
365,37-5,0,3,75.92,66.55,1,0,9.7,0.16,307,248,244,0,70,10,10,10,L,L,L,L,516,221397303318917,2837484644647910,2616087341329000
366,37-6,0,3,76.12,66.55,1,0,9.7,0.16,308,248,245,0,70,10,10,10,L,L,L,L,516,147371316794165,2916669250089270,2769297933295100
367,37-7,0,3,76.31,66.56,1,0,9.7,0.16,309,248,245,0,70,10,10,10,L,L,L,L,516,232890690670825,3002188623965930,2769297933295100
368,37-8,0,3,76.51,66.56,1,0,9.7,0.16,310,249,245,0,70,10,10,10,L,L,L,L,516,164531726047134,3094549547752720,2930017821705590
369,37-9,0,3,76.7,66.56,1,0,9.7,0.16,310,249,245,0,70,10,10,10,L,L,L,L,516,264281523736870,3194299345442450,2930017821705590
370,37-10,1,3,76.81,66.56,1,0,4.5,0.08,311,249,246,0,70,10,10,10,L,L,L,L,516,631334568259410,3732948252967030,3101613684707620
371,38-1,0,3,77.01,66.57,1,0,9.7,0.16,312,251,247,0,70,10,10,10,L,L,L,L,526,173882062683186,3849296416994940,3675414354311750
372,38-2,0,3,77.2,66.57,1,0,9.7,0.16,313,251,247,0,70,10,10,10,L,L,L,L,526,299538079830519,3974952434142270,3675414354311750
373,38-3,0,3,77.4,66.57,1,0,9.7,0.16,314,251,248,0,70,10,10,10,L,L,L,L,526,219996727799884,4110660932661390,3890664204861510
374,38-4,0,3,77.6,66.58,1,0,9.7,0.16,314,251,248,0,70,10,10,10,L,L,L,L,526,366561906200533,4257226111062040,3890664204861510
375,38-5,0,3,77.79,66.58,1,0,9.7,0.16,315,252,248,0,70,10,10,10,L,L,L,L,526,299052427488471,4415516503734740,4116464076246270
376,38-6,0,3,77.99,66.58,1,0,9.7,0.16,316,252,249,0,70,10,10,10,L,L,L,L,526,228926218959263,4586470127821260,4357543908862000
377,38-7,0,3,78.36,70.01,1,0,9.7,0.16,318,259,256,0,70,10,10,10,L,L,L,L,526,565736311185599,10198877606581600,9633141295396030
378,38-8,0,3,78.55,70.01,1,0,9.7,0.16,319,260,256,0,70,10,10,10,L,L,L,L,526,206064451559334,10398277913716100,10192213462156800
379,38-9,0,3,78.75,70.01,1,0,9.7,0.16,319,260,256,0,70,10,10,10,L,L,L,L,526,421416783264609,10613630245421400,10192213462156800
380,38-10,1,3,78.86,70.01,1,0,4.5,0.08,320,260,256,0,70,10,10,10,L,L,L,L,526,1584319374473090,11776532836629900,10192213462156800
381,39-1,0,3,79.05,70.02,1,0,9.7,0.16,321,261,257,0,70,10,10,10,L,L,L,L,526,612440719298202,12027719796330900,11415279077032700
382,39-2,0,3,79.25,70.02,1,0,9.7,0.16,321,261,257,0,70,10,10,10,L,L,L,L,526,883722635775317,12299001712808000,11415279077032700
383,39-3,0,3,79.44,70.02,1,0,9.7,0.16,322,261,258,0,70,10,10,10,L,L,L,L,526,508173742894287,12591986182603300,12083812439709000
384,39-4,0,3,79.64,70.03,1,0,9.7,0.16,323,261,258,0,70,10,10,10,L,L,L,L,526,824596970273195,12908409409982200,12083812439709000
385,39-5,0,3,79.84,70.03,1,0,9.7,0.16,324,262,258,0,70,10,10,10,L,L,L,L,526,465033929857693,13250146495551500,12785112565693800
386,39-6,0,3,80.03,70.03,1,0,9.7,0.16,325,262,258,0,70,10,10,10,L,L,L,L,526,834109982272451,13619222547966200,12785112565693800
387,39-7,0,3,80.23,70.04,1,0,9.7,0.16,326,262,259,0,70,10,10,10,L,L,L,L,526,483954752682917,14017824684574200,13533869931891200
388,39-8,0,3,80.42,70.04,1,0,9.7,0.16,326,262,259,0,70,10,10,10,L,L,L,L,526,914445060219491,14448314992110700,13533869931891200
389,39-9,0,3,80.62,70.04,1,0,9.7,0.16,327,263,259,0,70,10,10,10,L,L,L,L,526,593918451256102,14913244524250200,14319326072994100
390,39-10,1,3,80.73,70.05,1,0,4.5,0.08,328,263,259,0,70,10,10,10,L,L,L,L,526,3104537924809400,17423863997803500,14319326072994100
391,40-1,0,3,80.92,70.05,1,0,9.7,0.16,329,264,261,0,70,10,10,10,L,L,L,L,526,989271362762398,17966157804091000,16976886441328600
392,40-2,0,3,81.12,70.05,1,0,9.7,0.16,330,265,261,0,70,10,10,10,L,L,L,L,526,589672490153448,18551835114881500,17962162624728100
393,40-3,0,3,81.31,70.06,1,0,9.7,0.16,330,265,261,0,70,10,10,10,L,L,L,L,526,1222203985807200,19184366610535300,17962162624728100
394,40-4,0,3,81.51,70.06,1,0,9.7,0.16,331,265,262,0,70,10,10,10,L,L,L,L,526,853387812136174,19867500625841400,19014112813705200
395,40-5,0,3,81.7,70.06,1,0,9.7,0.16,332,265,262,0,70,10,10,10,L,L,L,L,526,1591172548666710,20605285362371900,19014112813705200
396,40-6,0,3,81.9,70.06,1,0,9.7,0.16,333,266,262,0,70,10,10,10,L,L,L,L,526,1284470738712300,21402092877824900,20117622139112600
397,40-7,0,3,82.1,70.07,1,0,9.7,0.16,334,266,263,0,70,10,10,10,L,L,L,L,526,966838643747185,22262644994514100,21295806350766900
398,40-8,0,3,82.29,70.07,1,0,9.7,0.16,335,266,263,0,70,10,10,10,L,L,L,L,526,1896234929771540,23192041280538500,21295806350766900
399,40-9,0,3,82.49,70.07,1,0,9.7,0.16,336,267,263,0,70,10,10,10,L,L,L,L,526,1664052474221560,24195789269444800,22531736795223200
400,40-10,1,3,82.6,70.08,1,0,4.5,0.08,336,267,264,0,70,10,10,10,L,L,L,L,526,5764725297262770,29616028409538800,23851303112276100
401,41-1,0,3,82.79,70.08,1,0,9.7,0.16,337,269,265,0,70,10,10,10,L,L,L,L,536,2522989429108730,30786800063801000,28263810634692300
402,41-2,0,3,82.99,70.08,1,0,9.7,0.16,338,269,266,0,70,10,10,10,L,L,L,L,536,2132158827598780,32051233450402100,29919074622803400
403,41-3,0,3,83.18,70.09,1,0,9.7,0.16,339,270,266,0,70,10,10,10,L,L,L,L,536,1761353597658930,33416821507931400,31655467910272400
404,41-4,0,3,83.38,70.09,1,0,9.7,0.16,340,270,266,0,70,10,10,10,L,L,L,L,536,3236188699790500,34891656610062900,31655467910272400
405,41-5,0,3,83.57,70.09,1,0,9.7,0.16,340,270,267,0,70,10,10,10,L,L,L,L,536,2975114943408170,36484478520365000,33509363576956900
406,41-6,0,3,83.77,70.1,1,0,9.7,0.16,341,271,267,0,70,10,10,10,L,L,L,L,536,2750602124569060,38204726183491300,35454124058922200
407,41-7,0,3,83.96,70.1,1,0,9.7,0.16,342,271,268,0,70,10,10,10,L,L,L,L,536,2532106454058870,40062593659667700,37530487205608800
408,41-8,0,3,84.16,70.1,1,0,9.7,0.16,343,272,268,0,70,10,10,10,L,L,L,L,536,2360471588528130,42069090533938100,39708618945410000
409,41-9,0,3,84.36,70.11,1,0,9.7,0.16,344,272,269,0,70,10,10,10,L,L,L,L,536,2201961488451300,44236107158150300,42034145669699000
410,41-10,1,3,84.46,70.11,1,0,4.5,0.08,344,272,269,0,70,10,10,10,L,L,L,L,536,13903851259196700,55937996928895700,42034145669699000
411,42-1,0,3,84.66,70.11,1,0,9.7,0.16,345,275,271,0,70,10,10,10,L,L,L,L,536,2677854523606590,58465605119376700,55787750595770100
412,42-2,0,3,84.86,70.11,1,0,9.7,0.16,346,275,271,0,70,10,10,10,L,L,L,L,536,5407671369326090,61195421965096200,55787750595770100
413,42-3,0,3,85.05,70.12,1,0,9.7,0.16,347,275,272,0,70,10,10,10,L,L,L,L,536,5088675953001310,64143624158473200,59054948205471900
414,42-4,0,3,85.25,70.12,1,0,9.7,0.16,348,276,272,0,70,10,10,10,L,L,L,L,536,4845401860640830,67327682527320500,62482280666679600
415,42-5,0,3,85.44,70.12,1,0,9.7,0.16,349,276,273,0,70,10,10,10,L,L,L,L,536,4624923576129780,70766465565675500,66141541989545700
416,42-6,0,3,85.64,70.13,1,0,9.7,0.16,350,277,273,0,70,10,10,10,L,L,L,L,536,4500196901000550,74480351247098900,69980154346098300
417,42-7,0,3,85.83,70.13,1,0,9.7,0.16,351,277,274,0,70,10,10,10,L,L,L,L,536,4412820755327840,78491347783036100,74078527027708300
418,42-8,0,3,86.03,70.13,1,0,9.7,0.16,351,278,274,0,70,10,10,10,L,L,L,L,536,4445451174801150,82823224041848400,78377772867047200
419,42-9,0,3,86.22,70.14,1,0,9.7,0.16,352,278,274,0,70,10,10,10,L,L,L,L,536,9123877534318380,87501650401365600,78377772867047200
420,42-10,1,3,86.33,70.14,1,0,4.5,0.08,353,278,275,0,70,10,10,10,L,L,L,L,536,29797202472308200,112765152742759000,82967950270450400
421,43-1,0,3,86.53,70.14,1,0,9.7,0.16,354,281,277,0,70,10,10,10,L,L,L,L,536,8106941571911500,118222069248500000,110115127676588000
422,43-2,0,3,86.72,70.15,1,0,9.7,0.16,355,281,278,0,70,10,10,10,L,L,L,L,536,7551542639103260,124115539074700000,116563996435596000
423,43-3,0,3,86.92,70.15,1,0,9.7,0.16,356,282,278,0,70,10,10,10,L,L,L,L,536,7151543489800170,130480486486996000,123328942997196000
424,43-4,0,3,87.12,70.15,1,0,9.7,0.16,356,282,278,0,70,10,10,10,L,L,L,L,536,14025686695080000,137354629692276000,123328942997196000
425,43-5,0,3,87.31,70.16,1,0,9.7,0.16,357,282,279,0,70,10,10,10,L,L,L,L,536,14227028346692900,144778704353978000,130551676007285000
426,43-6,0,3,87.51,70.16,1,0,9.7,0.16,358,283,279,0,70,10,10,10,L,L,L,L,536,14668288832340200,152796704988616000,138128416156276000
427,43-7,0,3,87.7,70.16,1,0,9.7,0.16,359,283,280,0,70,10,10,10,L,L,L,L,536,15238268546449500,161456145674026000,146217877127576000
428,43-8,0,3,87.9,70.16,1,0,9.7,0.16,360,284,280,0,70,10,10,10,L,L,L,L,536,16104515519821700,170808341614268000,154703826094447000
429,43-9,0,3,88.09,70.17,1,0,9.7,0.16,361,284,281,0,70,10,10,10,L,L,L,L,536,17144690847427200,180908713229730000,163764022382303000
430,43-10,1,3,88.2,70.17,1,0,4.5,0.08,361,285,281,0,70,10,10,10,L,L,L,L,536,62182434728025700,235450719953223000,173268285225197000
431,44-1,0,3,88.4,70.17,1,0,9.7,0.16,362,287,284,0,70,10,10,10,L,L,L,L,536,17155132969940500,247231793405498000,230076660435557000
432,44-2,0,3,88.59,70.18,1,0,9.7,0.16,363,288,284,0,70,10,10,10,L,L,L,L,536,16525887311054800,259955352733954000,243429465422899000
433,44-3,0,3,88.79,70.18,1,0,9.7,0.16,364,288,285,0,70,10,10,10,L,L,L,L,536,16010937121446000,273696796808687000,257685859687241000
434,44-4,0,3,88.98,70.18,1,0,9.7,0.16,365,289,285,0,70,10,10,10,L,L,L,L,536,15896555136334400,288537556409399000,272641001273064000
435,44-5,0,3,89.18,70.19,1,0,9.7,0.16,366,289,285,0,70,10,10,10,L,L,L,L,536,31924575505102900,304565576778167000,272641001273064000
436,44-6,0,3,89.38,70.19,1,0,9.7,0.16,367,289,286,0,70,10,10,10,L,L,L,L,536,33267675927310100,321875838776437000,288608162849127000
437,44-7,0,3,89.57,70.19,1,0,9.7,0.16,367,290,286,0,70,10,10,10,L,L,L,L,536,35213000309319700,340570921734569000,305357921425249000
438,44-8,0,3,89.77,70.2,1,0,9.7,0.16,368,290,287,0,70,10,10,10,L,L,L,L,536,37520468938911500,360761611329351000,323241142390439000
439,44-9,0,3,89.96,70.2,1,0,9.7,0.16,369,291,287,0,70,10,10,10,L,L,L,L,536,40566684096019600,382567556091716000,342000871995696000
440,44-10,1,4,90.08,80,2,0,4.5,0.08,370,304,301,0,70,10,10,10,L,L,L,L,536,192326598358264000,1772042356349600000,1579715757991330000
441,45-1,0,4,90.27,80,1,0,9.7,0.16,371,305,302,0,70,10,10,10,L,L,L,L,546,28195161370710300,1797476810320420000,1769281648949710000
442,45-2,0,4,90.47,80.01,1,0,9.7,0.16,371,305,302,0,70,10,10,10,L,L,L,L,546,55664371659198300,1824946020608910000,1769281648949710000
443,45-3,0,4,90.66,80.01,1,0,9.7,0.16,372,305,302,0,70,10,10,10,L,L,L,L,546,85331118770765400,1854612767720480000,1769281648949710000
444,45-4,0,4,90.86,80.01,1,0,9.7,0.16,373,305,302,0,70,10,10,10,L,L,L,L,546,117371205651258000,1886652854600970000,1769281648949710000
445,45-5,0,4,91.05,80.02,1,0,9.7,0.16,374,306,302,0,70,10,10,10,L,L,L,L,546,49291885861936200,1921256148431900000,1871964262569960000
446,45-6,0,4,91.25,80.02,1,0,9.7,0.16,375,306,302,0,70,10,10,10,L,L,L,L,546,86663443199342600,1958627705769310000,1871964262569960000
447,45-7,0,4,91.44,80.02,1,0,9.7,0.16,376,306,302,0,70,10,10,10,L,L,L,L,546,127024725123741000,1998988987693700000,1871964262569960000
448,45-8,0,4,91.64,80.03,1,0,9.7,0.16,377,306,303,0,70,10,10,10,L,L,L,L,546,60983725348963200,2042579172172060000,1981595446823090000
449,45-9,0,4,91.84,80.03,1,0,9.7,0.16,378,306,303,0,70,10,10,10,L,L,L,L,546,108061124585582000,2089656571408670000,1981595446823090000
450,45-10,1,4,91.94,80.03,1,0,4.5,0.08,378,306,303,0,70,10,10,10,L,L,L,L,546,362279080463324000,2343874527286420000,1981595446823090000
451,46-1,0,4,92.14,80.04,1,0,9.7,0.16,379,307,304,0,70,10,10,10,L,L,L,L,546,179398705314728000,2398785605756010000,2219386900441280000
452,46-2,0,4,92.34,80.04,1,0,9.7,0.16,380,308,304,0,70,10,10,10,L,L,L,L,546,109897599536641000,2458089570503170000,2348191970966530000
453,46-3,0,4,92.53,80.04,1,0,9.7,0.16,381,308,304,0,70,10,10,10,L,L,L,L,546,173945881463574000,2522137852430100000,2348191970966530000
454,46-4,0,4,92.73,80.05,1,0,9.7,0.16,382,308,305,0,70,10,10,10,L,L,L,L,546,105596668417536000,2591309996911190000,2485713328493650000
455,46-5,0,4,92.92,80.05,1,0,9.7,0.16,382,308,305,0,70,10,10,10,L,L,L,L,546,180302584457110000,2666015912950760000,2485713328493650000
456,46-6,0,4,93.12,80.05,1,0,9.7,0.16,383,309,305,0,70,10,10,10,L,L,L,L,546,116723294791574000,2746698302273500000,2629975007481930000
457,46-7,0,4,93.31,80.06,1,0,9.7,0.16,384,309,305,0,70,10,10,10,L,L,L,L,546,203860275260133000,2833835282742060000,2629975007481930000
458,46-8,0,4,93.51,80.06,1,0,9.7,0.16,385,309,306,0,70,10,10,10,L,L,L,L,546,143944293735797000,2927943221648100000,2783998927912310000
459,46-9,0,4,93.7,80.06,1,0,9.7,0.16,386,309,306,0,70,10,10,10,L,L,L,L,546,245580867754324000,3029579795666630000,2783998927912310000
460,46-10,1,4,93.81,80.06,1,0,4.5,0.08,386,310,306,0,70,10,10,10,L,L,L,L,546,632845286987503000,3578417295366680000,2945572008379180000
461,47-1,0,4,94.01,80.07,1,0,9.7,0.16,387,311,308,0,70,10,10,10,L,L,L,L,546,204717940129926000,3696966195301890000,3492248255171960000
462,47-2,0,4,94.2,80.07,1,0,9.7,0.16,388,312,308,0,70,10,10,10,L,L,L,L,546,130073479922313000,3824999007231920000,3694925527309600000
463,47-3,0,4,94.4,80.07,1,0,9.7,0.16,389,312,308,0,70,10,10,10,L,L,L,L,546,268348916806742000,3963274444116350000,3694925527309600000
464,47-4,0,4,94.6,80.08,1,0,9.7,0.16,390,312,309,0,70,10,10,10,L,L,L,L,546,201293870159513000,4112611915951530000,3911318045792020000
465,47-5,0,4,94.79,80.08,1,0,9.7,0.16,391,312,309,0,70,10,10,10,L,L,L,L,546,362578339741511000,4273896385533530000,3911318045792020000
466,47-6,0,4,94.99,80.08,1,0,9.7,0.16,392,313,309,0,70,10,10,10,L,L,L,L,546,309767022095913000,4448083612682090000,4138316590586170000
467,47-7,0,4,95.18,80.09,1,0,9.7,0.16,393,313,310,0,70,10,10,10,L,L,L,L,546,255529606716053000,4636205818002530000,4380676211286480000
468,47-8,0,4,95.38,80.09,1,0,9.7,0.16,393,314,310,0,70,10,10,10,L,L,L,L,546,204463218292675000,4839377799748610000,4634914581455930000
469,47-9,0,4,95.57,80.09,1,0,9.7,0.16,394,314,310,0,70,10,10,10,L,L,L,L,546,423888958578440000,5058803540034370000,4634914581455930000
470,47-10,1,4,95.68,80.09,1,0,4.5,0.08,395,314,311,0,70,10,10,10,L,L,L,L,546,1337345180937230000,6243702537577500000,4906357356640270000
471,48-1,0,4,95.88,80.1,1,0,9.7,0.16,396,316,313,0,70,10,10,10,L,L,L,L,556,345106052878497000,6499640721046820000,6154534668168320000
472,48-2,0,4,96.07,80.1,1,0,9.7,0.16,397,316,313,0,70,10,10,10,L,L,L,L,556,621519291025358000,6776053959193680000,6154534668168320000
473,48-3,0,4,96.27,80.1,1,0,9.7,0.16,398,317,313,0,70,10,10,10,L,L,L,L,556,562858983298536000,7074580256392290000,6511721273093750000
474,48-4,0,4,96.46,80.11,1,0,9.7,0.16,398,317,314,0,70,10,10,10,L,L,L,L,556,503909829018851000,7396988657366790000,6893078828347940000
475,48-5,0,4,96.66,80.11,1,0,9.7,0.16,399,318,314,0,70,10,10,10,L,L,L,L,556,452061904554825000,7745189730419250000,7293127825864420000
476,48-6,0,4,96.86,80.11,1,0,9.7,0.16,400,318,315,0,70,10,10,10,L,L,L,L,556,400998601566795000,8121246889315900000,7720248287749110000
477,48-7,0,4,97.05,80.12,1,0,9.7,0.16,401,318,315,0,70,10,10,10,L,L,L,L,556,807140333175183000,8527388620924290000,7720248287749110000
478,48-8,0,4,97.25,80.12,1,0,9.7,0.16,402,319,315,0,70,10,10,10,L,L,L,L,556,797718526093779000,8966021691061350000,8168303164967570000
479,48-9,0,4,97.44,80.12,1,0,9.7,0.16,403,319,316,0,70,10,10,10,L,L,L,L,556,793067324530955000,9439745406809380000,8646678082278420000
480,48-10,1,4,97.55,80.13,1,0,4.5,0.08,403,320,316,0,70,10,10,10,L,L,L,L,556,2849353927085610000,11997853471848700000,9148499544763100000
481,49-1,0,4,97.75,80.13,1,0,9.7,0.16,404,322,318,0,70,10,10,10,L,L,L,L,556,1074526984947600000,12550404813897200000,11475877828949600000
482,49-2,0,4,97.94,80.13,1,0,9.7,0.16,405,322,319,0,70,10,10,10,L,L,L,L,556,999200118532282000,13147160263309600000,12147960144777300000
483,49-3,0,4,98.16,84.5,2,0,9.7,0.19,406,332,329,0,70,10,10,10,L,L,L,L,556,1390624192850570000,39120344443533800000,37729720250683200000
484,49-4,0,4,98.36,84.51,1,0,9.7,0.16,407,332,329,0,70,10,10,10,L,L,L,L,556,2086679749045160000,39816399999728400000,37729720250683200000
485,49-5,0,4,98.55,84.51,1,0,9.7,0.16,408,332,329,0,70,10,10,10,L,L,L,L,556,2838419749735320000,40568140000418500000,37729720250683200000
486,49-6,0,4,98.75,84.51,1,0,9.7,0.16,409,333,329,0,70,10,10,10,L,L,L,L,556,1460604455649360000,41380019201163900000,39919414745514500000
487,49-7,0,4,98.94,84.52,1,0,9.7,0.16,409,333,329,0,70,10,10,10,L,L,L,L,556,2337433992454360000,42256848737968900000,39919414745514500000
488,49-8,0,4,99.14,84.52,1,0,9.7,0.16,410,333,329,0,70,10,10,10,L,L,L,L,556,3284409892203770000,43203824637718300000,39919414745514500000
489,49-9,0,4,99.34,84.52,1,0,9.7,0.16,411,333,330,0,70,10,10,10,L,L,L,L,556,1969271928683060000,44226558609447700000,42257286680764600000
490,49-10,1,4,99.44,84.52,1,0,4.5,0.08,412,333,330,0,70,10,10,10,L,L,L,L,556,7492035376021590000,49749322056786200000,42257286680764600000
491,50-1,0,4,99.64,84.53,1,0,9.7,0.16,413,334,331,0,70,10,10,10,L,L,L,L,556,3614077878955540000,50942238961411300000,47328161082455800000
492,50-2,0,4,99.84,84.53,1,0,9.7,0.16,414,335,331,0,70,10,10,10,L,L,L,L,556,2155675361634240000,52230589218406500000,50074913856772200000
493,50-3,0,4,100.03,84.53,1,0,9.7,0.16,414,335,331,0,70,10,10,10,L,L,L,L,556,3547093639188980000,53622007495961200000,50074913856772200000
494,50-4,0,4,100.23,84.54,1,0,9.7,0.16,415,335,332,0,70,10,10,10,L,L,L,L,556,2117198823370420000,55124739235720300000,53007540412349900000
495,50-5,0,4,100.42,84.54,1,0,9.7,0.16,416,335,332,0,70,10,10,10,L,L,L,L,556,3740149102310270000,56747689514660200000,53007540412349900000
496,50-6,0,4,100.62,84.54,1,0,9.7,0.16,417,336,332,0,70,10,10,10,L,L,L,L,556,2416572296330910000,58500475815915200000,56083903519584300000
497,50-7,0,4,100.81,84.55,1,0,9.7,0.16,418,336,332,0,70,10,10,10,L,L,L,L,556,4309581501686350000,60393485021270700000,56083903519584300000
498,50-8,0,4,101.01,84.55,1,0,9.7,0.16,419,336,333,0,70,10,10,10,L,L,L,L,556,3069489701223220000,62437934963054500000,59368445261831300000
499,50-9,0,4,101.2,84.55,1,0,9.7,0.16,420,336,333,0,70,10,10,10,L,L,L,L,556,5277495638349810000,64645940900181100000,59368445261831300000
500,50-10,1,4,101.31,84.56,1,0,4.5,0.08,420,337,333,0,70,10,10,10,L,L,L,L,556,13755201018730900000,76569172960664700000,62813971941933900000
501,51-1,0,4,101.51,84.56,1,0,9.7,0.16,421,338,335,0,70,10,10,10,L,L,L,L,566,4672813349289200000,79144591085729200000,74471777736440000000
502,51-2,0,4,101.7,84.56,1,0,9.7,0.16,422,339,335,0,70,10,10,10,L,L,L,L,566,3132196256838190000,81926042660798800000,78793846403960600000
503,51-3,0,4,101.9,84.56,1,0,9.7,0.16,423,339,335,0,70,10,10,10,L,L,L,L,566,6136163957913370000,84930010361874000000,78793846403960600000
504,51-4,0,4,102.1,84.57,1,0,9.7,0.16,424,339,336,0,70,10,10,10,L,L,L,L,566,4765904414222960000,88174295479035200000,83408391064812200000
505,51-5,0,4,102.29,84.57,1,0,9.7,0.16,425,339,336,0,70,10,10,10,L,L,L,L,566,8269732340757050000,91678123405569300000,83408391064812200000
506,51-6,0,4,102.49,84.57,1,0,9.7,0.16,425,340,336,0,70,10,10,10,L,L,L,L,566,7213149593790780000,95462257566226100000,88249107972435300000
507,51-7,0,4,102.68,84.58,1,0,9.7,0.16,426,340,337,0,70,10,10,10,L,L,L,L,566,6131724467146350000,99549122459735500000,93417397992589100000
508,51-8,0,4,102.88,84.58,1,0,9.7,0.16,427,341,337,0,70,10,10,10,L,L,L,L,566,5123935615598600000,103962936544726000000,98839000929127000000
509,51-9,0,4,103.16,90.5,2,0,9.7,0.25,428,352,348,0,70,10,10,10,L,L,L,L,566,18751897760016200000,362568303784296000000,343816406024280000000
510,51-10,1,4,103.27,90.5,1,0,4.5,0.08,429,352,348,0,70,10,10,10,L,L,L,L,566,44493261503678500000,388309667527959000000,343816406024280000000
511,52-1,0,4,103.47,90.51,1,0,9.7,0.16,430,353,349,0,70,10,10,10,L,L,L,L,566,8795427349396530000,393869802096590000000,385074374747193000000
512,52-2,0,4,103.66,90.51,1,0,9.7,0.16,431,353,349,0,70,10,10,10,L,L,L,L,566,14800372683518100000,399874747430711000000,385074374747193000000
513,52-3,0,4,103.86,90.51,1,0,9.7,0.16,431,353,349,0,70,10,10,10,L,L,L,L,566,21285713644369400000,406360088391563000000,385074374747193000000
514,52-4,0,4,104.05,90.52,1,0,9.7,0.16,432,353,349,0,70,10,10,10,L,L,L,L,566,28289881882088700000,413364256629282000000,385074374747193000000
515,52-5,0,4,104.25,90.52,1,0,9.7,0.16,433,353,350,0,70,10,10,10,L,L,L,L,566,13302585676861600000,420928758326019000000,407626172649157000000
516,52-6,0,4,104.44,90.52,1,0,9.7,0.16,434,353,350,0,70,10,10,10,L,L,L,L,566,21472247509337500000,429098420158495000000,407626172649157000000
517,52-7,0,4,104.64,90.53,1,0,9.7,0.16,435,353,350,0,70,10,10,10,L,L,L,L,566,30295482288411500000,437921654937569000000,407626172649157000000
518,52-8,0,4,104.84,90.53,1,0,9.7,0.16,436,354,350,0,70,10,10,10,L,L,L,L,566,16167448782112800000,447450748498969000000,431283299716856000000
519,52-9,0,4,105.03,90.53,1,0,9.7,0.16,437,354,350,0,70,10,10,10,L,L,L,L,566,26458869828424600000,457742169545281000000,431283299716856000000
520,52-10,1,4,105.14,90.54,1,0,4.5,0.08,437,354,351,0,70,10,10,10,L,L,L,L,566,56774529828309000000,513315843195365000000,456541313367056000000
521,53-1,0,4,105.34,90.54,1,0,9.7,0.16,438,355,352,0,70,10,10,10,L,L,L,L,566,13993485732681000000,525319756703783000000,511326270971102000000
522,53-2,0,4,105.53,90.54,1,0,9.7,0.16,439,355,352,0,70,10,10,10,L,L,L,L,566,26957712321772600000,538283983292874000000,511326270971102000000
523,53-3,0,4,105.73,90.55,1,0,9.7,0.16,440,355,352,0,70,10,10,10,L,L,L,L,566,40959077037991600000,552285348009093000000,511326270971102000000
524,53-4,0,4,105.92,90.55,1,0,9.7,0.16,441,356,352,0,70,10,10,10,L,L,L,L,566,26405050737786900000,567406821902610000000,541001771164823000000
525,53-5,0,4,106.12,90.55,1,0,9.7,0.16,441,356,352,0,70,10,10,10,L,L,L,L,566,42736242542784700000,583738013707608000000,541001771164823000000
526,53-6,0,4,106.31,90.56,1,0,9.7,0.16,442,356,353,0,70,10,10,10,L,L,L,L,566,28690277369371700000,601375700857005000000,572685423487634000000
527,53-7,0,4,106.51,90.56,1,0,9.7,0.16,443,356,353,0,70,10,10,10,L,L,L,L,566,47738979490721100000,620424402978355000000,572685423487634000000
528,53-8,0,4,106.7,90.56,1,0,9.7,0.16,444,357,353,0,70,10,10,10,L,L,L,L,566,35075017564810900000,640997001269412000000,605921983704601000000
529,53-9,0,4,106.9,90.56,1,0,9.7,0.16,445,357,353,0,70,10,10,10,L,L,L,L,566,57293423719152800000,663215407423754000000,605921983704601000000
530,53-10,1,4,107.01,90.57,1,0,4.5,0.08,445,357,354,0,70,10,10,10,L,L,L,L,566,141787126351052000000,783194800657201000000,641407674306149000000
531,54-1,0,4,107.2,90.57,1,0,9.7,0.16,446,359,355,0,70,10,10,10,L,L,L,L,566,49041813236574500000,809110349595625000000,760068536359051000000
532,54-2,0,4,107.4,90.57,1,0,9.7,0.16,447,359,356,0,70,10,10,10,L,L,L,L,566,32517355799491300000,837099142449124000000,804581786649632000000
533,54-3,0,4,107.6,90.58,1,0,9.7,0.16,448,359,356,0,70,10,10,10,L,L,L,L,566,62745252081269600000,867327038730902000000,804581786649632000000
534,54-4,0,4,107.79,90.58,1,0,9.7,0.16,449,360,356,0,70,10,10,10,L,L,L,L,566,48696405993086200000,899973166715223000000,851276760722136000000
535,54-5,0,4,107.99,90.58,1,0,9.7,0.16,450,360,356,0,70,10,10,10,L,L,L,L,566,83954224216152500000,935230984938289000000,851276760722136000000
536,54-6,0,4,108.36,94.01,1,0,9.7,0.16,451,367,364,0,70,10,10,10,L,L,L,L,566,100630281139582000000,2092745157201550000000,1992114876061970000000
537,54-7,0,4,108.55,94.01,1,0,9.7,0.16,452,367,364,0,70,10,10,10,L,L,L,L,566,141755000314967000000,2133869876376940000000,1992114876061970000000
538,54-8,0,4,108.75,94.01,1,0,9.7,0.16,453,368,364,0,70,10,10,10,L,L,L,L,566,70554660702821300000,2178284573086350000000,2107729912383530000000
539,54-9,0,4,108.94,94.02,1,0,9.7,0.16,454,368,364,0,70,10,10,10,L,L,L,L,566,118522533148990000000,2226252445532520000000,2107729912383530000000
540,54-10,1,4,109.05,94.02,1,0,4.5,0.08,454,368,364,0,70,10,10,10,L,L,L,L,566,377549044358299000000,2485278956741830000000,2107729912383530000000
541,55-1,0,4,109.25,94.02,1,0,9.7,0.16,455,369,365,0,70,10,10,10,L,L,L,L,576,180571181293487000000,2541228683163040000000,2360657501869560000000
542,55-2,0,4,109.44,94.02,1,0,9.7,0.16,456,369,366,0,70,10,10,10,L,L,L,L,576,102745487165814000000,2601654387697950000000,2498908900532140000000
543,55-3,0,4,109.64,94.03,1,0,9.7,0.16,457,369,366,0,70,10,10,10,L,L,L,L,576,168005248063514000000,2666914148595650000000,2498908900532140000000
544,55-4,0,4,109.84,94.03,1,0,9.7,0.16,458,370,366,0,70,10,10,10,L,L,L,L,576,93458288271264900000,2737394690365170000000,2643936402093900000000
545,55-5,0,4,110.03,94.03,1,0,9.7,0.16,459,370,366,0,70,10,10,10,L,L,L,L,576,169577273382343000000,2813513675476240000000,2643936402093900000000
546,55-6,0,4,110.23,94.04,1,0,9.7,0.16,459,370,367,0,70,10,10,10,L,L,L,L,576,96944210800216400000,2895722179396210000000,2798777968595990000000
547,55-7,0,4,110.42,94.04,1,0,9.7,0.16,460,370,367,0,70,10,10,10,L,L,L,L,576,185729395033777000000,2984507363629770000000,2798777968595990000000
548,55-8,0,4,110.62,94.04,1,0,9.7,0.16,461,371,367,0,70,10,10,10,L,L,L,L,576,119186592256846000000,3080395362602010000000,2961208770345170000000
549,55-9,0,4,110.81,94.05,1,0,9.7,0.16,462,371,367,0,70,10,10,10,L,L,L,L,576,222745631146871000000,3183954401492040000000,2961208770345170000000
550,55-10,1,4,110.92,94.05,1,0,4.5,0.08,462,371,368,0,70,10,10,10,L,L,L,L,576,608541886670669000000,3743173211498180000000,3134631324827510000000
551,56-1,0,4,111.12,94.05,1,0,9.7,0.16,463,373,369,0,70,10,10,10,L,L,L,L,576,149424192938525000000,3863964474459500000000,3714540281520980000000
552,56-2,0,4,111.31,94.06,1,0,9.7,0.16,464,373,369,0,70,10,10,10,L,L,L,L,576,279878756936757000000,3994419038457740000000,3714540281520980000000
553,56-3,0,4,111.51,94.06,1,0,9.7,0.16,465,373,370,0,70,10,10,10,L,L,L,L,576,203228433712199000000,4135309967575830000000,3932081533863630000000
554,56-4,0,4,111.7,94.06,1,0,9.7,0.16,466,373,370,0,70,10,10,10,L,L,L,L,576,355390637159737000000,4287472171023370000000,3932081533863630000000
555,56-5,0,4,111.9,94.06,1,0,9.7,0.16,467,374,370,0,70,10,10,10,L,L,L,L,576,291522235443209000000,4451807350746710000000,4160285115303500000000
556,56-6,0,4,112.1,94.07,1,0,9.7,0.16,468,374,371,0,70,10,10,10,L,L,L,L,576,225358026920651000000,4629289344847910000000,4403931317927260000000
557,56-7,0,4,112.29,94.07,1,0,9.7,0.16,468,374,371,0,70,10,10,10,L,L,L,L,576,417038580549955000000,4820969898477220000000,4403931317927260000000
558,56-8,0,4,112.49,94.07,1,0,9.7,0.16,469,375,371,0,70,10,10,10,L,L,L,L,576,368465567256952000000,5027984896396870000000,4659519329139920000000
559,56-9,0,4,112.68,94.08,1,0,9.7,0.16,470,375,372,0,70,10,10,10,L,L,L,L,576,319158018071554000000,5251561094150090000000,4932403076078540000000
560,56-10,1,4,112.79,94.08,1,0,4.5,0.08,471,376,372,0,70,10,10,10,L,L,L,L,576,1240210913380780000000,6458872562017490000000,5218661648636710000000
561,57-1,0,4,112.99,94.08,1,0,9.7,0.16,472,377,374,0,70,10,10,10,L,L,L,L,576,532445420443927000000,6719651839076840000000,6187206418632910000000
562,57-2,0,4,113.18,94.09,1,0,9.7,0.16,472,378,374,0,70,10,10,10,L,L,L,L,576,455004286251062000000,7001293458300950000000,6546289172049880000000
563,57-3,0,4,113.38,94.09,1,0,9.7,0.16,473,378,375,0,70,10,10,10,L,L,L,L,576,375795218194117000000,7305466407062980000000,6929671188868860000000
564,57-4,0,4,113.57,94.09,1,0,9.7,0.16,474,378,375,0,70,10,10,10,L,L,L,L,576,704302002857114000000,7633973191725980000000,6929671188868860000000
565,57-5,0,4,113.77,94.1,1,0,9.7,0.16,475,379,375,0,70,10,10,10,L,L,L,L,576,656916646466144000000,7988760519162020000000,7331843872695870000000
566,57-6,0,4,113.96,94.1,1,0,9.7,0.16,476,379,376,0,70,10,10,10,L,L,L,L,576,610699101259807000000,8371930832792940000000,7761231731533130000000
567,57-7,0,4,114.16,94.1,1,0,9.7,0.16,477,380,376,0,70,10,10,10,L,L,L,L,576,574089634094952000000,8785754771514330000000,8211665137419380000000
568,57-8,0,4,114.36,94.11,1,0,9.7,0.16,478,380,377,0,70,10,10,10,L,L,L,L,576,540105086016329000000,9232684625333440000000,8692579539317100000000
569,57-9,0,4,114.55,94.11,1,0,9.7,0.16,478,381,377,0,70,10,10,10,L,L,L,L,576,518303913548365000000,9715368867458070000000,9197064953909700000000
570,57-10,1,4,114.66,94.11,1,0,4.5,0.08,479,381,377,0,70,10,10,10,L,L,L,L,576,3124798821021390000000,12321863774931100000000,9197064953909700000000
571,58-1,0,4,114.86,94.11,1,0,9.7,0.16,480,383,380,0,70,10,10,10,L,L,L,L,586,672418287931557000000,12884866674945300000000,12212448387013700000000
572,58-2,0,4,115.05,94.12,1,0,9.7,0.16,481,383,380,0,70,10,10,10,L,L,L,L,586,1280461419946860000000,13492909806960600000000,12212448387013700000000
573,58-3,0,4,115.25,94.12,1,0,9.7,0.16,482,384,380,0,70,10,10,10,L,L,L,L,586,1228382317970650000000,14149596389537100000000,12921214071566500000000
574,58-4,0,4,115.44,94.12,1,0,9.7,0.16,483,384,381,0,70,10,10,10,L,L,L,L,586,1180875705264400000000,14858817898719800000000,13677942193455300000000
575,58-5,0,4,115.64,94.13,1,0,9.7,0.16,483,385,381,0,70,10,10,10,L,L,L,L,586,1153017368482590000000,15624777128637000000000,14471759760154400000000
576,58-6,0,4,115.83,94.13,1,0,9.7,0.16,484,385,382,0,70,10,10,10,L,L,L,L,586,1132717840277670000000,16452013096947700000000,15319295256670000000000
577,58-7,0,4,116.03,94.13,1,0,9.7,0.16,485,386,382,0,70,10,10,10,L,L,L,L,586,1137057011350200000000,17345427942723200000000,16208370931373000000000
578,58-8,0,4,116.22,94.14,1,0,9.7,0.16,486,386,383,0,70,10,10,10,L,L,L,L,586,1152705288690310000000,18310315976160700000000,17157610687470400000000
579,58-9,0,4,116.42,94.14,1,0,9.7,0.16,487,387,383,0,70,10,10,10,L,L,L,L,586,1199019609135530000000,19352395052273200000000,18153375443137700000000
580,58-10,1,4,116.53,94.14,1,0,4.5,0.08,487,387,384,0,70,10,10,10,L,L,L,L,586,5763098093314130000000,24979622063281000000000,19216523969966800000000
581,59-1,0,4,116.72,94.15,1,0,9.7,0.16,488,389,386,0,70,10,10,10,L,L,L,L,586,2089895429732230000000,26195103097658600000000,24105207667926400000000
582,59-2,0,4,116.92,94.15,1,0,9.7,0.16,489,390,386,0,70,10,10,10,L,L,L,L,586,2003637160209930000000,27507822614786500000000,25504185454576600000000
583,59-3,0,4,117.12,94.15,1,0,9.7,0.16,490,390,387,0,70,10,10,10,L,L,L,L,586,1927727105207060000000,28925559693284600000000,26997832588077600000000
584,59-4,0,4,117.31,94.16,1,0,9.7,0.16,491,391,387,0,70,10,10,10,L,L,L,L,586,1892028028936810000000,30456715738062600000000,28564687709125800000000
585,59-5,0,4,117.51,94.16,1,0,9.7,0.16,492,391,388,0,70,10,10,10,L,L,L,L,586,1872791767775910000000,32110364266422800000000,30237572498646900000000
586,59-6,0,4,117.7,94.16,1,0,9.7,0.16,493,392,388,0,70,10,10,10,L,L,L,L,586,1903854442830930000000,33896304677051800000000,31992450234220900000000
587,59-7,0,4,117.9,94.16,1,0,9.7,0.16,494,392,389,0,70,10,10,10,L,L,L,L,586,1959039122046630000000,35825120320531100000000,33866081198484500000000
588,59-8,0,4,118.09,94.17,1,0,9.7,0.16,494,392,389,0,70,10,10,10,L,L,L,L,586,4042160017004320000000,37908241215488800000000,33866081198484500000000
589,59-9,0,4,118.29,94.17,1,0,9.7,0.16,495,393,389,0,70,10,10,10,L,L,L,L,586,4326467519715740000000,40158011782043100000000,35831544262327400000000
590,59-10,1,4,118.4,94.17,1,0,4.5,0.08,496,394,390,0,70,10,10,10,L,L,L,L,586,12175443267629700000000,52306772841436400000000,40131329573806700000000
591,60-1,0,4,118.59,94.18,1,0,9.7,0.16,497,396,392,0,70,10,10,10,L,L,L,L,586,4590165412882180000000,54930905230265300000000,50340739817383100000000
592,60-2,0,4,118.79,94.18,1,0,9.7,0.16,498,396,393,0,70,10,10,10,L,L,L,L,586,4476033797053120000000,57764968210200500000000,53288934413147400000000
593,60-3,0,4,118.98,94.18,1,0,9.7,0.16,498,397,393,0,70,10,10,10,L,L,L,L,586,4444127633061520000000,60825756228530600000000,56381628595469100000000
594,60-4,0,4,119.18,94.19,1,0,9.7,0.16,499,397,394,0,70,10,10,10,L,L,L,L,586,4447800745601980000000,64131407288327100000000,59683606542725100000000
595,60-5,0,4,119.38,94.19,1,0,9.7,0.16,500,398,394,0,70,10,10,10,L,L,L,L,586,4554086405981900000000,67701510432907300000000,63147424026925400000000
596,60-6,0,4,119.57,94.19,1,0,9.7,0.16,501,398,395,0,70,10,10,10,L,L,L,L,586,4711582501201760000000,71557221829053900000000,66845639327852100000000
597,60-7,0,4,119.77,94.2,1,0,9.7,0.16,502,399,395,0,70,10,10,10,L,L,L,L,586,4996275226735790000000,75721390136892200000000,70725114910156400000000
598,60-8,0,4,119.96,94.2,1,0,9.7,0.16,503,399,396,0,70,10,10,10,L,L,L,L,586,5351575862163250000000,80218691909357600000000,74867116047194400000000
599,60-9,0,5,120.16,104,2,0,9.7,0.17,504,412,409,0,70,10,10,10,L,L,L,L,586,20676272032572900000000,347358417193803000000000,326682145161230000000000
600,60-10,1,5,120.27,104,1,0,4.5,0.08,504,413,409,0,70,10,10,10,L,L,L,L,586,27945103191756700000000,373586681130821000000000,345641577939064000000000
601,61-1,0,5,120.47,104.01,1,0,9.7,0.16,505,413,410,0,70,10,10,10,L,L,L,L,596,13367983560639500000000,379251986141217000000000,365884002580578000000000
602,61-2,0,5,120.66,104.01,1,0,9.7,0.16,506,413,410,0,70,10,10,10,L,L,L,L,596,19486512971867100000000,385370515552445000000000,365884002580578000000000
603,61-3,0,5,120.86,104.01,1,0,9.7,0.16,507,413,410,0,70,10,10,10,L,L,L,L,596,26094524735993000000000,391978527316570000000000,365884002580578000000000
604,61-4,0,5,121.05,104.02,1,0,9.7,0.16,508,414,410,0,70,10,10,10,L,L,L,L,596,11996612730074200000000,399115180021826000000000,387118567291752000000000
605,61-5,0,5,121.25,104.02,1,0,9.7,0.16,509,414,410,0,70,10,10,10,L,L,L,L,596,19704197651750600000000,406822764943503000000000,387118567291752000000000
606,61-6,0,5,121.44,104.02,1,0,9.7,0.16,510,414,410,0,70,10,10,10,L,L,L,L,596,28028389367161100000000,415146956658913000000000,387118567291752000000000
607,61-7,0,5,121.64,104.03,1,0,9.7,0.16,510,414,411,0,70,10,10,10,L,L,L,L,596,14347000821309700000000,424137083711557000000000,409790082890247000000000
608,61-8,0,5,121.84,104.03,1,0,9.7,0.16,511,414,411,0,70,10,10,10,L,L,L,L,596,24056338038164500000000,433846420928411000000000,409790082890247000000000
609,61-9,0,5,122.03,104.03,1,0,9.7,0.16,512,415,411,0,70,10,10,10,L,L,L,L,596,10759709755852000000000,444332505122614000000000,433572795366762000000000
610,61-10,1,5,122.14,104.04,1,0,4.5,0.08,513,415,411,0,70,10,10,10,L,L,L,L,596,67384564404549100000000,500957359771312000000000,433572795366762000000000
611,62-1,0,5,122.34,104.04,1,0,9.7,0.16,514,416,412,0,70,10,10,10,L,L,L,L,596,27586797564656200000000,513188328375430000000000,485601530810774000000000
612,62-2,0,5,122.53,104.04,1,0,9.7,0.16,514,416,412,0,70,10,10,10,L,L,L,L,596,40796243657104200000000,526397774467878000000000,485601530810774000000000
613,62-3,0,5,122.73,104.05,1,0,9.7,0.16,515,416,413,0,70,10,10,10,L,L,L,L,596,26623296270196400000000,540663976247722000000000,514040679977526000000000
614,62-4,0,5,122.92,104.05,1,0,9.7,0.16,516,416,413,0,70,10,10,10,L,L,L,L,596,42030794192427800000000,556071474169954000000000,514040679977526000000000
615,62-5,0,5,123.12,104.05,1,0,9.7,0.16,517,417,413,0,70,10,10,10,L,L,L,L,596,28837857417896600000000,572711571925963000000000,543873714508067000000000
616,62-6,0,5,123.31,104.06,1,0,9.7,0.16,518,417,413,0,70,10,10,10,L,L,L,L,596,46809162994387300000000,590682877502454000000000,543873714508067000000000
617,62-7,0,5,123.51,104.06,1,0,9.7,0.16,519,417,414,0,70,10,10,10,L,L,L,L,596,34366325950235300000000,610091887525064000000000,575725561574829000000000
618,62-8,0,5,123.7,104.06,1,0,9.7,0.16,520,418,414,0,70,10,10,10,L,L,L,L,596,21915058100448000000000,631053618349483000000000,609138560249035000000000
619,62-9,0,5,123.9,104.06,1,0,9.7,0.16,521,418,414,0,70,10,10,10,L,L,L,L,596,44553727390820300000000,653692287639855000000000,609138560249035000000000
620,62-10,1,5,124.01,104.07,1,0,4.5,0.08,521,418,415,0,70,10,10,10,L,L,L,L,596,131128472844057000000000,775941101807866000000000,644812628963808000000000
621,63-1,0,5,124.2,104.07,1,0,9.7,0.16,522,420,416,0,70,10,10,10,L,L,L,L,596,38243435691766300000000,802346845668156000000000,764103409976390000000000
622,63-2,0,5,124.4,104.07,1,0,9.7,0.16,523,420,416,0,70,10,10,10,L,L,L,L,596,66761639060879800000000,830865049037269000000000,764103409976390000000000
623,63-3,0,5,124.6,104.08,1,0,9.7,0.16,524,420,417,0,70,10,10,10,L,L,L,L,596,52811746903710500000000,861664708675912000000000,808852961772201000000000
624,63-4,0,5,124.79,104.08,1,0,9.7,0.16,525,421,417,0,70,10,10,10,L,L,L,L,596,39132521912089400000000,894928341085646000000000,855795819173556000000000
625,63-5,0,5,124.99,104.08,1,0,9.7,0.16,525,421,417,0,70,10,10,10,L,L,L,L,596,75057244914602100000000,930853064088159000000000,855795819173556000000000
626,63-6,0,5,125.18,104.09,1,0,9.7,0.16,526,421,418,0,70,10,10,10,L,L,L,L,596,63736447746006600000000,969651764930872000000000,905915317184866000000000
627,63-7,0,5,125.38,104.09,1,0,9.7,0.16,527,422,418,0,70,10,10,10,L,L,L,L,596,53063044366619700000000,1011554361841000000000000,958491317474383000000000
628,63-8,0,5,125.57,104.09,1,0,9.7,0.16,528,422,418,0,70,10,10,10,L,L,L,L,596,98317849029561000000000,1056809166503940000000000,958491317474383000000000
629,63-9,0,5,125.77,104.1,1,0,9.7,0.16,529,422,419,0,70,10,10,10,L,L,L,L,596,91059200292871300000000,1105684355539920000000000,1014625155247050000000000
630,63-10,1,5,125.88,104.1,1,0,4.5,0.08,529,423,419,0,70,10,10,10,L,L,L,L,596,296100100762885000000000,1369610376334190000000000,1073510275571310000000000
631,64-1,0,5,126.07,104.1,1,0,9.7,0.16,530,425,421,0,70,10,10,10,L,L,L,L,596,80007107149106600000000,1426618396825760000000000,1346611289676650000000000
632,64-2,0,5,126.27,104.1,1,0,9.7,0.16,531,425,422,0,70,10,10,10,L,L,L,L,596,62711768845718200000000,1488187058956650000000000,1425475290110930000000000
633,64-3,0,5,126.46,104.11,1,0,9.7,0.16,532,425,422,0,70,10,10,10,L,L,L,L,596,129205923947077000000000,1554681214058000000000000,1425475290110930000000000
634,64-4,0,5,126.66,104.11,1,0,9.7,0.16,533,426,422,0,70,10,10,10,L,L,L,L,596,118290257129624000000000,1626494901567470000000000,1508204644437850000000000
635,64-5,0,5,126.86,104.11,1,0,9.7,0.16,534,426,423,0,70,10,10,10,L,L,L,L,596,107521359153459000000000,1704053684077700000000000,1596532324924240000000000
636,64-6,0,5,127.05,104.12,1,0,9.7,0.16,535,427,423,0,70,10,10,10,L,L,L,L,596,98627967418350200000000,1787817169188740000000000,1689189201770390000000000
637,64-7,0,5,127.25,104.12,1,0,9.7,0.16,536,427,423,0,70,10,10,10,L,L,L,L,596,189092531338277000000000,1878281733108670000000000,1689189201770390000000000
638,64-8,0,5,127.44,104.12,1,0,9.7,0.16,536,427,424,0,70,10,10,10,L,L,L,L,596,187867258227042000000000,1975983462142190000000000,1788116203915150000000000
639,64-9,0,5,127.64,104.13,1,0,9.7,0.16,537,428,424,0,70,10,10,10,L,L,L,L,596,189609423515554000000000,2081501329498390000000000,1891891905982840000000000
640,64-10,1,5,127.75,104.13,1,0,4.5,0.08,538,428,425,0,70,10,10,10,L,L,L,L,596,648607664836921000000000,2651297813221890000000000,2002690148384970000000000
641,65-1,0,5,127.94,104.13,1,0,9.7,0.16,539,430,427,0,70,10,10,10,L,L,L,L,606,262199331572060000000000,2774373853706160000000000,2512174522134100000000000
642,65-2,0,5,128.16,108.5,2,0,9.7,0.19,540,440,437,0,70,10,10,10,L,L,L,L,606,328702701125564000000000,8131135439743740000000000,7802432738618180000000000
643,65-3,0,5,128.36,108.51,1,0,9.7,0.16,541,440,437,0,70,10,10,10,L,L,L,L,606,472258594746422000000000,8274691333364600000000000,7802432738618180000000000
644,65-4,0,5,128.55,108.51,1,0,9.7,0.16,541,441,437,0,70,10,10,10,L,L,L,L,606,174474398727667000000000,8429731698475120000000000,8255257299747460000000000
645,65-5,0,5,128.75,108.51,1,0,9.7,0.16,542,441,437,0,70,10,10,10,L,L,L,L,606,341917993047035000000000,8597175292794490000000000,8255257299747460000000000
646,65-6,0,5,128.94,108.52,1,0,9.7,0.16,543,441,437,0,70,10,10,10,L,L,L,L,606,522757074911954000000000,8778014374659410000000000,8255257299747460000000000
647,65-7,0,5,129.14,108.52,1,0,9.7,0.16,544,441,438,0,70,10,10,10,L,L,L,L,606,234595915821167000000000,8973320583073520000000000,8738724667252360000000000
648,65-8,0,5,129.34,108.52,1,0,9.7,0.16,545,441,438,0,70,10,10,10,L,L,L,L,606,445526620908408000000000,9184251288160770000000000,8738724667252360000000000
649,65-9,0,5,129.53,108.53,1,0,9.7,0.16,546,441,438,0,70,10,10,10,L,L,L,L,606,673331782402628000000000,9412056449654990000000000,8738724667252360000000000
650,65-10,1,5,129.64,108.53,1,0,4.5,0.08,546,442,438,0,70,10,10,10,L,L,L,L,606,1396316146006620000000000,10642204321723800000000000,9245888175717150000000000
651,66-1,0,5,129.84,108.53,1,0,9.7,0.16,547,443,439,0,70,10,10,10,L,L,L,L,606,552521505287420000000000,10907916262090600000000000,10355394756803200000000000
652,66-2,0,5,130.03,108.53,1,0,9.7,0.16,548,443,439,0,70,10,10,10,L,L,L,L,606,839490400883628000000000,11194885157686800000000000,10355394756803200000000000
653,66-3,0,5,130.23,108.54,1,0,9.7,0.16,549,443,440,0,70,10,10,10,L,L,L,L,606,542955342329386000000000,11504811564930700000000000,10961856222601400000000000
654,66-4,0,5,130.42,108.54,1,0,9.7,0.16,550,443,440,0,70,10,10,10,L,L,L,L,606,877675862152802000000000,11839532084754200000000000,10961856222601400000000000
655,66-5,0,5,130.62,108.54,1,0,9.7,0.16,551,444,440,0,70,10,10,10,L,L,L,L,606,602988118543851000000000,12201030246163500000000000,11598042127619600000000000
656,66-6,0,5,130.81,108.55,1,0,9.7,0.16,552,444,440,0,70,10,10,10,L,L,L,L,606,993406132865883000000000,12591448260485500000000000,11598042127619600000000000
657,66-7,0,5,131.01,108.55,1,0,9.7,0.16,552,444,441,0,70,10,10,10,L,L,L,L,606,735820746639755000000000,13013099715953300000000000,12277278969313500000000000
658,66-8,0,5,131.2,108.55,1,0,9.7,0.16,553,445,441,0,70,10,10,10,L,L,L,L,606,478676104924545000000000,13468483287858500000000000,12989807182934000000000000
659,66-9,0,5,131.4,108.56,1,0,9.7,0.16,554,445,441,0,70,10,10,10,L,L,L,L,606,970490362582181000000000,13960297545516100000000000,12989807182934000000000000
660,66-10,1,5,131.51,108.56,1,0,4.5,0.08,555,445,442,0,70,10,10,10,L,L,L,L,606,2865542091236220000000000,16616094536867400000000000,13750552445631100000000000
661,67-1,0,5,131.7,108.56,1,0,9.7,0.16,556,447,443,0,70,10,10,10,L,L,L,L,606,895332556726886000000000,17189746686999200000000000,16294414130272400000000000
662,67-2,0,5,131.9,108.56,1,0,9.7,0.16,556,447,443,0,70,10,10,10,L,L,L,L,606,1514876878869300000000000,17809291009141700000000000,16294414130272400000000000
663,67-3,0,5,132.1,108.57,1,0,9.7,0.16,557,447,444,0,70,10,10,10,L,L,L,L,606,1229705889255750000000000,18478398877055500000000000,17248692987799700000000000
664,67-4,0,5,132.29,108.57,1,0,9.7,0.16,558,448,444,0,70,10,10,10,L,L,L,L,606,951291548497345000000000,19201035374402400000000000,18249743825905000000000000
665,67-5,0,5,132.49,108.57,1,0,9.7,0.16,559,448,444,0,70,10,10,10,L,L,L,L,606,1731738965632010000000000,19981482791537000000000000,18249743825905000000000000
666,67-6,0,5,132.68,108.58,1,0,9.7,0.16,560,448,445,0,70,10,10,10,L,L,L,L,606,1505829855706810000000000,20824366002042500000000000,19318536146335700000000000
667,67-7,0,5,132.88,108.58,1,0,9.7,0.16,561,449,445,0,70,10,10,10,L,L,L,L,606,1294966784374730000000000,21734679869388400000000000,20439713085013600000000000
668,67-8,0,5,133.16,114.5,2,0,9.7,0.25,562,460,456,0,70,10,10,10,L,L,L,L,606,3969405541324830000000000,75069969357183300000000000,71100563815858500000000000
669,67-9,0,5,133.36,114.51,1,0,9.7,0.16,563,460,456,0,70,10,10,10,L,L,L,L,606,5031195636197060000000000,76131759452055500000000000,71100563815858500000000000
670,67-10,1,5,133.47,114.51,1,0,4.5,0.08,563,460,457,0,70,10,10,10,L,L,L,L,606,6600872927090740000000000,81865425964365600000000000,75264553037274900000000000
671,68-1,0,5,133.66,114.51,1,0,9.7,0.16,564,461,457,0,70,10,10,10,L,L,L,L,616,3471266457263050000000000,83103897931024600000000000,79632631473761500000000000
672,68-2,0,5,133.86,114.51,1,0,9.7,0.16,565,461,457,0,70,10,10,10,L,L,L,L,616,4808816181254740000000000,84441447655016300000000000,79632631473761500000000000
673,68-3,0,5,134.05,114.52,1,0,9.7,0.16,566,461,458,0,70,10,10,10,L,L,L,L,616,1589701955179430000000000,85886001356927300000000000,84296299401747900000000000
674,68-4,0,5,134.25,114.52,1,0,9.7,0.16,567,461,458,0,70,10,10,10,L,L,L,L,616,3149819953243340000000000,87446119354991200000000000,84296299401747900000000000
675,68-5,0,5,134.44,114.52,1,0,9.7,0.16,568,461,458,0,70,10,10,10,L,L,L,L,616,4834747391152360000000000,89131046792900200000000000,84296299401747900000000000
676,68-6,0,5,134.64,114.53,1,0,9.7,0.16,569,461,458,0,70,10,10,10,L,L,L,L,616,6654469024094100000000000,90950768425841900000000000,84296299401747900000000000
677,68-7,0,5,134.84,114.53,1,0,9.7,0.16,569,462,458,0,70,10,10,10,L,L,L,L,616,3727520538806120000000000,92916067789419000000000000,89188547250612900000000000
678,68-8,0,5,135.03,114.53,1,0,9.7,0.16,570,462,458,0,70,10,10,10,L,L,L,L,616,5850043851469360000000000,95038591102082300000000000,89188547250612900000000000
679,68-9,0,5,135.23,114.54,1,0,9.7,0.16,571,462,459,0,70,10,10,10,L,L,L,L,616,2919060949800970000000000,97330916279758600000000000,94411855329957600000000000
680,68-10,1,5,135.34,114.54,1,0,4.5,0.08,572,462,459,0,70,10,10,10,L,L,L,L,616,15297616909253000000000000,109709472239211000000000000,94411855329957600000000000
681,69-1,0,5,135.53,114.54,1,0,9.7,0.16,572,463,460,0,70,10,10,10,L,L,L,L,616,6641962356899750000000000,112383240326452000000000000,105741277969553000000000000
682,69-2,0,5,135.73,114.55,1,0,9.7,0.16,573,464,460,0,70,10,10,10,L,L,L,L,616,3392796189504390000000000,115270909860673000000000000,111878113671169000000000000
683,69-3,0,5,135.92,114.55,1,0,9.7,0.16,574,464,460,0,70,10,10,10,L,L,L,L,616,6511479286463050000000000,118389592957632000000000000,111878113671169000000000000
684,69-4,0,5,136.12,114.55,1,0,9.7,0.16,575,464,460,0,70,10,10,10,L,L,L,L,616,9879657031178390000000000,121757770702347000000000000,111878113671169000000000000
685,69-5,0,5,136.31,114.56,1,0,9.7,0.16,576,464,461,0,70,10,10,10,L,L,L,L,616,6965171340740980000000000,125395402666640000000000000,118430231325899000000000000
686,69-6,0,5,136.51,114.56,1,0,9.7,0.16,577,465,461,0,70,10,10,10,L,L,L,L,616,4020557876366670000000000,129324045188076000000000000,125303487311709000000000000
687,69-7,0,5,136.7,114.56,1,0,9.7,0.16,578,465,461,0,70,10,10,10,L,L,L,L,616,8263491799517530000000000,133566979111227000000000000,125303487311709000000000000
688,69-8,0,5,136.9,114.56,1,0,9.7,0.16,579,465,462,0,70,10,10,10,L,L,L,L,616,5507488663222870000000000,138149347748230000000000000,132641859085007000000000000
689,69-9,0,5,137.1,114.57,1,0,9.7,0.16,579,465,462,0,70,10,10,10,L,L,L,L,616,10456446791186000000000000,143098305876193000000000000,132641859085007000000000000
690,69-10,1,5,137.2,114.57,1,0,4.5,0.08,580,466,462,0,70,10,10,10,L,L,L,L,616,29482773978079600000000000,169822679767194000000000000,140339905789114000000000000
691,70-1,0,5,137.4,114.57,1,0,9.7,0.16,581,467,464,0,70,10,10,10,L,L,L,L,616,9209196491417600000000000,175595144527650000000000000,166385948036232000000000000
692,70-2,0,5,137.6,114.58,1,0,9.7,0.16,582,467,464,0,70,10,10,10,L,L,L,L,616,15443458432710300000000000,181829406468943000000000000,166385948036232000000000000
693,70-3,0,5,137.79,114.58,1,0,9.7,0.16,583,468,464,0,70,10,10,10,L,L,L,L,616,12520031543674000000000000,188562409365539000000000000,176042377821865000000000000
694,70-4,0,5,137.99,114.58,1,0,9.7,0.16,583,468,465,0,70,10,10,10,L,L,L,L,616,9481790693282410000000000,195834052493863000000000000,186352261800580000000000000
695,70-5,0,5,138.36,118.01,1,0,9.7,0.16,585,475,472,0,70,10,10,10,L,L,L,L,616,22596616006121000000000000,434562096396735000000000000,411965480390614000000000000
696,70-6,0,5,138.55,118.01,1,0,9.7,0.16,586,475,472,0,70,10,10,10,L,L,L,L,616,31078260550997900000000000,443043740941612000000000000,411965480390614000000000000
697,70-7,0,5,138.75,118.01,1,0,9.7,0.16,587,476,472,0,70,10,10,10,L,L,L,L,616,16329472095762600000000000,452203917050079000000000000,435874444954316000000000000
698,70-8,0,5,138.94,118.02,1,0,9.7,0.16,587,476,472,0,70,10,10,10,L,L,L,L,616,26222462292907100000000000,462096907247223000000000000,435874444954316000000000000
699,70-9,0,5,139.14,118.02,1,0,9.7,0.16,588,476,473,0,70,10,10,10,L,L,L,L,616,11379998622651800000000000,472781336660139000000000000,461401338037487000000000000
700,70-10,1,5,139.25,118.02,1,0,4.5,0.08,589,476,473,0,70,10,10,10,L,L,L,L,616,69075917452398300000000000,530477255489886000000000000,461401338037487000000000000
701,71-1,0,5,139.44,118.02,1,0,9.7,0.16,590,477,474,0,70,10,10,10,L,L,L,L,626,26170075355125000000000000,542939573957111000000000000,516769498601986000000000000
702,71-2,0,5,139.64,118.03,1,0,9.7,0.16,591,477,474,0,70,10,10,10,L,L,L,L,626,39629379299728300000000000,556398877901714000000000000,516769498601986000000000000
703,71-3,0,5,139.84,118.03,1,0,9.7,0.16,591,478,474,0,70,10,10,10,L,L,L,L,626,24174022411191500000000000,570934926161886000000000000,546760903750694000000000000
704,71-4,0,5,140.03,118.03,1,0,9.7,0.16,592,478,474,0,70,10,10,10,L,L,L,L,626,39872954532176700000000000,586633858282871000000000000,546760903750694000000000000
705,71-5,0,5,140.23,118.04,1,0,9.7,0.16,593,478,475,0,70,10,10,10,L,L,L,L,626,24806866539310700000000000,603588704973535000000000000,578781838434224000000000000
706,71-6,0,5,140.42,118.04,1,0,9.7,0.16,594,478,475,0,70,10,10,10,L,L,L,L,626,43118100965227900000000000,621899939399452000000000000,578781838434224000000000000
707,71-7,0,5,140.62,118.04,1,0,9.7,0.16,595,479,475,0,70,10,10,10,L,L,L,L,626,29303860378665200000000000,641676072579443000000000000,612372212200778000000000000
708,71-8,0,5,140.81,118.05,1,0,9.7,0.16,596,479,475,0,70,10,10,10,L,L,L,L,626,50662084213055000000000000,663034296413832000000000000,612372212200778000000000000
709,71-9,0,5,141.01,118.05,1,0,9.7,0.16,596,479,476,0,70,10,10,10,L,L,L,L,626,37865519108642300000000000,686101178154973000000000000,648235659046331000000000000
710,71-10,1,5,141.12,118.05,1,0,4.5,0.08,597,480,476,0,70,10,10,10,L,L,L,L,626,124805461892264000000000000,810662339557135000000000000,685856877664871000000000000
711,72-1,0,5,141.31,118.06,1,0,9.7,0.16,598,481,477,0,70,10,10,10,L,L,L,L,626,69407847435346300000000000,837567550420002000000000000,768159702984655000000000000
712,72-2,0,5,141.51,118.06,1,0,9.7,0.16,599,481,478,0,70,10,10,10,L,L,L,L,626,53478367444180000000000000,866625178151898000000000000,813146810707718000000000000
713,72-3,0,5,141.7,118.06,1,0,9.7,0.16,600,482,478,0,70,10,10,10,L,L,L,L,626,37668548759531700000000000,898007416102346000000000000,860338867342814000000000000
714,72-4,0,5,141.9,118.06,1,0,9.7,0.16,600,482,478,0,70,10,10,10,L,L,L,L,626,71561365746015500000000000,931900233088830000000000000,860338867342814000000000000
715,72-5,0,5,142.1,118.07,1,0,9.7,0.16,601,482,479,0,70,10,10,10,L,L,L,L,626,57780047441587900000000000,968504475434232000000000000,910724427992644000000000000
716,72-6,0,5,142.29,118.07,1,0,9.7,0.16,602,483,479,0,70,10,10,10,L,L,L,L,626,44457525743314800000000000,1008037057167270000000000000,963579531423952000000000000
717,72-7,0,5,142.49,118.07,1,0,9.7,0.16,603,483,479,0,70,10,10,10,L,L,L,L,626,87152714014992200000000000,1050732245438940000000000000,963579531423952000000000000
718,72-8,0,5,142.68,118.08,1,0,9.7,0.16,604,483,480,0,70,10,10,10,L,L,L,L,626,76831689420594200000000000,1096843048772360000000000000,1020011359351760000000000000
719,72-9,0,5,142.88,118.08,1,0,9.7,0.16,605,484,480,0,70,10,10,10,L,L,L,L,626,67433641177614000000000000,1146642716372440000000000000,1079209075194830000000000000
720,72-10,1,5,142.99,118.08,1,0,4.5,0.08,605,484,481,0,70,10,10,10,L,L,L,L,626,273148198938924000000000000,1415560921412900000000000000,1142412722473970000000000000
721,73-1,0,5,143.18,118.09,1,0,9.7,0.16,606,486,482,0,70,10,10,10,L,L,L,L,626,119887389777245000000000000,1473647253701640000000000000,1353759863924390000000000000
722,73-2,0,5,143.38,118.09,1,0,9.7,0.16,607,486,483,0,70,10,10,10,L,L,L,L,626,103337973502121000000000000,1536380492573470000000000000,1433042519071350000000000000
723,73-3,0,5,143.57,118.09,1,0,9.7,0.16,608,487,483,0,70,10,10,10,L,L,L,L,626,87921342959740700000000000,1604132390555060000000000000,1516211047595320000000000000
724,73-4,0,5,143.77,118.1,1,0,9.7,0.16,609,487,483,0,70,10,10,10,L,L,L,L,626,161093392779852000000000000,1677304440375170000000000000,1516211047595320000000000000
725,73-5,0,5,143.96,118.1,1,0,9.7,0.16,610,487,484,0,70,10,10,10,L,L,L,L,626,151322632820976000000000000,1756330254180890000000000000,1605007621359910000000000000
726,73-6,0,5,144.16,118.1,1,0,9.7,0.16,610,488,484,0,70,10,10,10,L,L,L,L,626,143521759784313000000000000,1841678133091070000000000000,1698156373306760000000000000
727,73-7,0,5,144.36,118.11,1,0,9.7,0.16,611,488,485,0,70,10,10,10,L,L,L,L,626,136245306390956000000000000,1933853842314060000000000000,1797608535923100000000000000
728,73-8,0,5,144.55,118.11,1,0,9.7,0.16,612,489,485,0,70,10,10,10,L,L,L,L,626,131468470171326000000000000,2033403608274890000000000000,1901935138103570000000000000
729,73-9,0,5,144.75,118.11,1,0,9.7,0.16,613,489,486,0,70,10,10,10,L,L,L,L,626,127595795278713000000000000,2140917355512590000000000000,2013321560233880000000000000
730,73-10,1,5,144.86,118.11,1,0,4.5,0.08,614,490,486,0,70,10,10,10,L,L,L,L,626,591324235920167000000000000,2721491590596160000000000000,2130167354675990000000000000
731,74-1,0,5,145.05,118.12,1,0,9.7,0.16,614,492,488,0,70,10,10,10,L,L,L,L,626,174813695668645000000000000,2846895625374210000000000000,2672081929705570000000000000
732,74-2,0,5,145.25,118.12,1,0,9.7,0.16,615,492,489,0,70,10,10,10,L,L,L,L,626,153760149958247000000000000,2982331982934510000000000000,2828571832976260000000000000
733,74-3,0,5,145.44,118.12,1,0,9.7,0.16,616,492,489,0,70,10,10,10,L,L,L,L,626,300031416123366000000000000,3128603249099630000000000000,2828571832976260000000000000
734,74-4,0,5,145.64,118.13,1,0,9.7,0.16,617,493,489,0,70,10,10,10,L,L,L,L,626,293844455287719000000000000,3286576216557960000000000000,2992731761270240000000000000
735,74-5,0,5,145.83,118.13,1,0,9.7,0.16,618,493,490,0,70,10,10,10,L,L,L,L,626,289186568479538000000000000,3457187021412950000000000000,3168000452933410000000000000
736,74-6,0,5,146.03,118.13,1,0,9.7,0.16,619,494,490,0,70,10,10,10,L,L,L,L,626,289587118033680000000000000,3641446690656350000000000000,3351859572622670000000000000
737,74-7,0,5,146.22,118.14,1,0,9.7,0.16,620,494,491,0,70,10,10,10,L,L,L,L,626,292286626153789000000000000,3840447133439210000000000000,3548160507285420000000000000
738,74-8,0,5,146.42,118.14,1,0,9.7,0.16,621,495,491,0,70,10,10,10,L,L,L,L,626,301284890307321000000000000,4055367611644710000000000000,3754082721337390000000000000
739,74-9,0,5,146.62,118.14,1,0,9.7,0.16,621,495,492,0,70,10,10,10,L,L,L,L,626,313541959946968000000000000,4287481728106640000000000000,3973939768159680000000000000
740,74-10,1,5,146.72,118.15,1,0,4.5,0.08,622,496,492,0,70,10,10,10,L,L,L,L,626,1336325309103220000000000000,5540897957001090000000000000,4204572647897870000000000000
741,75-1,0,5,146.92,118.15,1,0,9.7,0.16,623,498,494,0,70,10,10,10,L,L,L,L,636,537419932919201000000000000,5811635862442290000000000000,5274215929523090000000000000
742,75-2,0,5,147.12,118.15,1,0,9.7,0.16,624,498,495,0,70,10,10,10,L,L,L,L,636,520933549717754000000000000,6104032800318790000000000000,5583099250601040000000000000
743,75-3,0,5,147.31,118.16,1,0,9.7,0.16,625,499,495,0,70,10,10,10,L,L,L,L,636,512699652159543000000000000,6419821493225410000000000000,5907121841065860000000000000
744,75-4,0,5,147.51,118.16,1,0,9.7,0.16,626,499,496,0,70,10,10,10,L,L,L,L,636,507802120891392000000000000,6760873281564550000000000000,6253071160673160000000000000
745,75-5,0,5,147.7,118.16,1,0,9.7,0.16,626,500,496,0,70,10,10,10,L,L,L,L,636,513232750977063000000000000,7129209212970830000000000000,6615976461993770000000000000
746,75-6,0,5,147.9,118.16,1,0,9.7,0.16,627,500,497,0,70,10,10,10,L,L,L,L,636,523572318935670000000000000,7527012018889610000000000000,7003439699953940000000000000
747,75-7,0,5,148.09,118.17,1,0,9.7,0.16,628,501,497,0,70,10,10,10,L,L,L,L,636,546745411848874000000000000,7956639049281890000000000000,7409893637433020000000000000
748,75-8,0,5,148.29,118.17,1,0,9.7,0.16,629,501,498,0,70,10,10,10,L,L,L,L,636,576783778157145000000000000,8420636242105560000000000000,7843852463948410000000000000
749,75-9,0,5,148.48,118.17,1,0,9.7,0.16,630,502,498,0,70,10,10,10,L,L,L,L,636,622672336430134000000000000,8921753210355120000000000000,8299080873924980000000000000
750,75-10,1,5,148.59,118.18,1,0,4.5,0.08,630,502,499,0,70,10,10,10,L,L,L,L,636,2842670079280510000000000000,11627784838902700000000000000,8785114759622230000000000000
751,76-1,0,5,148.79,118.18,1,0,9.7,0.16,631,504,501,0,70,10,10,10,L,L,L,L,636,1192239716198900000000000000,12212287670669000000000000000,11020047954470100000000000000
752,76-2,0,5,148.98,118.18,1,0,9.7,0.16,632,505,501,0,70,10,10,10,L,L,L,L,636,1183939634934930000000000000,12843550728976600000000000000,11659611094041700000000000000
753,76-3,0,5,149.18,118.19,1,0,9.7,0.16,633,505,502,0,70,10,10,10,L,L,L,L,636,1182861122942270000000000000,13525314831948800000000000000,12342453709006500000000000000
754,76-4,0,5,149.38,118.19,1,0,9.7,0.16,634,506,502,0,70,10,10,10,L,L,L,L,636,1202855637832090000000000000,14261620063158800000000000000,13058764425326700000000000000
755,76-5,0,5,149.57,118.19,1,0,9.7,0.16,635,506,503,0,70,10,10,10,L,L,L,L,636,1233281558778220000000000000,15056829712865500000000000000,13823548154087300000000000000
756,76-6,0,5,149.77,118.2,1,0,9.7,0.16,636,507,503,0,70,10,10,10,L,L,L,L,636,1289839978182960000000000000,15915656134548900000000000000,14625816156365900000000000000
757,76-7,0,5,149.96,118.2,1,0,9.7,0.16,637,507,504,0,70,10,10,10,L,L,L,L,636,1360814737389030000000000000,16843188669966800000000000000,15482373932577800000000000000
758,76-8,0,6,150.16,128,2,0,9.7,0.17,637,520,517,0,70,10,10,10,L,L,L,L,636,4381389266961260000000000000,71938621273794600000000000000,67557232006833300000000000000
759,76-9,0,6,150.36,128.01,1,0,9.7,0.16,638,521,517,0,70,10,10,10,L,L,L,L,636,1542489406433930000000000000,73020495223106100000000000000,71478005816672200000000000000
760,76-10,1,6,150.47,128.01,1,0,4.5,0.08,639,521,517,0,70,10,10,10,L,L,L,L,636,7384608732716170000000000000,78862614549388300000000000000,71478005816672200000000000000
761,77-1,0,6,150.66,128.01,1,0,9.7,0.16,640,521,518,0,70,10,10,10,L,L,L,L,636,4460412476211990000000000000,80124512323865300000000000000,75664099847653300000000000000
762,77-2,0,6,150.86,128.01,1,0,9.7,0.16,641,522,518,0,70,10,10,10,L,L,L,L,636,1431995405627590000000000000,81487361920300400000000000000,80055366514672800000000000000
763,77-3,0,6,151.05,128.02,1,0,9.7,0.16,641,522,518,0,70,10,10,10,L,L,L,L,636,2903872969777520000000000000,82959239484450300000000000000,80055366514672800000000000000
764,77-4,0,6,151.25,128.02,1,0,9.7,0.16,642,522,518,0,70,10,10,10,L,L,L,L,636,4493500739059450000000000000,84548867253732300000000000000,80055366514672800000000000000
765,77-5,0,6,151.44,128.02,1,0,9.7,0.16,643,522,518,0,70,10,10,10,L,L,L,L,636,6210298729883930000000000000,86265665244556800000000000000,80055366514672800000000000000
766,77-6,0,6,151.64,128.03,1,0,9.7,0.16,644,522,519,0,70,10,10,10,L,L,L,L,636,3376015245275480000000000000,88119807074647200000000000000,84743791829371700000000000000
767,77-7,0,6,151.84,128.03,1,0,9.7,0.16,645,522,519,0,70,10,10,10,L,L,L,L,636,5378488421773160000000000000,90122280251144900000000000000,84743791829371700000000000000
768,77-8,0,6,152.03,128.03,1,0,9.7,0.16,646,523,519,0,70,10,10,10,L,L,L,L,636,2622940785328780000000000000,92284951281762400000000000000,89662010496433600000000000000
769,77-9,0,6,152.23,128.04,1,0,9.7,0.16,647,523,519,0,70,10,10,10,L,L,L,L,636,4958625498395670000000000000,94620635994829200000000000000,89662010496433600000000000000
770,77-10,1,6,152.34,128.04,1,0,4.5,0.08,647,523,519,0,70,10,10,10,L,L,L,L,636,17571322948956900000000000000,107233333445390000000000000000,89662010496433600000000000000
771,78-1,0,6,152.53,128.04,1,0,9.7,0.16,648,524,521,0,70,10,10,10,L,L,L,L,646,3655063623947760000000000000,109957676094712000000000000000,106302612470764000000000000000
772,78-2,0,6,152.73,128.05,1,0,9.7,0.16,649,524,521,0,70,10,10,10,L,L,L,L,646,6597353685214680000000000000,112899966155979000000000000000,106302612470764000000000000000
773,78-3,0,6,152.92,128.05,1,0,9.7,0.16,650,525,521,0,70,10,10,10,L,L,L,L,646,3605613455420550000000000000,116077639422147000000000000000,112472025966726000000000000000
774,78-4,0,6,153.12,128.05,1,0,9.7,0.16,651,525,521,0,70,10,10,10,L,L,L,L,646,7037500582882280000000000000,119509526549609000000000000000,112472025966726000000000000000
775,78-5,0,6,153.31,128.06,1,0,9.7,0.16,652,525,522,0,70,10,10,10,L,L,L,L,646,4157038680011670000000000000,123215964647267000000000000000,119058925967256000000000000000
776,78-6,0,6,153.51,128.06,1,0,9.7,0.16,652,525,522,0,70,10,10,10,L,L,L,L,646,8159991825483030000000000000,127218917792739000000000000000,119058925967256000000000000000
777,78-7,0,6,153.7,128.06,1,0,9.7,0.16,653,526,522,0,70,10,10,10,L,L,L,L,646,5573438107114210000000000000,131542107189848000000000000000,125968669082733000000000000000
778,78-8,0,6,153.9,128.06,1,0,9.7,0.16,654,526,522,0,70,10,10,10,L,L,L,L,646,10242482655992000000000000000,136211151738725000000000000000,125968669082733000000000000000
779,78-9,0,6,154.1,128.07,1,0,9.7,0.16,655,526,523,0,70,10,10,10,L,L,L,L,646,7907722768187250000000000000,141253719851514000000000000000,133345997083326000000000000000
780,78-10,1,6,154.2,128.07,1,0,4.5,0.08,656,527,523,0,70,10,10,10,L,L,L,L,646,27398678287907300000000000000,168483587660569000000000000000,141084909372661000000000000000
781,79-1,0,6,154.4,128.07,1,0,9.7,0.16,657,528,525,0,70,10,10,10,L,L,L,L,646,7096020366000290000000000000,174365239107325000000000000000,167269218741324000000000000000
782,79-2,0,6,154.6,128.08,1,0,9.7,0.16,657,528,525,0,70,10,10,10,L,L,L,L,646,13448203928496700000000000000,180717422669821000000000000000,167269218741324000000000000000
783,79-3,0,6,154.79,128.08,1,0,9.7,0.16,658,529,525,0,70,10,10,10,L,L,L,L,646,10600870600250700000000000000,187577780917317000000000000000,176976910317067000000000000000
784,79-4,0,6,154.99,128.08,1,0,9.7,0.16,659,529,526,0,70,10,10,10,L,L,L,L,646,7645442834329740000000000000,194986967824613000000000000000,187341524990283000000000000000
785,79-5,0,6,155.18,128.09,1,0,9.7,0.16,660,529,526,0,70,10,10,10,L,L,L,L,646,15647364694209200000000000000,202988889684493000000000000000,187341524990283000000000000000
786,79-6,0,6,155.38,128.09,1,0,9.7,0.16,661,530,526,0,70,10,10,10,L,L,L,L,646,13416825738047900000000000000,211630965293163000000000000000,198214139555115000000000000000
787,79-7,0,6,155.57,128.09,1,0,9.7,0.16,662,530,527,0,70,10,10,10,L,L,L,L,646,11141898961408500000000000000,220964406950526000000000000000,209822507989117000000000000000
788,79-8,0,6,155.77,128.1,1,0,9.7,0.16,663,530,527,0,70,10,10,10,L,L,L,L,646,21222015951361100000000000000,231044523940479000000000000000,209822507989117000000000000000
789,79-9,0,6,155.96,128.1,1,0,9.7,0.16,663,531,527,0,70,10,10,10,L,L,L,L,646,19931213987898900000000000000,241931050289627000000000000000,221999836301728000000000000000
790,79-10,1,6,156.07,128.1,1,0,4.5,0.08,664,531,528,0,70,10,10,10,L,L,L,L,646,65717083627218800000000000000,300718292575030000000000000000,235001208947812000000000000000
791,80-1,0,6,156.27,128.1,1,0,9.7,0.16,665,533,530,0,70,10,10,10,L,L,L,L,646,18630820404542600000000000000,313416336908678000000000000000,294785516504135000000000000000
792,80-2,0,6,156.46,128.11,1,0,9.7,0.16,666,534,530,0,70,10,10,10,L,L,L,L,646,15236438773301600000000000000,327130224789016000000000000000,311893786015715000000000000000
793,80-3,0,6,156.66,128.11,1,0,9.7,0.16,667,534,530,0,70,10,10,10,L,L,L,L,646,30047437684067500000000000000,341941223699782000000000000000,311893786015715000000000000000
794,80-4,0,6,156.86,128.11,1,0,9.7,0.16,668,534,531,0,70,10,10,10,L,L,L,L,646,27777324038778400000000000000,357937102523410000000000000000,330159778484631000000000000000
795,80-5,0,6,157.05,128.12,1,0,9.7,0.16,668,535,531,0,70,10,10,10,L,L,L,L,646,25891611315326400000000000000,375212651652927000000000000000,349321040337601000000000000000
796,80-6,0,6,157.25,128.12,1,0,9.7,0.16,669,535,532,0,70,10,10,10,L,L,L,L,646,24091292810018900000000000000,393870244712806000000000000000,369778951902787000000000000000
797,80-7,0,6,157.44,128.12,1,0,9.7,0.16,670,536,532,0,70,10,10,10,L,L,L,L,646,22780880039362200000000000000,414020445217475000000000000000,391239565178113000000000000000
798,80-8,0,6,157.64,128.13,1,0,9.7,0.16,671,536,532,0,70,10,10,10,L,L,L,L,646,44543096584404900000000000000,435782661762518000000000000000,391239565178113000000000000000
799,80-9,0,6,157.83,128.13,1,0,9.7,0.16,672,536,533,0,70,10,10,10,L,L,L,L,646,45133429500042200000000000000,459285855631164000000000000000,414152426131121000000000000000
800,80-10,1,6,157.94,128.13,1,0,4.5,0.08,672,537,533,0,70,10,10,10,L,L,L,L,646,148014789522366000000000000000,586203102521852000000000000000,438188312999486000000000000000
801,81-1,0,6,158.16,132.5,2,0,9.7,0.19,673,548,545,0,70,10,10,10,L,L,L,L,656,77464443793984700000000000000,1690992353255920000000000000000,1613527909461940000000000000000
802,81-2,0,6,158.36,132.51,1,0,9.7,0.16,674,548,545,0,70,10,10,10,L,L,L,L,656,107071699148645000000000000000,1720599608610580000000000000000,1613527909461940000000000000000
803,81-3,0,6,158.55,132.51,1,0,9.7,0.16,675,549,545,0,70,10,10,10,L,L,L,L,656,45404296732952500000000000000,1752575444393610000000000000000,1707171147660660000000000000000
804,81-4,0,6,158.75,132.51,1,0,9.7,0.16,676,549,545,0,70,10,10,10,L,L,L,L,656,79938199378627800000000000000,1787109347039290000000000000000,1707171147660660000000000000000
805,81-5,0,6,158.94,132.52,1,0,9.7,0.16,677,549,545,0,70,10,10,10,L,L,L,L,656,117234814235957000000000000000,1824405961896620000000000000000,1707171147660660000000000000000
806,81-6,0,6,159.14,132.52,1,0,9.7,0.16,678,549,546,0,70,10,10,10,L,L,L,L,656,57535047345165000000000000000,1864686305942530000000000000000,1807151258597370000000000000000
807,81-7,0,6,159.34,132.52,1,0,9.7,0.16,679,549,546,0,70,10,10,10,L,L,L,L,656,101037818914754000000000000000,1908189077512120000000000000000,1807151258597370000000000000000
808,81-8,0,6,159.53,132.53,1,0,9.7,0.16,679,549,546,0,70,10,10,10,L,L,L,L,656,148020812209910000000000000000,1955172070807280000000000000000,1807151258597370000000000000000
809,81-9,0,6,159.73,132.53,1,0,9.7,0.16,680,550,546,0,70,10,10,10,L,L,L,L,656,93882018186106800000000000000,2005913703566050000000000000000,1912031685379940000000000000000
810,81-10,1,6,159.84,132.53,1,0,4.5,0.08,681,550,546,0,70,10,10,10,L,L,L,L,656,367886835083457000000000000000,2279918520463400000000000000000,1912031685379940000000000000000
811,82-1,0,6,160.03,132.53,1,0,9.7,0.16,682,551,548,0,70,10,10,10,L,L,L,L,656,72213022128685100000000000000,2339103560913220000000000000000,2266890538784540000000000000000
812,82-2,0,6,160.23,132.54,1,0,9.7,0.16,683,551,548,0,70,10,10,10,L,L,L,L,656,136132865814499000000000000000,2403023404599040000000000000000,2266890538784540000000000000000
813,82-3,0,6,160.42,132.54,1,0,9.7,0.16,684,552,548,0,70,10,10,10,L,L,L,L,656,73604289639119900000000000000,2472056835779720000000000000000,2398452546140600000000000000000
814,82-4,0,6,160.62,132.54,1,0,9.7,0.16,684,552,548,0,70,10,10,10,L,L,L,L,656,148160395314253000000000000000,2546612941454850000000000000000,2398452546140600000000000000000
815,82-5,0,6,160.81,132.55,1,0,9.7,0.16,685,552,549,0,70,10,10,10,L,L,L,L,656,88216132145310000000000000000,2627133535583990000000000000000,2538917403438680000000000000000
816,82-6,0,6,161.01,132.55,1,0,9.7,0.16,686,552,549,0,70,10,10,10,L,L,L,L,656,175178373804785000000000000000,2714095777243470000000000000000,2538917403438680000000000000000
817,82-7,0,6,161.2,132.55,1,0,9.7,0.16,687,553,549,0,70,10,10,10,L,L,L,L,656,121748146558234000000000000000,2808014998235700000000000000000,2686266851677470000000000000000
818,82-8,0,6,161.4,132.56,1,0,9.7,0.16,688,553,549,0,70,10,10,10,L,L,L,L,656,223180905229846000000000000000,2909447756907320000000000000000,2686266851677470000000000000000
819,82-9,0,6,161.6,132.56,1,0,9.7,0.16,689,553,550,0,70,10,10,10,L,L,L,L,656,175407644421330000000000000000,3018995136272660000000000000000,2843587491851330000000000000000
820,82-10,1,6,161.7,132.56,1,0,4.5,0.08,689,554,550,0,70,10,10,10,L,L,L,L,656,601932110966733000000000000000,3610550984845500000000000000000,3008618873878770000000000000000
821,83-1,0,6,161.9,132.56,1,0,9.7,0.16,690,555,552,0,70,10,10,10,L,L,L,L,656,171330898358928000000000000000,3738327048137230000000000000000,3566996149778300000000000000000
822,83-2,0,6,162.1,132.57,1,0,9.7,0.16,691,555,552,0,70,10,10,10,L,L,L,L,656,309329046714001000000000000000,3876325196492310000000000000000,3566996149778300000000000000000
823,83-3,0,6,162.29,132.57,1,0,9.7,0.16,692,556,552,0,70,10,10,10,L,L,L,L,656,251351681322259000000000000000,4025363196715780000000000000000,3774011515393520000000000000000
824,83-4,0,6,162.49,132.57,1,0,9.7,0.16,693,556,553,0,70,10,10,10,L,L,L,L,656,191288549205439000000000000000,4186324236957140000000000000000,3995035687751700000000000000000
825,83-5,0,6,162.68,132.58,1,0,9.7,0.16,694,556,553,0,70,10,10,10,L,L,L,L,656,365126472666104000000000000000,4360162160417810000000000000000,3995035687751700000000000000000
826,83-6,0,6,162.88,132.58,1,0,9.7,0.16,695,557,553,0,70,10,10,10,L,L,L,L,656,321014220514577000000000000000,4547907117755320000000000000000,4226892897240750000000000000000
827,83-7,0,6,163.16,138.5,2,0,9.7,0.25,696,568,564,0,70,10,10,10,L,L,L,L,656,844425908591513000000000000000,15547884168160500000000000000000,14703458259569000000000000000000
828,83-8,0,6,163.36,138.51,1,0,9.7,0.16,697,568,564,0,70,10,10,10,L,L,L,L,656,1063411626829990000000000000000,15766869886399000000000000000000,14703458259569000000000000000000
829,83-9,0,6,163.55,138.51,1,0,9.7,0.16,697,568,565,0,70,10,10,10,L,L,L,L,656,438811333247530000000000000000,16003374462096600000000000000000,15564563128849000000000000000000
830,83-10,1,6,163.66,138.51,1,0,4.5,0.08,698,568,565,0,70,10,10,10,L,L,L,L,656,1715936042014360000000000000000,17280499170863400000000000000000,15564563128849000000000000000000
831,84-1,0,6,163.86,138.51,1,0,9.7,0.16,699,569,565,0,70,10,10,10,L,L,L,L,656,1088484857239730000000000000000,17556358107957000000000000000000,16467873250717300000000000000000
832,84-2,0,6,164.05,138.52,1,0,9.7,0.16,700,569,566,0,70,10,10,10,L,L,L,L,656,421975055707228000000000000000,17854285760018200000000000000000,17432310704310900000000000000000
833,84-3,0,6,164.25,138.52,1,0,9.7,0.16,700,569,566,0,70,10,10,10,L,L,L,L,656,743736919933243000000000000000,18176047624244200000000000000000,17432310704310900000000000000000
834,84-4,0,6,164.44,138.52,1,0,9.7,0.16,701,569,566,0,70,10,10,10,L,L,L,L,656,1091239733297340000000000000000,18523550437608300000000000000000,17432310704310900000000000000000
835,84-5,0,6,164.64,138.53,1,0,9.7,0.16,702,570,566,0,70,10,10,10,L,L,L,L,656,454835435238112000000000000000,18898853476041500000000000000000,18444018040803400000000000000000
836,84-6,0,6,164.84,138.53,1,0,9.7,0.16,703,570,566,0,70,10,10,10,L,L,L,L,656,860162716745994000000000000000,19304180757549400000000000000000,18444018040803400000000000000000
837,84-7,0,6,165.03,138.53,1,0,9.7,0.16,704,570,566,0,70,10,10,10,L,L,L,L,656,1297916180774510000000000000000,19741934221577900000000000000000,18444018040803400000000000000000
838,84-8,0,6,165.23,138.54,1,0,9.7,0.16,705,570,567,0,70,10,10,10,L,L,L,L,656,690519973900437000000000000000,20214707962728700000000000000000,19524187988828200000000000000000
839,84-9,0,6,165.42,138.54,1,0,9.7,0.16,706,570,567,0,70,10,10,10,L,L,L,L,656,1201115614343290000000000000000,20725303603171500000000000000000,19524187988828200000000000000000
840,84-10,1,6,165.53,138.54,1,0,4.5,0.08,706,571,567,0,70,10,10,10,L,L,L,L,656,2825219855863180000000000000000,23482520061563000000000000000000,20657300205699800000000000000000
841,85-1,0,6,165.73,138.55,1,0,9.7,0.16,707,572,568,0,70,10,10,10,L,L,L,L,666,941902586191750000000000000000,24078078816575500000000000000000,23136176230383800000000000000000
842,85-2,0,6,165.92,138.55,1,0,9.7,0.16,708,572,568,0,70,10,10,10,L,L,L,L,666,1585106041605300000000000000000,24721282271989100000000000000000,23136176230383800000000000000000
843,85-3,0,6,166.12,138.55,1,0,9.7,0.16,709,572,569,0,70,10,10,10,L,L,L,L,666,924800590649550000000000000000,25415942003835700000000000000000,24491141413186200000000000000000
844,85-4,0,6,166.31,138.56,1,0,9.7,0.16,710,572,569,0,70,10,10,10,L,L,L,L,666,1675033101043920000000000000000,26166174514230100000000000000000,24491141413186200000000000000000
845,85-5,0,6,166.51,138.56,1,0,9.7,0.16,711,573,569,0,70,10,10,10,L,L,L,L,666,1063908247426170000000000000000,26976425625456000000000000000000,25912517378029800000000000000000
846,85-6,0,6,166.7,138.56,1,0,9.7,0.16,711,573,569,0,70,10,10,10,L,L,L,L,666,1938979447550160000000000000000,27851496825580000000000000000000,25912517378029800000000000000000
847,85-7,0,6,166.9,138.56,1,0,9.7,0.16,712,573,570,0,70,10,10,10,L,L,L,L,666,1366495338945390000000000000000,28796573721713900000000000000000,27430078382768500000000000000000
848,85-8,0,6,167.1,138.57,1,0,9.7,0.16,713,573,570,0,70,10,10,10,L,L,L,L,666,2387178386770020000000000000000,29817256769538500000000000000000,27430078382768500000000000000000
849,85-9,0,6,167.29,138.57,1,0,9.7,0.16,714,574,570,0,70,10,10,10,L,L,L,L,666,1897574997795700000000000000000,30919594461189100000000000000000,29022019463393400000000000000000
850,85-10,1,6,167.4,138.57,1,0,4.5,0.08,715,574,571,0,70,10,10,10,L,L,L,L,666,6150530207401590000000000000000,36872217996102300000000000000000,30721687788700700000000000000000
851,86-1,0,6,167.6,138.58,1,0,9.7,0.16,715,576,572,0,70,10,10,10,L,L,L,L,666,1752763464762870000000000000000,38157984679643600000000000000000,36405221214880700000000000000000
852,86-2,0,6,167.79,138.58,1,0,9.7,0.16,716,576,572,0,70,10,10,10,L,L,L,L,666,3141391482987420000000000000000,39546612697868100000000000000000,36405221214880700000000000000000
853,86-3,0,6,167.99,138.58,1,0,9.7,0.16,717,576,573,0,70,10,10,10,L,L,L,L,666,2509045795404440000000000000000,41046330957550600000000000000000,38537285162146200000000000000000
854,86-4,0,6,168.36,142.01,1,0,9.7,0.16,719,583,580,0,70,10,10,10,L,L,L,L,666,5088421623064800000000000000000,90282081422927600000000000000000,85193659799862800000000000000000
855,86-5,0,6,168.55,142.01,1,0,9.7,0.16,720,584,580,0,70,10,10,10,L,L,L,L,666,1893365648110070000000000000000,92031352801021300000000000000000,90137987152911200000000000000000
856,86-6,0,6,168.75,142.01,1,0,9.7,0.16,720,584,580,0,70,10,10,10,L,L,L,L,666,3782578736451250000000000000000,93920565889362500000000000000000,90137987152911200000000000000000
857,86-7,0,6,168.94,142.02,1,0,9.7,0.16,721,584,580,0,70,10,10,10,L,L,L,L,666,5822928871859730000000000000000,95960916024771000000000000000000,90137987152911200000000000000000
858,86-8,0,6,169.14,142.02,1,0,9.7,0.16,722,584,581,0,70,10,10,10,L,L,L,L,666,2747595195165750000000000000000,98164494171012100000000000000000,95416898975846400000000000000000
859,86-9,0,6,169.34,142.02,1,0,9.7,0.16,723,584,581,0,70,10,10,10,L,L,L,L,666,5127459593106200000000000000000,100544358568953000000000000000000,95416898975846400000000000000000
860,86-10,1,6,169.44,142.02,1,0,4.5,0.08,723,584,581,0,70,10,10,10,L,L,L,L,666,17978727341984600000000000000000,113395626317831000000000000000000,95416898975846400000000000000000
861,87-1,0,6,169.64,142.03,1,0,9.7,0.16,724,586,582,0,70,10,10,10,L,L,L,L,666,3102409066976840000000000000000,116171500151589000000000000000000,113069091084612000000000000000000
862,87-2,0,6,169.84,142.03,1,0,9.7,0.16,725,586,582,0,70,10,10,10,L,L,L,L,666,6100352807435200000000000000000,119169443892047000000000000000000,113069091084612000000000000000000
863,87-3,0,6,170.03,142.03,1,0,9.7,0.16,726,586,582,0,70,10,10,10,L,L,L,L,666,9338132047130230000000000000000,122407223131742000000000000000000,113069091084612000000000000000000
864,87-4,0,6,170.23,142.04,1,0,9.7,0.16,727,586,583,0,70,10,10,10,L,L,L,L,666,6213066635311020000000000000000,125904024710613000000000000000000,119690958075302000000000000000000
865,87-5,0,6,170.42,142.04,1,0,9.7,0.16,728,586,583,0,70,10,10,10,L,L,L,L,666,9989612340491300000000000000000,129680570415793000000000000000000,119690958075302000000000000000000
866,87-6,0,6,170.62,142.04,1,0,9.7,0.16,728,587,583,0,70,10,10,10,L,L,L,L,666,7121857762622400000000000000000,133759239777388000000000000000000,126637382014765000000000000000000
867,87-7,0,6,170.81,142.05,1,0,9.7,0.16,729,587,583,0,70,10,10,10,L,L,L,L,666,11526820673144700000000000000000,138164202687910000000000000000000,126637382014765000000000000000000
868,87-8,0,6,171.01,142.05,1,0,9.7,0.16,730,587,584,0,70,10,10,10,L,L,L,L,666,8867689586936120000000000000000,142921562631274000000000000000000,134053873044338000000000000000000
869,87-9,0,6,171.2,142.05,1,0,9.7,0.16,731,588,584,0,70,10,10,10,L,L,L,L,666,6225643513570070000000000000000,148059511370107000000000000000000,141833867856537000000000000000000
870,87-10,1,6,171.31,142.06,1,0,4.5,0.08,731,588,584,0,70,10,10,10,L,L,L,L,666,33970566703269300000000000000000,175804434559806000000000000000000,141833867856537000000000000000000
871,88-1,0,6,171.51,142.06,1,0,9.7,0.16,732,589,586,0,70,10,10,10,L,L,L,L,676,13640159621963900000000000000000,181797337968782000000000000000000,168157178346818000000000000000000
872,88-2,0,6,171.7,142.06,1,0,9.7,0.16,733,590,586,0,70,10,10,10,L,L,L,L,676,10353269811234200000000000000000,188269673650475000000000000000000,177916403839240000000000000000000
873,88-3,0,6,171.9,142.06,1,0,9.7,0.16,734,590,586,0,70,10,10,10,L,L,L,L,676,17343392347462700000000000000000,195259796186703000000000000000000,177916403839240000000000000000000
874,88-4,0,6,172.1,142.07,1,0,9.7,0.16,735,590,587,0,70,10,10,10,L,L,L,L,676,14473088777394100000000000000000,202809128525830000000000000000000,188336039748436000000000000000000
875,88-5,0,6,172.29,142.07,1,0,9.7,0.16,736,591,587,0,70,10,10,10,L,L,L,L,676,11696035152137500000000000000000,210962407452087000000000000000000,199266372299949000000000000000000
876,88-6,0,6,172.49,142.07,1,0,9.7,0.16,737,591,588,0,70,10,10,10,L,L,L,L,676,8831584174196090000000000000000,219767948692444000000000000000000,210936364518248000000000000000000
877,88-7,0,6,172.68,142.08,1,0,9.7,0.16,738,591,588,0,70,10,10,10,L,L,L,L,676,18341568713782100000000000000000,229277933232030000000000000000000,210936364518248000000000000000000
878,88-8,0,6,172.88,142.08,1,0,9.7,0.16,738,592,588,0,70,10,10,10,L,L,L,L,676,16370379558840000000000000000000,239548716534783000000000000000000,223178336975943000000000000000000
879,88-9,0,6,173.07,142.08,1,0,9.7,0.16,739,592,589,0,70,10,10,10,L,L,L,L,676,14392434241318400000000000000000,250641162501756000000000000000000,236248728260438000000000000000000
880,88-10,1,6,173.18,142.09,1,0,4.5,0.08,740,593,589,0,70,10,10,10,L,L,L,L,676,60580633310355000000000000000000,310540370723411000000000000000000,249959737413056000000000000000000
881,89-1,0,6,173.38,142.09,1,0,9.7,0.16,741,594,591,0,70,10,10,10,L,L,L,L,676,27128194969395600000000000000000,323478599699289000000000000000000,296350404729893000000000000000000
882,89-2,0,6,173.57,142.09,1,0,9.7,0.16,742,595,591,0,70,10,10,10,L,L,L,L,676,23902392382298700000000000000000,337451886993237000000000000000000,313549494610938000000000000000000
883,89-3,0,6,173.77,142.1,1,0,9.7,0.16,742,595,592,0,70,10,10,10,L,L,L,L,676,20630583973219600000000000000000,352543037270700000000000000000000,331912453297480000000000000000000
884,89-4,0,6,173.96,142.1,1,0,9.7,0.16,743,596,592,0,70,10,10,10,L,L,L,L,676,17666045606110200000000000000000,368841479570361000000000000000000,351175433964250000000000000000000
885,89-5,0,6,174.16,142.1,1,0,9.7,0.16,744,596,592,0,70,10,10,10,L,L,L,L,676,35268363289743700000000000000000,386443797253994000000000000000000,351175433964250000000000000000000
886,89-6,0,6,174.36,142.11,1,0,9.7,0.16,745,596,593,0,70,10,10,10,L,L,L,L,676,33712352659140100000000000000000,405454300352318000000000000000000,371741947693178000000000000000000
887,89-7,0,6,174.55,142.11,1,0,9.7,0.16,746,597,593,0,70,10,10,10,L,L,L,L,676,32669157658547800000000000000000,425985643698508000000000000000000,393316486039960000000000000000000
888,89-8,0,6,174.75,142.11,1,0,9.7,0.16,747,597,594,0,70,10,10,10,L,L,L,L,676,31808513096034000000000000000000,448159494512393000000000000000000,416350981416359000000000000000000
889,89-9,0,6,174.94,142.12,1,0,9.7,0.16,748,598,594,0,70,10,10,10,L,L,L,L,676,31592789026633800000000000000000,472107253391390000000000000000000,440514464364756000000000000000000
890,89-10,1,6,175.05,142.12,1,0,4.5,0.08,748,598,595,0,70,10,10,10,L,L,L,L,676,135112052151646000000000000000000,601425151337968000000000000000000,466313099186323000000000000000000
891,90-1,0,6,175.25,142.12,1,0,9.7,0.16,749,600,597,0,70,10,10,10,L,L,L,L,676,44414665675106100000000000000000,629357817294429000000000000000000,584943151619323000000000000000000
892,90-2,0,6,175.44,142.12,1,0,9.7,0.16,750,601,597,0,70,10,10,10,L,L,L,L,676,40633991136359600000000000000000,659525096527407000000000000000000,618891105391048000000000000000000
893,90-3,0,6,175.64,142.13,1,0,9.7,0.16,751,601,598,0,70,10,10,10,L,L,L,L,676,36969428285381300000000000000000,692105758099023000000000000000000,655136329813642000000000000000000
894,90-4,0,6,175.83,142.13,1,0,9.7,0.16,752,601,598,0,70,10,10,10,L,L,L,L,676,72156542782726800000000000000000,727292872596369000000000000000000,655136329813642000000000000000000
895,90-5,0,6,176.03,142.13,1,0,9.7,0.16,753,602,598,0,70,10,10,10,L,L,L,L,676,72136918215528500000000000000000,765294956253502000000000000000000,693158038037974000000000000000000
896,90-6,0,6,176.22,142.14,1,0,9.7,0.16,753,602,599,0,70,10,10,10,L,L,L,L,676,72584517211926500000000000000000,806337206603206000000000000000000,733752689391279000000000000000000
897,90-7,0,6,176.42,142.14,1,0,9.7,0.16,754,603,599,0,70,10,10,10,L,L,L,L,676,74325834378355300000000000000000,850662836980886000000000000000000,776337002602531000000000000000000
898,90-8,0,6,176.62,142.14,1,0,9.7,0.16,755,603,600,0,70,10,10,10,L,L,L,L,676,76731505670547400000000000000000,898534517788780000000000000000000,821803012118233000000000000000000
899,90-9,0,6,176.81,142.15,1,0,9.7,0.16,756,604,600,0,70,10,10,10,L,L,L,L,676,80738490146472000000000000000000,950235933061306000000000000000000,869497442914834000000000000000000
900,90-10,1,6,176.92,142.15,1,0,4.5,0.08,757,604,601,0,70,10,10,10,L,L,L,L,676,309004201960526000000000000000000,1229423575532950000000000000000000,920419373572421000000000000000000
901,91-1,0,6,177.12,142.15,1,0,9.7,0.16,757,607,603,0,70,10,10,10,L,L,L,L,686,68146802827368400000000000000000,1289728106306820000000000000000000,1221581303479450000000000000000000
902,91-2,0,6,177.31,142.16,1,0,9.7,0.16,758,607,603,0,70,10,10,10,L,L,L,L,686,133275696063153000000000000000000,1354856999542610000000000000000000,1221581303479450000000000000000000
903,91-3,0,6,177.51,142.16,1,0,9.7,0.16,759,607,604,0,70,10,10,10,L,L,L,L,686,132073254562898000000000000000000,1425196204237250000000000000000000,1293122949674350000000000000000000
904,91-4,0,6,177.7,142.16,1,0,9.7,0.16,760,608,604,0,70,10,10,10,L,L,L,L,686,132991485410484000000000000000000,1501162545307470000000000000000000,1368171059896990000000000000000000
905,91-5,0,6,177.9,142.16,1,0,9.7,0.16,761,608,605,0,70,10,10,10,L,L,L,L,686,134908490028030000000000000000000,1583206193663310000000000000000000,1448297703635280000000000000000000
906,91-6,0,6,178.09,142.17,1,0,9.7,0.16,762,609,605,0,70,10,10,10,L,L,L,L,686,139461746802985000000000000000000,1671813333887610000000000000000000,1532351587084630000000000000000000
907,91-7,0,6,178.29,142.17,1,0,9.7,0.16,763,609,606,0,70,10,10,10,L,L,L,L,686,145415617258347000000000000000000,1767509045329860000000000000000000,1622093428071510000000000000000000
908,91-8,0,6,178.48,142.17,1,0,9.7,0.16,764,610,606,0,70,10,10,10,L,L,L,L,686,154626636152705000000000000000000,1870860413687490000000000000000000,1716233777534780000000000000000000
909,91-9,0,6,178.68,142.18,1,0,9.7,0.16,764,610,607,0,70,10,10,10,L,L,L,L,686,165735252073631000000000000000000,1982479891513720000000000000000000,1816744639440090000000000000000000
910,91-10,1,6,178.79,142.18,1,0,4.5,0.08,765,611,607,0,70,10,10,10,L,L,L,L,686,663043240936451000000000000000000,2585225071775410000000000000000000,1922181830838950000000000000000000
911,92-1,0,6,178.98,142.18,1,0,9.7,0.16,766,613,610,0,70,10,10,10,L,L,L,L,686,163022617912638000000000000000000,2715418030711930000000000000000000,2552395412799290000000000000000000
912,92-2,0,6,179.18,142.19,1,0,9.7,0.16,767,614,610,0,70,10,10,10,L,L,L,L,686,155499351126462000000000000000000,2856026426363370000000000000000000,2700527075236910000000000000000000
913,92-3,0,6,179.38,142.19,1,0,9.7,0.16,768,614,610,0,70,10,10,10,L,L,L,L,686,307356418430023000000000000000000,3007883493666930000000000000000000,2700527075236910000000000000000000
914,92-4,0,6,179.57,142.19,1,0,9.7,0.16,768,614,611,0,70,10,10,10,L,L,L,L,686,313206264019575000000000000000000,3171889126354780000000000000000000,2858682862335210000000000000000000
915,92-5,0,6,179.77,142.2,1,0,9.7,0.16,769,615,611,0,70,10,10,10,L,L,L,L,686,324424885392313000000000000000000,3349015209657650000000000000000000,3024590324265340000000000000000000
916,92-6,0,6,179.96,142.2,1,0,9.7,0.16,770,615,612,0,70,10,10,10,L,L,L,L,686,338586573809327000000000000000000,3540311379624760000000000000000000,3201724805815430000000000000000000
917,92-7,0,7,180.16,152,2,0,9.7,0.17,771,628,625,0,70,10,10,10,L,L,L,L,686,932599740087753000000000000000000,14903303875670700000000000000000000,13970704135582900000000000000000000
918,92-8,0,7,180.36,152.01,1,0,9.7,0.16,772,629,625,0,70,10,10,10,L,L,L,L,686,344919197356995000000000000000000,15126431728320300000000000000000000,14781512530963300000000000000000000
919,92-9,0,7,180.55,152.01,1,0,9.7,0.16,773,629,625,0,70,10,10,10,L,L,L,L,686,585897278218595000000000000000000,15367409809181900000000000000000000,14781512530963300000000000000000000
920,92-10,1,7,180.66,152.01,1,0,4.5,0.08,773,629,625,0,70,10,10,10,L,L,L,L,686,1887178914871230000000000000000000,16668691445834600000000000000000000,14781512530963300000000000000000000
921,93-1,0,7,180.86,152.01,1,0,9.7,0.16,774,630,626,0,70,10,10,10,L,L,L,L,686,394474244672602000000000000000000,16949768279351500000000000000000000,16555294034678900000000000000000000
922,93-2,0,7,181.05,152.02,1,0,9.7,0.16,775,630,626,0,70,10,10,10,L,L,L,L,686,698037224870930000000000000000000,17253331259549900000000000000000000,16555294034678900000000000000000000
923,93-3,0,7,181.25,152.02,1,0,9.7,0.16,776,630,626,0,70,10,10,10,L,L,L,L,686,1025885243485120000000000000000000,17581179278164100000000000000000000,16555294034678900000000000000000000
924,93-4,0,7,181.44,152.02,1,0,9.7,0.16,777,630,627,0,70,10,10,10,L,L,L,L,686,410403870592136000000000000000000,17935255138267400000000000000000000,17524851267675300000000000000000000
925,93-5,0,7,181.64,152.03,1,0,9.7,0.16,778,630,627,0,70,10,10,10,L,L,L,L,686,792805799503732000000000000000000,18317657067179000000000000000000000,17524851267675300000000000000000000
926,93-6,0,7,181.84,152.03,1,0,9.7,0.16,779,630,627,0,70,10,10,10,L,L,L,L,686,1205799882728260000000000000000000,18730651150403500000000000000000000,17524851267675300000000000000000000
927,93-7,0,7,182.03,152.03,1,0,9.7,0.16,779,631,627,0,70,10,10,10,L,L,L,L,686,634755441445583000000000000000000,19176684760286000000000000000000000,18541929318840400000000000000000000
928,93-8,0,7,182.23,152.04,1,0,9.7,0.16,780,631,627,0,70,10,10,10,L,L,L,L,686,1116471740118670000000000000000000,19658401058959100000000000000000000,18541929318840400000000000000000000
929,93-9,0,7,182.42,152.04,1,0,9.7,0.16,781,631,628,0,70,10,10,10,L,L,L,L,686,550821241729724000000000000000000,20178654661526000000000000000000000,19627833419796300000000000000000000
930,93-10,1,7,182.53,152.04,1,0,4.5,0.08,782,631,628,0,70,10,10,10,L,L,L,L,686,3360190695591150000000000000000000,22988024115387400000000000000000000,19627833419796300000000000000000000
931,94-1,0,7,182.73,152.05,1,0,9.7,0.16,783,632,629,0,70,10,10,10,L,L,L,L,686,1611674487249660000000000000000000,23594847917421500000000000000000000,21983173430171800000000000000000000
932,94-2,0,7,182.92,152.05,1,0,9.7,0.16,784,633,629,0,70,10,10,10,L,L,L,L,686,991221486064885000000000000000000,24250217623618300000000000000000000,23258996137553400000000000000000000
933,94-3,0,7,183.12,152.05,1,0,9.7,0.16,784,633,629,0,70,10,10,10,L,L,L,L,686,1699020768757420000000000000000000,24958016906310800000000000000000000,23258996137553400000000000000000000
934,94-4,0,7,183.31,152.06,1,0,9.7,0.16,785,633,630,0,70,10,10,10,L,L,L,L,686,1101285889826310000000000000000000,25722440131618800000000000000000000,24621154241792500000000000000000000
935,94-5,0,7,183.51,152.06,1,0,9.7,0.16,786,633,630,0,70,10,10,10,L,L,L,L,686,1926862973158890000000000000000000,26548017214951400000000000000000000,24621154241792500000000000000000000
936,94-6,0,7,183.7,152.06,1,0,9.7,0.16,787,634,630,0,70,10,10,10,L,L,L,L,686,1389564790890710000000000000000000,27439640464950500000000000000000000,26050075674059800000000000000000000
937,94-7,0,7,183.9,152.06,1,0,9.7,0.16,788,634,630,0,70,10,10,10,L,L,L,L,686,2352517900889830000000000000000000,28402593574949700000000000000000000,26050075674059800000000000000000000
938,94-8,0,7,184.1,152.07,1,0,9.7,0.16,789,634,631,0,70,10,10,10,L,L,L,L,686,1866890182941130000000000000000000,29442582933748700000000000000000000,27575692750807600000000000000000000
939,94-9,0,7,184.29,152.07,1,0,9.7,0.16,790,635,631,0,70,10,10,10,L,L,L,L,686,1389686686304660000000000000000000,30565771441251700000000000000000000,29176084754947000000000000000000000
940,94-10,1,7,184.4,152.07,1,0,4.5,0.08,790,635,631,0,70,10,10,10,L,L,L,L,686,7454904626820700000000000000000000,36630989381767700000000000000000000,29176084754947000000000000000000000
941,95-1,0,7,184.6,152.08,1,0,9.7,0.16,791,637,633,0,70,10,10,10,L,L,L,L,696,1342595740313630000000000000000000,37941076456919200000000000000000000,36598480716605500000000000000000000
942,95-2,0,7,184.79,152.08,1,0,9.7,0.16,792,637,633,0,70,10,10,10,L,L,L,L,696,2757489781477220000000000000000000,39355970498082800000000000000000000,36598480716605500000000000000000000
943,95-3,0,7,184.99,152.08,1,0,9.7,0.16,793,637,634,0,70,10,10,10,L,L,L,L,696,2142193197532840000000000000000000,40884056062539400000000000000000000,38741862865006600000000000000000000
944,95-4,0,7,185.18,152.09,1,0,9.7,0.16,794,637,634,0,70,10,10,10,L,L,L,L,696,3792525607146040000000000000000000,42534388472152600000000000000000000,38741862865006600000000000000000000
945,95-5,0,7,185.38,152.09,1,0,9.7,0.16,795,638,634,0,70,10,10,10,L,L,L,L,696,3326449071936670000000000000000000,44316747474534900000000000000000000,40990298402598200000000000000000000
946,95-6,0,7,185.57,152.09,1,0,9.7,0.16,795,638,635,0,70,10,10,10,L,L,L,L,696,2850808788300340000000000000000000,46241695197107700000000000000000000,43390886408807400000000000000000000
947,95-7,0,7,185.77,152.1,1,0,9.7,0.16,796,639,635,0,70,10,10,10,L,L,L,L,696,2411504526576390000000000000000000,48320638737486400000000000000000000,45909134210910000000000000000000000
948,95-8,0,7,185.96,152.1,1,0,9.7,0.16,797,639,635,0,70,10,10,10,L,L,L,L,696,4656763550185350000000000000000000,50565897761095400000000000000000000,45909134210910000000000000000000000
949,95-9,0,7,186.16,152.1,1,0,9.7,0.16,798,639,636,0,70,10,10,10,L,L,L,L,696,4392984728728760000000000000000000,52990777506593000000000000000000000,48597792777864300000000000000000000
950,95-10,1,7,186.27,152.1,1,0,4.5,0.08,799,640,636,0,70,10,10,10,L,L,L,L,696,14666897816061300000000000000000000,66085128132280500000000000000000000,51418230316219200000000000000000000
951,96-1,0,7,186.46,152.11,1,0,9.7,0.16,799,642,638,0,70,10,10,10,L,L,L,L,696,4414479758763590000000000000000000,68913507867429000000000000000000000,64499028108665400000000000000000000
952,96-2,0,7,186.66,152.11,1,0,9.7,0.16,800,642,639,0,70,10,10,10,L,L,L,L,696,3691758169570030000000000000000000,71968157981389400000000000000000000,68276399811819300000000000000000000
953,96-3,0,7,186.86,152.11,1,0,9.7,0.16,801,642,639,0,70,10,10,10,L,L,L,L,696,6990780292647220000000000000000000,75267180104466600000000000000000000,68276399811819300000000000000000000
954,96-4,0,7,187.05,152.12,1,0,9.7,0.16,802,643,639,0,70,10,10,10,L,L,L,L,696,6591212515684680000000000000000000,78830123997389900000000000000000000,72238911481705200000000000000000000
955,96-5,0,7,187.25,152.12,1,0,9.7,0.16,803,643,640,0,70,10,10,10,L,L,L,L,696,6208535612509520000000000000000000,82678103401747200000000000000000000,76469567789237600000000000000000000
956,96-6,0,7,187.44,152.12,1,0,9.7,0.16,804,644,640,0,70,10,10,10,L,L,L,L,696,5926340298943110000000000000000000,86833921158453000000000000000000000,80907580859509900000000000000000000
957,96-7,0,7,187.64,152.13,1,0,9.7,0.16,805,644,641,0,70,10,10,10,L,L,L,L,696,5676288411749110000000000000000000,91322204335695300000000000000000000,85645915923946200000000000000000000
958,96-8,0,7,187.83,152.13,1,0,9.7,0.16,806,645,641,0,70,10,10,10,L,L,L,L,696,5553059604465890000000000000000000,96169550167117000000000000000000000,90616490562651100000000000000000000
959,96-9,0,7,188.16,156.5,2,0,9.7,0.3,807,655,652,0,70,10,10,10,L,L,L,L,696,9221829866600240000000000000000000,307145430133914000000000000000000000,297923600267314000000000000000000000
960,96-10,1,7,188.27,156.5,1,0,4.5,0.08,808,655,652,0,70,10,10,10,L,L,L,L,696,37491550755451500000000000000000000,335415151022765000000000000000000000,297923600267314000000000000000000000
961,97-1,0,7,188.47,156.51,1,0,9.7,0.16,808,656,653,0,70,10,10,10,L,L,L,L,696,7846978435365650000000000000000000,341521410734757000000000000000000000,333674432299391000000000000000000000
962,97-2,0,7,188.66,156.51,1,0,9.7,0.16,809,656,653,0,70,10,10,10,L,L,L,L,696,14441738924316900000000000000000000,348116171223708000000000000000000000,333674432299391000000000000000000000
963,97-3,0,7,188.86,156.51,1,0,9.7,0.16,810,656,653,0,70,10,10,10,L,L,L,L,696,21564080252384200000000000000000000,355238512551776000000000000000000000,333674432299391000000000000000000000
964,97-4,0,7,189.05,156.52,1,0,9.7,0.16,811,657,653,0,70,10,10,10,L,L,L,L,696,9890969425139680000000000000000000,362930641186088000000000000000000000,353039671760949000000000000000000000
965,97-5,0,7,189.25,156.52,1,0,9.7,0.16,812,657,653,0,70,10,10,10,L,L,L,L,696,18198468350197400000000000000000000,371238140111146000000000000000000000,353039671760949000000000000000000000
966,97-6,0,7,189.44,156.52,1,0,9.7,0.16,813,657,653,0,70,10,10,10,L,L,L,L,696,27170567189259700000000000000000000,380210238950208000000000000000000000,353039671760949000000000000000000000
967,97-7,0,7,189.64,156.53,1,0,9.7,0.16,813,657,654,0,70,10,10,10,L,L,L,L,696,16184741521077200000000000000000000,389900105696396000000000000000000000,373715364175318000000000000000000000
968,97-8,0,7,189.84,156.53,1,0,9.7,0.16,814,657,654,0,70,10,10,10,L,L,L,L,696,26649797606959500000000000000000000,400365161782278000000000000000000000,373715364175318000000000000000000000
969,97-9,0,7,190.03,156.53,1,0,9.7,0.16,815,658,654,0,70,10,10,10,L,L,L,L,696,16262989982768400000000000000000000,411667422355031000000000000000000000,395404432372262000000000000000000000
970,97-10,1,7,190.14,156.54,1,0,4.5,0.08,816,658,654,0,70,10,10,10,L,L,L,L,696,77295197075634000000000000000000000,472699629447896000000000000000000000,395404432372262000000000000000000000
971,98-1,0,7,190.34,156.54,1,0,9.7,0.16,817,659,656,0,70,10,10,10,L,L,L,L,706,17094033358435900000000000000000000,485882586179955000000000000000000000,468788552821519000000000000000000000
972,98-2,0,7,190.53,156.54,1,0,9.7,0.16,817,659,656,0,70,10,10,10,L,L,L,L,706,31331626629059600000000000000000000,500120179450579000000000000000000000,468788552821519000000000000000000000
973,98-3,0,7,190.73,156.55,1,0,9.7,0.16,818,660,656,0,70,10,10,10,L,L,L,L,706,19501460215086500000000000000000000,515496780182853000000000000000000000,495995319967766000000000000000000000
974,98-4,0,7,190.92,156.55,1,0,9.7,0.16,819,660,656,0,70,10,10,10,L,L,L,L,706,36108189005942000000000000000000000,532103508973708000000000000000000000,495995319967766000000000000000000000
975,98-5,0,7,191.12,156.55,1,0,9.7,0.16,820,660,657,0,70,10,10,10,L,L,L,L,706,24995596907730200000000000000000000,550038776067832000000000000000000000,525043179160102000000000000000000000
976,98-6,0,7,191.31,156.56,1,0,9.7,0.16,821,660,657,0,70,10,10,10,L,L,L,L,706,44365685369384000000000000000000000,569408864529486000000000000000000000,525043179160102000000000000000000000
977,98-7,0,7,191.51,156.56,1,0,9.7,0.16,822,661,657,0,70,10,10,10,L,L,L,L,706,34813801704173900000000000000000000,590328560068072000000000000000000000,555514758363898000000000000000000000
978,98-8,0,7,191.7,156.56,1,0,9.7,0.16,823,661,658,0,70,10,10,10,L,L,L,L,706,24873470590430800000000000000000000,612921831249745000000000000000000000,588048360659314000000000000000000000
979,98-9,0,7,191.9,156.56,1,0,9.7,0.16,823,661,658,0,70,10,10,10,L,L,L,L,706,49274203466637700000000000000000000,637322564125952000000000000000000000,588048360659314000000000000000000000
980,98-10,1,7,192.01,156.57,1,0,4.5,0.08,824,662,658,0,70,10,10,10,L,L,L,L,706,146909992289903000000000000000000000,769086521657469000000000000000000000,622176529367566000000000000000000000
981,99-1,0,7,192.2,156.57,1,0,9.7,0.16,825,663,660,0,70,10,10,10,L,L,L,L,706,59899672873232900000000000000000000,797547536484277000000000000000000000,737647863611044000000000000000000000
982,99-2,0,7,192.4,156.57,1,0,9.7,0.16,826,664,660,0,70,10,10,10,L,L,L,L,706,47827194058554200000000000000000000,828285432497229000000000000000000000,780458238438675000000000000000000000
983,99-3,0,7,192.6,156.58,1,0,9.7,0.16,827,664,661,0,70,10,10,10,L,L,L,L,706,35316752946848300000000000000000000,861482360191217000000000000000000000,826165607244369000000000000000000000
984,99-4,0,7,192.79,156.58,1,0,9.7,0.16,827,664,661,0,70,10,10,10,L,L,L,L,706,71169434856355900000000000000000000,897335042100725000000000000000000000,826165607244369000000000000000000000
985,99-5,0,7,192.99,156.58,1,0,9.7,0.16,828,665,661,0,70,10,10,10,L,L,L,L,706,61942711511677400000000000000000000,936055938562993000000000000000000000,874113227051316000000000000000000000
986,99-6,0,7,193.36,162.51,1,0,9.7,0.16,830,675,672,0,70,10,10,10,L,L,L,L,706,204624772238096000000000000000000000,3078483139820290000000000000000000000,2873858367582200000000000000000000000
987,99-7,0,7,193.55,162.51,1,0,9.7,0.16,831,676,672,0,70,10,10,10,L,L,L,L,706,83000633311297900000000000000000000,3123647193453880000000000000000000000,3040646560142580000000000000000000000
988,99-8,0,7,193.75,162.51,1,0,9.7,0.16,831,676,672,0,70,10,10,10,L,L,L,L,706,131777811235575000000000000000000000,3172424371378160000000000000000000000,3040646560142580000000000000000000000
989,99-9,0,7,193.94,162.52,1,0,9.7,0.16,832,676,672,0,70,10,10,10,L,L,L,L,706,184457163393794000000000000000000000,3225103723536380000000000000000000000,3040646560142580000000000000000000000
990,99-10,1,7,194.05,162.52,1,0,4.5,0.08,833,676,673,0,70,10,10,10,L,L,L,L,706,290850853498700000000000000000000000,3509572225190760000000000000000000000,3218721371692060000000000000000000000
991,100-1,0,7,194.25,162.52,1,0,9.7,0.16,834,677,673,0,70,10,10,10,L,L,L,L,706,165493274188412000000000000000000000,3571017421548110000000000000000000000,3405524147359690000000000000000000000
992,100-2,0,7,194.44,162.52,1,0,9.7,0.16,834,677,673,0,70,10,10,10,L,L,L,L,706,231854086254346000000000000000000000,3637378233614040000000000000000000000,3405524147359690000000000000000000000
993,100-3,0,7,194.64,162.53,1,0,9.7,0.16,835,677,674,0,70,10,10,10,L,L,L,L,706,104079974350143000000000000000000000,3709047910645250000000000000000000000,3604967936295110000000000000000000000
994,100-4,0,7,194.84,162.53,1,0,9.7,0.16,836,677,674,0,70,10,10,10,L,L,L,L,706,181483225543848000000000000000000000,3786451161838960000000000000000000000,3604967936295110000000000000000000000
995,100-5,0,7,195.03,162.53,1,0,9.7,0.16,837,677,674,0,70,10,10,10,L,L,L,L,706,265078736833051000000000000000000000,3870046673128160000000000000000000000,3604967936295110000000000000000000000
996,100-6,0,7,195.23,162.54,1,0,9.7,0.16,838,678,674,0,70,10,10,10,L,L,L,L,706,146142780277638000000000000000000000,3960329825320500000000000000000000000,3814187045042860000000000000000000000
997,100-7,0,7,195.42,162.54,1,0,9.7,0.16,839,678,674,0,70,10,10,10,L,L,L,L,706,243648584645364000000000000000000000,4057835629688220000000000000000000000,3814187045042860000000000000000000000
998,100-8,0,7,195.62,162.54,1,0,9.7,0.16,839,678,675,0,70,10,10,10,L,L,L,L,706,125577809754845000000000000000000000,4163141898405370000000000000000000000,4037564088650520000000000000000000000
999,100-9,0,7,195.81,162.55,1,0,9.7,0.16,840,678,675,0,70,10,10,10,L,L,L,L,706,239308579969360000000000000000000000,4276872668619880000000000000000000000,4037564088650520000000000000000000000
1000,100-10,1,7,195.92,162.55,1,0,4.5,0.08,841,679,675,0,70,10,10,10,L,L,L,L,706,619129337330261000000000000000000000,4891018827778260000000000000000000000,4271889490448000000000000000000000000
1001,101-1,0,7,196.12,162.55,1,0,9.7,0.16,842,680,676,0,70,10,10,10,L,L,L,L,716,239158168854710000000000000000000000,5023674398156470000000000000000000000,4784516229301760000000000000000000000
1002,101-2,0,7,196.31,162.56,1,0,9.7,0.16,843,680,676,0,70,10,10,10,L,L,L,L,716,382426184863178000000000000000000000,5166942414164940000000000000000000000,4784516229301760000000000000000000000
1003,101-3,0,7,196.51,162.56,1,0,9.7,0.16,843,680,677,0,70,10,10,10,L,L,L,L,716,256951478650870000000000000000000000,5321671871454090000000000000000000000,5064720392803210000000000000000000000
1004,101-4,0,7,196.7,162.56,1,0,9.7,0.16,844,680,677,0,70,10,10,10,L,L,L,L,716,424059292523146000000000000000000000,5488779685326360000000000000000000000,5064720392803210000000000000000000000
1005,101-5,0,7,196.9,162.56,1,0,9.7,0.16,845,681,677,0,70,10,10,10,L,L,L,L,716,310597947490445000000000000000000000,5669256124308420000000000000000000000,5358658176817970000000000000000000000
1006,101-6,0,7,197.1,162.57,1,0,9.7,0.16,846,681,677,0,70,10,10,10,L,L,L,L,716,505512501591068000000000000000000000,5864170678409040000000000000000000000,5358658176817970000000000000000000000
1007,101-7,0,7,197.29,162.57,1,0,9.7,0.16,847,681,678,0,70,10,10,10,L,L,L,L,716,402191556898114000000000000000000000,6074678396837720000000000000000000000,5672486839939600000000000000000000000
1008,101-8,0,7,197.49,162.57,1,0,9.7,0.16,848,682,678,0,70,10,10,10,L,L,L,L,716,300329574704550000000000000000000000,6302026732740680000000000000000000000,6001697158036130000000000000000000000
1009,101-9,0,7,197.68,162.58,1,0,9.7,0.16,849,682,678,0,70,10,10,10,L,L,L,L,716,545865777479754000000000000000000000,6547562935515890000000000000000000000,6001697158036130000000000000000000000
1010,101-10,1,7,197.79,162.58,1,0,4.5,0.08,849,682,679,0,70,10,10,10,L,L,L,L,716,1520273169769630000000000000000000000,7873458430501990000000000000000000000,6353185260732350000000000000000000000
1011,102-1,0,7,197.99,162.58,1,0,9.7,0.16,850,684,680,0,70,10,10,10,L,L,L,L,716,631322942378460000000000000000000000,8159851857418990000000000000000000000,7528528915040530000000000000000000000
1012,102-2,0,7,198.36,166.01,1,0,9.7,0.16,852,691,687,0,70,10,10,10,L,L,L,L,716,918969165504864000000000000000000000,17562148063104000000000000000000000000,16643178897599200000000000000000000000
1013,102-3,0,7,198.55,166.01,1,0,9.7,0.16,852,691,687,0,70,10,10,10,L,L,L,L,716,1253018458660850000000000000000000000,17896197356260000000000000000000000000,16643178897599200000000000000000000000
1014,102-4,0,7,198.75,166.01,1,0,9.7,0.16,853,691,688,0,70,10,10,10,L,L,L,L,716,639087504185955000000000000000000000,18256970592868500000000000000000000000,17617883088682500000000000000000000000
1015,102-5,0,7,198.94,166.02,1,0,9.7,0.16,854,691,688,0,70,10,10,10,L,L,L,L,716,1028722599723100000000000000000000000,18646605688405600000000000000000000000,17617883088682500000000000000000000000
1016,102-6,0,7,199.14,166.02,1,0,9.7,0.16,855,692,688,0,70,10,10,10,L,L,L,L,716,427051226274672000000000000000000000,19067411591585700000000000000000000000,18640360365311100000000000000000000000
1017,102-7,0,7,199.34,166.02,1,0,9.7,0.16,856,692,688,0,70,10,10,10,L,L,L,L,716,881521601709195000000000000000000000,19521881967020300000000000000000000000,18640360365311100000000000000000000000
1018,102-8,0,7,199.53,166.03,1,0,9.7,0.16,857,692,688,0,70,10,10,10,L,L,L,L,716,1372349607178480000000000000000000000,20012709972489500000000000000000000000,18640360365311100000000000000000000000
1019,102-9,0,7,199.73,166.03,1,0,9.7,0.16,857,692,689,0,70,10,10,10,L,L,L,L,716,810775159071943000000000000000000000,20542804218396400000000000000000000000,19732029059324400000000000000000000000
1020,102-10,1,7,199.84,166.03,1,0,4.5,0.08,858,692,689,0,70,10,10,10,L,L,L,L,716,3673284086968810000000000000000000000,23405313146293200000000000000000000000,19732029059324400000000000000000000000
1021,103-1,0,7,200.03,166.03,1,0,9.7,0.16,859,694,690,0,70,10,10,10,L,L,L,L,716,641147032472765000000000000000000000,24023615074719000000000000000000000000,23382468042246200000000000000000000000
1022,103-2,0,7,200.23,166.04,1,0,9.7,0.16,860,694,690,0,70,10,10,10,L,L,L,L,716,1308913115172550000000000000000000000,24691381157418800000000000000000000000,23382468042246200000000000000000000000
1023,103-3,0,7,200.42,166.04,1,0,9.7,0.16,860,694,690,0,70,10,10,10,L,L,L,L,716,2030100484488310000000000000000000000,25412568526734500000000000000000000000,23382468042246200000000000000000000000
1024,103-4,0,7,200.62,166.04,1,0,9.7,0.16,861,694,691,0,70,10,10,10,L,L,L,L,716,1439593633578970000000000000000000000,26191450885595500000000000000000000000,24751857252016600000000000000000000000
1025,103-5,0,7,200.81,166.05,1,0,9.7,0.16,862,695,691,0,70,10,10,10,L,L,L,L,716,844279625849699000000000000000000000,27032643833165500000000000000000000000,26188364207315800000000000000000000000
1026,103-6,0,7,201.01,166.05,1,0,9.7,0.16,863,695,691,0,70,10,10,10,L,L,L,L,716,1752768009225200000000000000000000000,27941132216541000000000000000000000000,26188364207315800000000000000000000000
1027,103-7,0,7,201.2,166.05,1,0,9.7,0.16,864,695,692,0,70,10,10,10,L,L,L,L,716,1200219548327930000000000000000000000,28922299670586500000000000000000000000,27722080122258600000000000000000000000
1028,103-8,0,7,201.4,166.06,1,0,9.7,0.16,865,695,692,0,70,10,10,10,L,L,L,L,716,2259880398697120000000000000000000000,29981960520955700000000000000000000000,27722080122258600000000000000000000000
1029,103-9,0,7,201.6,166.06,1,0,9.7,0.16,865,696,692,0,70,10,10,10,L,L,L,L,716,1795426327160750000000000000000000000,31126394239354400000000000000000000000,29330967912193700000000000000000000000
1030,103-10,1,7,201.7,166.06,1,0,4.5,0.08,866,696,693,0,70,10,10,10,L,L,L,L,716,6257606581777890000000000000000000000,37306336318707500000000000000000000000,31048729736929600000000000000000000000
1031,104-1,0,7,201.9,166.06,1,0,9.7,0.16,867,698,694,0,70,10,10,10,L,L,L,L,716,1848437658792040000000000000000000000,38641203807847700000000000000000000000,36792766149055700000000000000000000000
1032,104-2,0,7,202.1,166.07,1,0,9.7,0.16,868,698,694,0,70,10,10,10,L,L,L,L,716,3290094547063520000000000000000000000,40082860696119200000000000000000000000,36792766149055700000000000000000000000
1033,104-3,0,7,202.29,166.07,1,0,9.7,0.16,869,698,695,0,70,10,10,10,L,L,L,L,716,2692323553447960000000000000000000000,41639850135452400000000000000000000000,38947526582004500000000000000000000000
1034,104-4,0,7,202.49,166.07,1,0,9.7,0.16,870,699,695,0,70,10,10,10,L,L,L,L,716,2113500642989900000000000000000000000,43321398729932300000000000000000000000,41207898086942400000000000000000000000
1035,104-5,0,7,202.68,166.08,1,0,9.7,0.16,870,699,695,0,70,10,10,10,L,L,L,L,716,3929573125028160000000000000000000000,45137471211970600000000000000000000000,41207898086942400000000000000000000000
1036,104-6,0,7,202.88,166.08,1,0,9.7,0.16,871,699,696,0,70,10,10,10,L,L,L,L,716,3477599720726840000000000000000000000,47098829492571900000000000000000000000,43621229771845000000000000000000000000
1037,104-7,0,7,203.07,166.08,1,0,9.7,0.16,872,700,696,0,70,10,10,10,L,L,L,L,716,3064250578245800000000000000000000000,49217096435621300000000000000000000000,46152845857375500000000000000000000000
1038,104-8,0,7,203.27,166.09,1,0,9.7,0.16,873,700,697,0,70,10,10,10,L,L,L,L,716,2649047389648230000000000000000000000,51504824734114700000000000000000000000,48855777344466400000000000000000000000
1039,104-9,0,7,203.46,166.09,1,0,9.7,0.16,874,700,697,0,70,10,10,10,L,L,L,L,716,5119793952021070000000000000000000000,53975571296487500000000000000000000000,48855777344466400000000000000000000000
1040,104-10,1,7,203.57,166.09,1,0,4.5,0.08,874,701,697,0,70,10,10,10,L,L,L,L,716,15626415373040300000000000000000000000,67317602733300900000000000000000000000,51691187360260600000000000000000000000
1041,105-1,0,7,203.77,166.1,1,0,9.7,0.16,875,703,699,0,70,10,10,10,L,L,L,L,726,5358056098941680000000000000000000000,70199481523652500000000000000000000000,64841425424710900000000000000000000000
1042,105-2,0,7,203.96,166.1,1,0,9.7,0.16,876,703,700,0,70,10,10,10,L,L,L,L,726,4673061064225790000000000000000000000,73311910617232400000000000000000000000,68638849553006600000000000000000000000
1043,105-3,0,7,204.16,166.1,1,0,9.7,0.16,877,704,700,0,70,10,10,10,L,L,L,L,726,4050937562622390000000000000000000000,76673334038298600000000000000000000000,72622396475676200000000000000000000000
1044,105-4,0,7,204.36,166.11,1,0,9.7,0.16,878,704,700,0,70,10,10,10,L,L,L,L,726,7681274857373890000000000000000000000,80303671333050100000000000000000000000,72622396475676200000000000000000000000
1045,105-5,0,7,204.55,166.11,1,0,9.7,0.16,879,704,701,0,70,10,10,10,L,L,L,L,726,7348924112014320000000000000000000000,84224435611381700000000000000000000000,76875511499367400000000000000000000000
1046,105-6,0,7,204.75,166.11,1,0,9.7,0.16,880,705,701,0,70,10,10,10,L,L,L,L,726,7121776979222510000000000000000000000,88458861031979800000000000000000000000,81337084052757300000000000000000000000
1047,105-7,0,7,204.94,166.12,1,0,9.7,0.16,880,705,702,0,70,10,10,10,L,L,L,L,726,6931467606934390000000000000000000000,93032040486225800000000000000000000000,86100572879291500000000000000000000000
1048,105-8,0,7,205.14,166.12,1,0,9.7,0.16,881,706,702,0,70,10,10,10,L,L,L,L,726,6873540157723310000000000000000000000,97971074296811500000000000000000000000,91097534139088200000000000000000000000
1049,105-9,0,7,205.33,166.12,1,0,9.7,0.16,882,706,703,0,70,10,10,10,L,L,L,L,726,6872589187437620000000000000000000000,103305230812244000000000000000000000000,96432641624806400000000000000000000000
1050,105-10,1,7,205.44,166.12,1,0,4.5,0.08,883,707,703,0,70,10,10,10,L,L,L,L,726,30080437759801000000000000000000000000,132109675995580000000000000000000000000,102029238235779000000000000000000000000
1051,106-1,0,7,205.64,166.13,1,0,9.7,0.16,884,709,705,0,70,10,10,10,L,L,L,L,726,10345959712219300000000000000000000000,138331436155180000000000000000000000000,127985476442961000000000000000000000000
1052,106-2,0,7,205.83,166.13,1,0,9.7,0.16,884,709,706,0,70,10,10,10,L,L,L,L,726,9570018794892740000000000000000000000,145050937127549000000000000000000000000,135480918332656000000000000000000000000
1053,106-3,0,7,206.03,166.13,1,0,9.7,0.16,885,710,706,0,70,10,10,10,L,L,L,L,726,8964264561590590000000000000000000000,152307998177707000000000000000000000000,143343733616116000000000000000000000000
1054,106-4,0,7,206.22,166.14,1,0,9.7,0.16,886,710,707,0,70,10,10,10,L,L,L,L,726,8406995579302720000000000000000000000,160145624111878000000000000000000000000,151738628532575000000000000000000000000
1055,106-5,0,7,206.42,166.14,1,0,9.7,0.16,887,710,707,0,70,10,10,10,L,L,L,L,726,16871631588207100000000000000000000000,168610260120782000000000000000000000000,151738628532575000000000000000000000000
1056,106-6,0,7,206.62,166.14,1,0,9.7,0.16,888,711,707,0,70,10,10,10,L,L,L,L,726,17207085360348300000000000000000000000,177752067010399000000000000000000000000,160544981650050000000000000000000000000
1057,106-7,0,7,206.81,166.15,1,0,9.7,0.16,889,711,708,0,70,10,10,10,L,L,L,L,726,17677954494700800000000000000000000000,187625218451185000000000000000000000000,169947263956484000000000000000000000000
1058,106-8,0,7,207.01,166.15,1,0,9.7,0.16,890,712,708,0,70,10,10,10,L,L,L,L,726,18477842559177200000000000000000000000,198288222007234000000000000000000000000,179810379448056000000000000000000000000
1059,106-9,0,7,207.2,166.15,1,0,9.7,0.16,891,712,709,0,70,10,10,10,L,L,L,L,726,19463330216504400000000000000000000000,209804265847766000000000000000000000000,190340935631262000000000000000000000000
1060,106-10,1,7,207.31,166.16,1,0,4.5,0.08,891,713,709,0,70,10,10,10,L,L,L,L,726,70603277604820500000000000000000000000,271990902586644000000000000000000000000,201387624981823000000000000000000000000
1061,107-1,0,7,207.51,166.16,1,0,9.7,0.16,892,715,712,0,70,10,10,10,L,L,L,L,726,18007906107683400000000000000000000000,285423216122241000000000000000000000000,267415310014558000000000000000000000000
1062,107-2,0,7,207.7,166.16,1,0,9.7,0.16,893,716,712,0,70,10,10,10,L,L,L,L,726,16995001550223500000000000000000000000,299930114740686000000000000000000000000,282935113190463000000000000000000000000
1063,107-3,0,7,207.9,166.16,1,0,9.7,0.16,894,716,713,0,70,10,10,10,L,L,L,L,726,16092418032302700000000000000000000000,315597565248607000000000000000000000000,299505147216305000000000000000000000000
1064,107-4,0,7,208.09,166.17,1,0,9.7,0.16,895,716,713,0,70,10,10,10,L,L,L,L,726,33013264580857200000000000000000000000,332518411797162000000000000000000000000,299505147216305000000000000000000000000
1065,107-5,0,7,208.29,166.17,1,0,9.7,0.16,896,717,713,0,70,10,10,10,L,L,L,L,726,33905599296282400000000000000000000000,350792926069601000000000000000000000000,316887326773318000000000000000000000000
1066,107-6,0,7,208.48,166.17,1,0,9.7,0.16,896,717,714,0,70,10,10,10,L,L,L,L,726,35083636601573700000000000000000000000,370529401483835000000000000000000000000,335445764882261000000000000000000000000
1067,107-7,0,7,208.68,166.18,1,0,9.7,0.16,897,718,714,0,70,10,10,10,L,L,L,L,726,36930988945091000000000000000000000000,391844794931208000000000000000000000000,354913805986117000000000000000000000000
1068,107-8,0,7,208.88,166.18,1,0,9.7,0.16,898,718,715,0,70,10,10,10,L,L,L,L,726,39166163186237700000000000000000000000,414865419854370000000000000000000000000,375699256668132000000000000000000000000
1069,107-9,0,7,209.07,166.18,1,0,9.7,0.16,899,719,715,0,70,10,10,10,L,L,L,L,726,42224232066935200000000000000000000000,439727694771386000000000000000000000000,397503462704451000000000000000000000000
1070,107-10,1,7,209.18,166.19,1,0,4.5,0.08,900,719,716,0,70,10,10,10,L,L,L,L,726,153200811854962000000000000000000000000,573983979323270000000000000000000000000,420783167468308000000000000000000000000
1071,108-1,0,7,209.38,166.19,1,0,9.7,0.16,900,722,718,0,70,10,10,10,L,L,L,L,736,44519591936038600000000000000000000000,602983336786477000000000000000000000000,558463744850439000000000000000000000000
1072,108-2,0,7,209.57,166.19,1,0,9.7,0.16,901,722,719,0,70,10,10,10,L,L,L,L,736,43132588941825000000000000000000000000,634302642846741000000000000000000000000,591170053904916000000000000000000000000
1073,108-3,0,7,209.77,166.2,1,0,9.7,0.16,902,723,719,0,70,10,10,10,L,L,L,L,736,42648099159334200000000000000000000000,668127493391825000000000000000000000000,625479394232491000000000000000000000000
1074,108-4,0,7,209.96,166.2,1,0,9.7,0.16,903,723,720,0,70,10,10,10,L,L,L,L,736,42547871607011200000000000000000000000,704658331980517000000000000000000000000,662110460373506000000000000000000000000
